order_id,order_date,status,channel,customer_id,first_name,last_name,email,city,country,signup_date,order_item_id,product_id,product_name,category,cost_price,list_price,quantity,unit_price,discount_amount
1001,2025-01-08,processing,web,197,Catalina,Castro,catalina.castro197@example.com,Sao Paulo,Brazil,2024-09-28,5001,216,Compact Bookcase 4-Tier,Furniture,40.0,89.5,1,89.5,20.0
1002,2025-02-23,completed,web,178,Esteban,Silva,esteban.silva178@example.com,Monterrey,Mexico,2025-01-23,5002,228,Lightweight Travel Duffel Bag,Apparel,22.0,52.0,1,52.0,0.0
1003,2024-04-26,completed,mobile_app,230,Tomas,Blanco,tomas.blanco230@example.com,Medellin,Colombia,2024-01-29,5003,207,USB-C Multiport Adapter Hub,Electronics,18.0,42.0,1,42.0,20.0
1003,2024-04-26,completed,mobile_app,230,Tomas,Blanco,tomas.blanco230@example.com,Medellin,Colombia,2024-01-29,5004,228,Lightweight Travel Duffel Bag,Apparel,22.0,52.0,1,52.0,0.0
1003,2024-04-26,completed,mobile_app,230,Tomas,Blanco,tomas.blanco230@example.com,Medellin,Colombia,2024-01-29,5005,224,Performance Athletic T-Shirt,Apparel,10.0,28.0,1,28.0,0.0
1004,2025-04-13,returned,web,288,Gabriel,Castro,gabriel.castro288@example.com,Lima,Peru,2024-11-30,5006,235,UV Sanitizer Travel Case,Accessories,15.0,35.0,1,35.0,20.0
1004,2025-04-13,returned,web,288,Gabriel,Castro,gabriel.castro288@example.com,Lima,Peru,2024-11-30,5007,231,Minimalist Leather Wallet,Accessories,14.0,34.5,1,34.5,0.0
1005,2025-01-19,completed,web,183,Victoria,Blanco,victoria.blanco183@example.com,Barcelona,Spain,2024-11-17,5008,216,Compact Bookcase 4-Tier,Furniture,40.0,89.5,1,89.5,5.0
1005,2025-01-19,completed,web,183,Victoria,Blanco,victoria.blanco183@example.com,Barcelona,Spain,2024-11-17,5009,230,Polarized Sport Sunglasses,Accessories,15.0,39.99,2,39.99,0.0
1005,2025-01-19,completed,web,183,Victoria,Blanco,victoria.blanco183@example.com,Barcelona,Spain,2024-11-17,5010,225,Windbreaker Light Jacket,Apparel,28.0,65.0,1,65.0,0.0
1006,2025-03-26,completed,mobile_app,167,Camila,Torres,camila.torres167@example.com,Valparaiso,Chile,2024-12-28,5011,218,Memory Foam Lumbar Pillow,Furniture,14.0,32.0,1,32.0,0.0
1006,2025-03-26,completed,mobile_app,167,Camila,Torres,camila.torres167@example.com,Valparaiso,Chile,2024-12-28,5012,201,Wireless Noise-Canceling Headphones,Electronics,65.0,129.99,1,129.99,15.0
1007,2024-12-07,completed,in_store,205,Sebastian,Mendoza,sebastian.mendoza205@example.com,San Jose,Costa Rica,2024-08-03,5013,231,Minimalist Leather Wallet,Accessories,14.0,34.5,1,34.5,5.0
1008,2024-02-17,completed,web,215,Alejandro,Romero,alejandro.romero215@example.com,Guadalajara,Mexico,2024-02-12,5014,216,Compact Bookcase 4-Tier,Furniture,40.0,89.5,1,89.5,10.0
1009,2025-08-14,completed,mobile_app,195,Clara,Gonzalez,clara.gonzalez195@example.com,Madrid,Spain,2025-04-14,5015,222,Water-Resistant Backpack,Apparel,24.0,59.99,1,59.99,5.0
1010,2024-07-09,completed,web,170,Joaquin,Flores,joaquin.flores170@example.com,Medellin,Colombia,2024-04-21,5016,213,Ergonomic Office Chair,Furniture,110.0,219.0,1,219.0,15.0
1011,2025-11-17,completed,web,238,Elena,Gonzalez,elena.gonzalez238@example.com,Medellin,Colombia,2025-09-30,5017,218,Memory Foam Lumbar Pillow,Furniture,14.0,32.0,1,32.0,0.0
1011,2025-11-17,completed,web,238,Elena,Gonzalez,elena.gonzalez238@example.com,Medellin,Colombia,2025-09-30,5018,234,Silicone Keyring Organizer,Accessories,4.0,12.0,2,12.0,0.0
1012,2025-04-20,completed,web,176,Clara,Herrera,clara.herrera176@example.com,Monterrey,Mexico,2025-02-20,5019,235,UV Sanitizer Travel Case,Accessories,15.0,35.0,1,35.0,0.0
1013,2024-08-10,completed,in_store,114,Catalina,Torres,catalina.torres114@example.com,Santiago,Chile,2024-03-21,5020,232,Laptop Sleeve Protective Case,Accessories,12.0,27.99,1,27.99,0.0
1013,2024-08-10,completed,in_store,114,Catalina,Torres,catalina.torres114@example.com,Santiago,Chile,2024-03-21,5021,207,USB-C Multiport Adapter Hub,Electronics,18.0,42.0,1,42.0,5.0
1013,2024-08-10,completed,in_store,114,Catalina,Torres,catalina.torres114@example.com,Santiago,Chile,2024-03-21,5022,201,Wireless Noise-Canceling Headphones,Electronics,65.0,129.99,1,129.99,0.0
1014,2025-08-30,completed,web,165,Victoria,Bravo,victoria.bravo165@example.com,Montevideo,Uruguay,2025-04-29,5023,205,Fast Wireless Charging Pad,Electronics,12.0,29.99,1,29.99,0.0
1015,2025-02-07,completed,web,276,Felipe,Rodriguez,felipe.rodriguez276@example.com,Montevideo,Uruguay,2025-01-24,5024,220,Footrest with Massage Texture,Furniture,16.0,36.0,1,36.0,20.0
1015,2025-02-07,completed,web,276,Felipe,Rodriguez,felipe.rodriguez276@example.com,Montevideo,Uruguay,2025-01-24,5025,206,Bluetooth Portable Speaker,Electronics,25.0,59.99,1,59.99,10.0
1015,2025-02-07,completed,web,276,Felipe,Rodriguez,felipe.rodriguez276@example.com,Montevideo,Uruguay,2025-01-24,5026,216,Compact Bookcase 4-Tier,Furniture,40.0,89.5,2,89.5,0.0
1016,2024-06-09,completed,mobile_app,299,Lucia,Torres,lucia.torres299@example.com,Montevideo,Uruguay,2024-01-27,5027,220,Footrest with Massage Texture,Furniture,16.0,36.0,1,36.0,15.0
1016,2024-06-09,completed,mobile_app,299,Lucia,Torres,lucia.torres299@example.com,Montevideo,Uruguay,2024-01-27,5028,228,Lightweight Travel Duffel Bag,Apparel,22.0,52.0,1,52.0,20.0
1016,2024-06-09,completed,mobile_app,299,Lucia,Torres,lucia.torres299@example.com,Montevideo,Uruguay,2024-01-27,5029,204,Ultra HD 27-inch Monitor,Electronics,160.0,289.0,1,289.0,0.0
1017,2024-03-17,completed,web,168,Elena,Romero,elena.romero168@example.com,Lima,Peru,2024-02-25,5030,205,Fast Wireless Charging Pad,Electronics,12.0,29.99,1,29.99,0.0
1018,2024-11-27,cancelled,mobile_app,205,Sebastian,Mendoza,sebastian.mendoza205@example.com,San Jose,Costa Rica,2024-08-03,5031,203,Mechanical RGB Keyboard,Electronics,40.0,79.5,1,79.5,0.0
1018,2024-11-27,cancelled,mobile_app,205,Sebastian,Mendoza,sebastian.mendoza205@example.com,San Jose,Costa Rica,2024-08-03,5032,215,Monitor Riser with Drawer,Furniture,22.0,49.99,1,49.99,5.0
1019,2024-08-14,completed,mobile_app,119,Sebastian,Ortega,sebastian.ortega119@example.com,Cali,Colombia,2024-06-15,5033,213,Ergonomic Office Chair,Furniture,110.0,219.0,1,219.0,0.0
1019,2024-08-14,completed,mobile_app,119,Sebastian,Ortega,sebastian.ortega119@example.com,Cali,Colombia,2024-06-15,5034,228,Lightweight Travel Duffel Bag,Apparel,22.0,52.0,1,52.0,0.0
1020,2025-09-21,completed,web,137,Mateo,Navarro,mateo.navarro137@example.com,Santiago,Chile,2025-09-02,5035,219,Under-Desk Cable Tray,Furniture,10.0,24.5,1,24.5,0.0
1020,2025-09-21,completed,web,137,Mateo,Navarro,mateo.navarro137@example.com,Santiago,Chile,2025-09-02,5036,229,Stainless Steel Water Bottle,Accessories,6.5,19.99,1,19.99,0.0
1021,2024-11-24,completed,mobile_app,280,Esteban,Herrera,esteban.herrera280@example.com,Arequipa,Peru,2024-08-12,5037,229,Stainless Steel Water Bottle,Accessories,6.5,19.99,1,19.99,0.0
1021,2024-11-24,completed,mobile_app,280,Esteban,Herrera,esteban.herrera280@example.com,Arequipa,Peru,2024-08-12,5038,206,Bluetooth Portable Speaker,Electronics,25.0,59.99,2,59.99,15.0
1022,2025-01-21,completed,web,183,Victoria,Blanco,victoria.blanco183@example.com,Barcelona,Spain,2024-11-17,5039,202,Smart Fitness Watch v2,Electronics,45.0,89.99,3,89.99,15.0
1023,2024-07-29,completed,in_store,169,Emilia,Contreras,emilia.contreras169@example.com,Mexico City,Mexico,2024-03-03,5040,231,Minimalist Leather Wallet,Accessories,14.0,34.5,1,34.5,0.0
1023,2024-07-29,completed,in_store,169,Emilia,Contreras,emilia.contreras169@example.com,Mexico City,Mexico,2024-03-03,5041,234,Silicone Keyring Organizer,Accessories,4.0,12.0,1,12.0,0.0
1024,2026-03-02,returned,mobile_app,250,Mateo,Mendoza,mateo.mendoza250@example.com,Sao Paulo,Brazil,2025-11-10,5042,231,Minimalist Leather Wallet,Accessories,14.0,34.5,1,34.5,0.0
1024,2026-03-02,returned,mobile_app,250,Mateo,Mendoza,mateo.mendoza250@example.com,Sao Paulo,Brazil,2025-11-10,5043,223,Breathable Running Shoes,Apparel,35.0,85.0,2,85.0,0.0
1024,2026-03-02,returned,mobile_app,250,Mateo,Mendoza,mateo.mendoza250@example.com,Sao Paulo,Brazil,2025-11-10,5044,227,Compression Sport Socks 3-Pack,Apparel,5.0,15.0,1,15.0,0.0
1024,2026-03-02,returned,mobile_app,250,Mateo,Mendoza,mateo.mendoza250@example.com,Sao Paulo,Brazil,2025-11-10,5045,222,Water-Resistant Backpack,Apparel,24.0,59.99,1,59.99,15.0
1025,2024-09-16,completed,mobile_app,203,Camila,Vargas,camila.vargas203@example.com,Rosario,Argentina,2024-04-28,5046,217,Desk Lamp with Wireless Charger,Furniture,20.0,45.0,1,45.0,20.0
1026,2024-10-18,completed,mobile_app,204,Esteban,Torres,esteban.torres204@example.com,Rio de Janeiro,Brazil,2024-06-08,5047,230,Polarized Sport Sunglasses,Accessories,15.0,39.99,1,39.99,0.0
1026,2024-10-18,completed,mobile_app,204,Esteban,Torres,esteban.torres204@example.com,Rio de Janeiro,Brazil,2024-06-08,5048,227,Compression Sport Socks 3-Pack,Apparel,5.0,15.0,1,15.0,0.0
1026,2024-10-18,completed,mobile_app,204,Esteban,Torres,esteban.torres204@example.com,Rio de Janeiro,Brazil,2024-06-08,5049,204,Ultra HD 27-inch Monitor,Electronics,160.0,289.0,1,289.0,5.0
1027,2025-11-30,completed,web,295,Isabella,Vargas,isabella.vargas295@example.com,Arequipa,Peru,2025-11-16,5050,219,Under-Desk Cable Tray,Furniture,10.0,24.5,2,24.5,0.0
1027,2025-11-30,completed,web,295,Isabella,Vargas,isabella.vargas295@example.com,Arequipa,Peru,2025-11-16,5051,229,Stainless Steel Water Bottle,Accessories,6.5,19.99,1,19.99,0.0
1028,2024-12-12,processing,web,108,Isabella,Ortega,isabella.ortega108@example.com,Montevideo,Uruguay,2024-10-11,5052,201,Wireless Noise-Canceling Headphones,Electronics,65.0,129.99,1,129.99,0.0
1029,2025-01-11,completed,web,158,Isabella,Herrera,isabella.herrera158@example.com,Valencia,Spain,2024-12-12,5053,210,Ergonomic Vertical Mouse,Electronics,20.0,49.99,2,49.99,0.0
1029,2025-01-11,completed,web,158,Isabella,Herrera,isabella.herrera158@example.com,Valencia,Spain,2024-12-12,5054,232,Laptop Sleeve Protective Case,Accessories,12.0,27.99,1,27.99,0.0
1030,2024-08-06,completed,mobile_app,170,Joaquin,Flores,joaquin.flores170@example.com,Medellin,Colombia,2024-04-21,5055,210,Ergonomic Vertical Mouse,Electronics,20.0,49.99,1,49.99,10.0
1031,2025-09-21,completed,web,231,Camila,Rojas,camila.rojas231@example.com,Monterrey,Mexico,2025-08-17,5056,227,Compression Sport Socks 3-Pack,Apparel,5.0,15.0,2,15.0,0.0
1031,2025-09-21,completed,web,231,Camila,Rojas,camila.rojas231@example.com,Monterrey,Mexico,2025-08-17,5057,222,Water-Resistant Backpack,Apparel,24.0,59.99,1,59.99,20.0
1032,2024-12-20,processing,web,101,Julian,Torres,julian.torres101@example.com,Madrid,Spain,2024-10-08,5058,232,Laptop Sleeve Protective Case,Accessories,12.0,27.99,1,27.99,0.0
1032,2024-12-20,processing,web,101,Julian,Torres,julian.torres101@example.com,Madrid,Spain,2024-10-08,5059,210,Ergonomic Vertical Mouse,Electronics,20.0,49.99,1,49.99,10.0
1032,2024-12-20,processing,web,101,Julian,Torres,julian.torres101@example.com,Madrid,Spain,2024-10-08,5060,229,Stainless Steel Water Bottle,Accessories,6.5,19.99,2,19.99,0.0
1033,2025-01-23,completed,web,197,Catalina,Castro,catalina.castro197@example.com,Sao Paulo,Brazil,2024-09-28,5061,216,Compact Bookcase 4-Tier,Furniture,40.0,89.5,1,89.5,15.0
1033,2025-01-23,completed,web,197,Catalina,Castro,catalina.castro197@example.com,Sao Paulo,Brazil,2024-09-28,5062,225,Windbreaker Light Jacket,Apparel,28.0,65.0,1,65.0,20.0
1033,2025-01-23,completed,web,197,Catalina,Castro,catalina.castro197@example.com,Sao Paulo,Brazil,2024-09-28,5063,215,Monitor Riser with Drawer,Furniture,22.0,49.99,1,49.99,15.0
1033,2025-01-23,completed,web,197,Catalina,Castro,catalina.castro197@example.com,Sao Paulo,Brazil,2024-09-28,5064,227,Compression Sport Socks 3-Pack,Apparel,5.0,15.0,2,15.0,0.0
1034,2025-07-26,completed,web,267,Andres,Herrera,andres.herrera267@example.com,Rosario,Argentina,2025-06-17,5065,222,Water-Resistant Backpack,Apparel,24.0,59.99,2,59.99,20.0
1035,2025-08-07,completed,mobile_app,213,Esteban,Espinoza,esteban.espinoza213@example.com,Guadalajara,Mexico,2025-07-12,5066,210,Ergonomic Vertical Mouse,Electronics,20.0,49.99,1,49.99,15.0
1036,2025-11-07,completed,web,140,Esteban,Blanco,esteban.blanco140@example.com,Rosario,Argentina,2025-10-18,5067,226,Thermal Winter Beanie,Apparel,6.0,18.0,1,18.0,0.0
1037,2024-07-14,completed,web,185,Martin,Alvarez,martin.alvarez185@example.com,Monterrey,Mexico,2024-02-28,5068,232,Laptop Sleeve Protective Case,Accessories,12.0,27.99,1,27.99,0.0
1037,2024-07-14,completed,web,185,Martin,Alvarez,martin.alvarez185@example.com,Monterrey,Mexico,2024-02-28,5069,235,UV Sanitizer Travel Case,Accessories,15.0,35.0,1,35.0,15.0
1038,2025-04-08,completed,in_store,276,Felipe,Rodriguez,felipe.rodriguez276@example.com,Montevideo,Uruguay,2025-01-24,5070,207,USB-C Multiport Adapter Hub,Electronics,18.0,42.0,2,42.0,15.0
1039,2025-06-08,completed,in_store,126,Tomas,Silva,tomas.silva126@example.com,Medellin,Colombia,2025-02-14,5071,202,Smart Fitness Watch v2,Electronics,45.0,89.99,1,89.99,20.0
1040,2025-03-22,completed,web,115,Catalina,Mendoza,catalina.mendoza115@example.com,San Jose,Costa Rica,2025-01-05,5072,216,Compact Bookcase 4-Tier,Furniture,40.0,89.5,1,89.5,10.0
1041,2025-10-07,completed,web,275,Diego,Romero,diego.romero275@example.com,Santiago,Chile,2025-08-21,5073,225,Windbreaker Light Jacket,Apparel,28.0,65.0,1,65.0,0.0
1042,2025-05-24,completed,web,228,Sebastian,Gonzalez,sebastian.gonzalez228@example.com,Rosario,Argentina,2024-12-25,5074,217,Desk Lamp with Wireless Charger,Furniture,20.0,45.0,1,45.0,0.0
1042,2025-05-24,completed,web,228,Sebastian,Gonzalez,sebastian.gonzalez228@example.com,Rosario,Argentina,2024-12-25,5075,230,Polarized Sport Sunglasses,Accessories,15.0,39.99,2,39.99,5.0
1043,2024-07-10,completed,web,174,Daniel,Blanco,daniel.blanco174@example.com,Mexico City,Mexico,2024-02-21,5076,223,Breathable Running Shoes,Apparel,35.0,85.0,3,85.0,0.0
1044,2025-09-17,cancelled,web,264,Andres,Ortega,andres.ortega264@example.com,San Jose,Costa Rica,2025-05-31,5077,220,Footrest with Massage Texture,Furniture,16.0,36.0,3,36.0,20.0
1044,2025-09-17,cancelled,web,264,Andres,Ortega,andres.ortega264@example.com,San Jose,Costa Rica,2025-05-31,5078,213,Ergonomic Office Chair,Furniture,110.0,219.0,1,219.0,0.0
1045,2025-02-01,completed,mobile_app,198,Alejandro,Perez,alejandro.perez198@example.com,Valencia,Spain,2024-09-07,5079,219,Under-Desk Cable Tray,Furniture,10.0,24.5,1,24.5,0.0
1046,2024-12-08,completed,web,269,Daniel,Gonzalez,daniel.gonzalez269@example.com,Bogota,Colombia,2024-08-28,5080,204,Ultra HD 27-inch Monitor,Electronics,160.0,289.0,2,289.0,0.0
1046,2024-12-08,completed,web,269,Daniel,Gonzalez,daniel.gonzalez269@example.com,Bogota,Colombia,2024-08-28,5081,232,Laptop Sleeve Protective Case,Accessories,12.0,27.99,2,27.99,0.0
1047,2024-11-22,completed,mobile_app,159,Sofia,Bravo,sofia.bravo159@example.com,Rio de Janeiro,Brazil,2024-08-23,5082,217,Desk Lamp with Wireless Charger,Furniture,20.0,45.0,1,45.0,15.0
1048,2024-07-26,returned,web,297,Felipe,Rojas,felipe.rojas297@example.com,Cali,Colombia,2024-06-20,5083,203,Mechanical RGB Keyboard,Electronics,40.0,79.5,1,79.5,0.0
1048,2024-07-26,returned,web,297,Felipe,Rojas,felipe.rojas297@example.com,Cali,Colombia,2024-06-20,5084,220,Footrest with Massage Texture,Furniture,16.0,36.0,1,36.0,0.0
1048,2024-07-26,returned,web,297,Felipe,Rojas,felipe.rojas297@example.com,Cali,Colombia,2024-06-20,5085,229,Stainless Steel Water Bottle,Accessories,6.5,19.99,2,19.99,0.0
1049,2025-08-18,completed,web,184,Lucas,Silva,lucas.silva184@example.com,Montevideo,Uruguay,2025-05-03,5086,235,UV Sanitizer Travel Case,Accessories,15.0,35.0,2,35.0,0.0
1050,2024-05-10,completed,web,236,Lucas,Espinoza,lucas.espinoza236@example.com,Valparaiso,Chile,2024-01-02,5087,231,Minimalist Leather Wallet,Accessories,14.0,34.5,3,34.5,0.0
1051,2026-01-24,completed,mobile_app,292,Isabella,Contreras,isabella.contreras292@example.com,Valencia,Spain,2025-10-29,5088,210,Ergonomic Vertical Mouse,Electronics,20.0,49.99,1,49.99,5.0
1051,2026-01-24,completed,mobile_app,292,Isabella,Contreras,isabella.contreras292@example.com,Valencia,Spain,2025-10-29,5089,215,Monitor Riser with Drawer,Furniture,22.0,49.99,1,49.99,10.0
1051,2026-01-24,completed,mobile_app,292,Isabella,Contreras,isabella.contreras292@example.com,Valencia,Spain,2025-10-29,5090,226,Thermal Winter Beanie,Apparel,6.0,18.0,1,18.0,0.0
1051,2026-01-24,completed,mobile_app,292,Isabella,Contreras,isabella.contreras292@example.com,Valencia,Spain,2025-10-29,5091,224,Performance Athletic T-Shirt,Apparel,10.0,28.0,1,28.0,0.0
1052,2026-01-05,completed,web,292,Isabella,Contreras,isabella.contreras292@example.com,Valencia,Spain,2025-10-29,5092,224,Performance Athletic T-Shirt,Apparel,10.0,28.0,1,28.0,0.0
1052,2026-01-05,completed,web,292,Isabella,Contreras,isabella.contreras292@example.com,Valencia,Spain,2025-10-29,5093,207,USB-C Multiport Adapter Hub,Electronics,18.0,42.0,1,42.0,10.0
1052,2026-01-05,completed,web,292,Isabella,Contreras,isabella.contreras292@example.com,Valencia,Spain,2025-10-29,5094,215,Monitor Riser with Drawer,Furniture,22.0,49.99,1,49.99,10.0
1053,2024-05-20,returned,mobile_app,157,Esteban,Alvarez,esteban.alvarez157@example.com,Lima,Peru,2024-05-03,5095,220,Footrest with Massage Texture,Furniture,16.0,36.0,1,36.0,0.0
1053,2024-05-20,returned,mobile_app,157,Esteban,Alvarez,esteban.alvarez157@example.com,Lima,Peru,2024-05-03,5096,227,Compression Sport Socks 3-Pack,Apparel,5.0,15.0,1,15.0,0.0
1053,2024-05-20,returned,mobile_app,157,Esteban,Alvarez,esteban.alvarez157@example.com,Lima,Peru,2024-05-03,5097,208,High-Speed External SSD 1TB,Electronics,55.0,119.99,1,119.99,0.0
1054,2025-01-07,completed,web,161,Felipe,Contreras,felipe.contreras161@example.com,Barcelona,Spain,2024-08-22,5098,235,UV Sanitizer Travel Case,Accessories,15.0,35.0,1,35.0,15.0
1054,2025-01-07,completed,web,161,Felipe,Contreras,felipe.contreras161@example.com,Barcelona,Spain,2024-08-22,5099,227,Compression Sport Socks 3-Pack,Apparel,5.0,15.0,1,15.0,0.0
1055,2025-06-10,completed,mobile_app,207,Agustina,Rojas,agustina.rojas207@example.com,Sao Paulo,Brazil,2025-05-15,5100,218,Memory Foam Lumbar Pillow,Furniture,14.0,32.0,1,32.0,0.0
1056,2025-07-16,completed,web,156,Joaquin,Delgado,joaquin.delgado156@example.com,Cali,Colombia,2025-03-24,5101,207,USB-C Multiport Adapter Hub,Electronics,18.0,42.0,2,42.0,15.0
1056,2025-07-16,completed,web,156,Joaquin,Delgado,joaquin.delgado156@example.com,Cali,Colombia,2025-03-24,5102,224,Performance Athletic T-Shirt,Apparel,10.0,28.0,1,28.0,0.0
1056,2025-07-16,completed,web,156,Joaquin,Delgado,joaquin.delgado156@example.com,Cali,Colombia,2025-03-24,5103,235,UV Sanitizer Travel Case,Accessories,15.0,35.0,1,35.0,0.0
1057,2025-07-09,completed,mobile_app,132,Sebastian,Flores,sebastian.flores132@example.com,Montevideo,Uruguay,2025-03-14,5104,202,Smart Fitness Watch v2,Electronics,45.0,89.99,1,89.99,0.0
1058,2025-12-19,completed,web,163,Martin,Herrera,martin.herrera163@example.com,Rosario,Argentina,2025-11-16,5105,214,Adjustable Standing Desk,Furniture,180.0,349.99,1,349.99,20.0
1059,2024-06-06,shipped,web,160,Nicolas,Herrera,nicolas.herrera160@example.com,Madrid,Spain,2024-03-13,5106,201,Wireless Noise-Canceling Headphones,Electronics,65.0,129.99,2,129.99,0.0
1059,2024-06-06,shipped,web,160,Nicolas,Herrera,nicolas.herrera160@example.com,Madrid,Spain,2024-03-13,5107,218,Memory Foam Lumbar Pillow,Furniture,14.0,32.0,3,32.0,10.0
1060,2025-06-13,completed,mobile_app,165,Victoria,Bravo,victoria.bravo165@example.com,Montevideo,Uruguay,2025-04-29,5108,209,True Wireless Earbuds Pro,Electronics,38.0,84.99,2,84.99,0.0
1060,2025-06-13,completed,mobile_app,165,Victoria,Bravo,victoria.bravo165@example.com,Montevideo,Uruguay,2025-04-29,5109,201,Wireless Noise-Canceling Headphones,Electronics,65.0,129.99,1,129.99,0.0
1060,2025-06-13,completed,mobile_app,165,Victoria,Bravo,victoria.bravo165@example.com,Montevideo,Uruguay,2025-04-29,5110,223,Breathable Running Shoes,Apparel,35.0,85.0,1,85.0,0.0
1061,2025-04-23,completed,web,133,Esteban,Bravo,esteban.bravo133@example.com,Santiago,Chile,2025-01-05,5111,231,Minimalist Leather Wallet,Accessories,14.0,34.5,2,34.5,10.0
1061,2025-04-23,completed,web,133,Esteban,Bravo,esteban.bravo133@example.com,Santiago,Chile,2025-01-05,5112,229,Stainless Steel Water Bottle,Accessories,6.5,19.99,1,19.99,0.0
1062,2025-05-10,completed,mobile_app,216,Lucia,Perez,lucia.perez216@example.com,Barcelona,Spain,2025-01-01,5113,234,Silicone Keyring Organizer,Accessories,4.0,12.0,1,12.0,0.0
1063,2024-06-19,completed,mobile_app,265,Elena,Blanco,elena.blanco265@example.com,Lima,Peru,2024-06-11,5114,228,Lightweight Travel Duffel Bag,Apparel,22.0,52.0,1,52.0,5.0
1063,2024-06-19,completed,mobile_app,265,Elena,Blanco,elena.blanco265@example.com,Lima,Peru,2024-06-11,5115,207,USB-C Multiport Adapter Hub,Electronics,18.0,42.0,1,42.0,0.0
1063,2024-06-19,completed,mobile_app,265,Elena,Blanco,elena.blanco265@example.com,Lima,Peru,2024-06-11,5116,232,Laptop Sleeve Protective Case,Accessories,12.0,27.99,1,27.99,0.0
1064,2025-08-06,completed,web,138,Daniel,Alvarez,daniel.alvarez138@example.com,Rosario,Argentina,2025-07-20,5117,221,Organic Cotton Hoodie,Apparel,18.0,45.0,3,45.0,10.0
1064,2025-08-06,completed,web,138,Daniel,Alvarez,daniel.alvarez138@example.com,Rosario,Argentina,2025-07-20,5118,225,Windbreaker Light Jacket,Apparel,28.0,65.0,1,65.0,10.0
1065,2025-06-19,completed,in_store,255,Agustina,Gonzalez,agustina.gonzalez255@example.com,Lima,Peru,2025-02-28,5119,214,Adjustable Standing Desk,Furniture,180.0,349.99,1,349.99,0.0
1066,2026-01-06,completed,mobile_app,206,Felipe,Fernandez,felipe.fernandez206@example.com,Buenos Aires,Argentina,2025-10-11,5120,207,USB-C Multiport Adapter Hub,Electronics,18.0,42.0,1,42.0,0.0
1067,2024-10-29,completed,web,271,Mateo,Vargas,mateo.vargas271@example.com,Guadalajara,Mexico,2024-08-24,5121,231,Minimalist Leather Wallet,Accessories,14.0,34.5,1,34.5,0.0
1067,2024-10-29,completed,web,271,Mateo,Vargas,mateo.vargas271@example.com,Guadalajara,Mexico,2024-08-24,5122,205,Fast Wireless Charging Pad,Electronics,12.0,29.99,1,29.99,0.0
1068,2024-11-26,completed,mobile_app,125,Emilia,Fernandez,emilia.fernandez125@example.com,Barcelona,Spain,2024-08-22,5123,222,Water-Resistant Backpack,Apparel,24.0,59.99,1,59.99,5.0
1069,2024-11-14,processing,web,191,Martin,Fernandez,martin.fernandez191@example.com,Rosario,Argentina,2024-07-28,5124,220,Footrest with Massage Texture,Furniture,16.0,36.0,1,36.0,15.0
1069,2024-11-14,processing,web,191,Martin,Fernandez,martin.fernandez191@example.com,Rosario,Argentina,2024-07-28,5125,223,Breathable Running Shoes,Apparel,35.0,85.0,1,85.0,20.0
1069,2024-11-14,processing,web,191,Martin,Fernandez,martin.fernandez191@example.com,Rosario,Argentina,2024-07-28,5126,207,USB-C Multiport Adapter Hub,Electronics,18.0,42.0,1,42.0,20.0
1069,2024-11-14,processing,web,191,Martin,Fernandez,martin.fernandez191@example.com,Rosario,Argentina,2024-07-28,5127,233,Universal Travel Power Adapter,Accessories,9.0,22.5,1,22.5,0.0
1070,2024-08-02,completed,web,130,Daniel,Vargas,daniel.vargas130@example.com,Rosario,Argentina,2024-05-22,5128,202,Smart Fitness Watch v2,Electronics,45.0,89.99,1,89.99,20.0
1070,2024-08-02,completed,web,130,Daniel,Vargas,daniel.vargas130@example.com,Rosario,Argentina,2024-05-22,5129,218,Memory Foam Lumbar Pillow,Furniture,14.0,32.0,1,32.0,0.0
1070,2024-08-02,completed,web,130,Daniel,Vargas,daniel.vargas130@example.com,Rosario,Argentina,2024-05-22,5130,212,Streaming Microphone Kit,Electronics,45.0,99.0,1,99.0,0.0
1071,2026-01-25,returned,mobile_app,137,Mateo,Navarro,mateo.navarro137@example.com,Santiago,Chile,2025-09-02,5131,202,Smart Fitness Watch v2,Electronics,45.0,89.99,1,89.99,10.0
1072,2025-06-29,completed,mobile_app,156,Joaquin,Delgado,joaquin.delgado156@example.com,Cali,Colombia,2025-03-24,5132,224,Performance Athletic T-Shirt,Apparel,10.0,28.0,1,28.0,0.0
1073,2025-09-26,completed,web,184,Lucas,Silva,lucas.silva184@example.com,Montevideo,Uruguay,2025-05-03,5133,210,Ergonomic Vertical Mouse,Electronics,20.0,49.99,1,49.99,0.0
1073,2025-09-26,completed,web,184,Lucas,Silva,lucas.silva184@example.com,Montevideo,Uruguay,2025-05-03,5134,211,Smart Home Security Camera,Electronics,35.0,74.99,1,74.99,5.0
1073,2025-09-26,completed,web,184,Lucas,Silva,lucas.silva184@example.com,Montevideo,Uruguay,2025-05-03,5135,204,Ultra HD 27-inch Monitor,Electronics,160.0,289.0,1,289.0,5.0
1074,2025-07-24,completed,in_store,207,Agustina,Rojas,agustina.rojas207@example.com,Sao Paulo,Brazil,2025-05-15,5136,223,Breathable Running Shoes,Apparel,35.0,85.0,1,85.0,15.0
1074,2025-07-24,completed,in_store,207,Agustina,Rojas,agustina.rojas207@example.com,Sao Paulo,Brazil,2025-05-15,5137,228,Lightweight Travel Duffel Bag,Apparel,22.0,52.0,1,52.0,5.0
1075,2024-12-05,completed,web,235,Esteban,Bravo,esteban.bravo235@example.com,Buenos Aires,Argentina,2024-09-17,5138,204,Ultra HD 27-inch Monitor,Electronics,160.0,289.0,1,289.0,0.0
1076,2024-12-21,shipped,web,155,Clara,Blanco,clara.blanco155@example.com,Buenos Aires,Argentina,2024-11-15,5139,208,High-Speed External SSD 1TB,Electronics,55.0,119.99,1,119.99,15.0
1077,2025-04-27,completed,web,211,Victoria,Ortega,victoria.ortega211@example.com,Rio de Janeiro,Brazil,2025-03-13,5140,215,Monitor Riser with Drawer,Furniture,22.0,49.99,1,49.99,15.0
1077,2025-04-27,completed,web,211,Victoria,Ortega,victoria.ortega211@example.com,Rio de Janeiro,Brazil,2025-03-13,5141,233,Universal Travel Power Adapter,Accessories,9.0,22.5,2,22.5,0.0
1078,2024-09-25,processing,web,119,Sebastian,Ortega,sebastian.ortega119@example.com,Cali,Colombia,2024-06-15,5142,230,Polarized Sport Sunglasses,Accessories,15.0,39.99,2,39.99,20.0
1079,2024-12-08,completed,mobile_app,181,Felipe,Acosta,felipe.acosta181@example.com,Guadalajara,Mexico,2024-07-13,5143,227,Compression Sport Socks 3-Pack,Apparel,5.0,15.0,1,15.0,0.0
1080,2024-06-14,completed,web,204,Esteban,Torres,esteban.torres204@example.com,Rio de Janeiro,Brazil,2024-06-08,5144,230,Polarized Sport Sunglasses,Accessories,15.0,39.99,1,39.99,0.0
1080,2024-06-14,completed,web,204,Esteban,Torres,esteban.torres204@example.com,Rio de Janeiro,Brazil,2024-06-08,5145,224,Performance Athletic T-Shirt,Apparel,10.0,28.0,1,28.0,0.0
1080,2024-06-14,completed,web,204,Esteban,Torres,esteban.torres204@example.com,Rio de Janeiro,Brazil,2024-06-08,5146,206,Bluetooth Portable Speaker,Electronics,25.0,59.99,1,59.99,10.0
1081,2025-12-26,completed,in_store,121,Sebastian,Espinoza,sebastian.espinoza121@example.com,Valencia,Spain,2025-09-15,5147,222,Water-Resistant Backpack,Apparel,24.0,59.99,2,59.99,0.0
1082,2025-09-16,completed,mobile_app,231,Camila,Rojas,camila.rojas231@example.com,Monterrey,Mexico,2025-08-17,5148,223,Breathable Running Shoes,Apparel,35.0,85.0,1,85.0,20.0
1083,2024-10-30,completed,web,266,Victoria,Acosta,victoria.acosta266@example.com,Lima,Peru,2024-09-22,5149,213,Ergonomic Office Chair,Furniture,110.0,219.0,1,219.0,0.0
1084,2025-12-06,completed,in_store,295,Isabella,Vargas,isabella.vargas295@example.com,Arequipa,Peru,2025-11-16,5150,230,Polarized Sport Sunglasses,Accessories,15.0,39.99,1,39.99,10.0
1084,2025-12-06,completed,in_store,295,Isabella,Vargas,isabella.vargas295@example.com,Arequipa,Peru,2025-11-16,5151,229,Stainless Steel Water Bottle,Accessories,6.5,19.99,1,19.99,0.0
1085,2025-07-12,returned,web,260,Isabella,Morales,isabella.morales260@example.com,Sao Paulo,Brazil,2025-04-20,5152,205,Fast Wireless Charging Pad,Electronics,12.0,29.99,1,29.99,0.0
1086,2026-01-31,completed,mobile_app,262,Daniel,Vargas,daniel.vargas262@example.com,Lima,Peru,2025-11-14,5153,233,Universal Travel Power Adapter,Accessories,9.0,22.5,1,22.5,0.0
1087,2024-12-24,completed,web,219,Valeria,Flores,valeria.flores219@example.com,Guadalajara,Mexico,2024-08-30,5154,219,Under-Desk Cable Tray,Furniture,10.0,24.5,1,24.5,0.0
1088,2024-12-20,completed,mobile_app,124,Clara,Contreras,clara.contreras124@example.com,Rio de Janeiro,Brazil,2024-08-12,5155,203,Mechanical RGB Keyboard,Electronics,40.0,79.5,2,79.5,10.0
1088,2024-12-20,completed,mobile_app,124,Clara,Contreras,clara.contreras124@example.com,Rio de Janeiro,Brazil,2024-08-12,5156,229,Stainless Steel Water Bottle,Accessories,6.5,19.99,1,19.99,0.0
1089,2025-03-19,completed,web,183,Victoria,Blanco,victoria.blanco183@example.com,Barcelona,Spain,2024-11-17,5157,229,Stainless Steel Water Bottle,Accessories,6.5,19.99,1,19.99,0.0
1089,2025-03-19,completed,web,183,Victoria,Blanco,victoria.blanco183@example.com,Barcelona,Spain,2024-11-17,5158,207,USB-C Multiport Adapter Hub,Electronics,18.0,42.0,1,42.0,0.0
1089,2025-03-19,completed,web,183,Victoria,Blanco,victoria.blanco183@example.com,Barcelona,Spain,2024-11-17,5159,222,Water-Resistant Backpack,Apparel,24.0,59.99,1,59.99,5.0
1089,2025-03-19,completed,web,183,Victoria,Blanco,victoria.blanco183@example.com,Barcelona,Spain,2024-11-17,5160,206,Bluetooth Portable Speaker,Electronics,25.0,59.99,1,59.99,10.0
1090,2025-06-23,completed,web,141,Gabriel,Torres,gabriel.torres141@example.com,Bogota,Colombia,2025-03-21,5161,222,Water-Resistant Backpack,Apparel,24.0,59.99,1,59.99,0.0
1091,2026-02-08,completed,web,262,Daniel,Vargas,daniel.vargas262@example.com,Lima,Peru,2025-11-14,5162,225,Windbreaker Light Jacket,Apparel,28.0,65.0,1,65.0,15.0
1092,2024-10-06,completed,web,269,Daniel,Gonzalez,daniel.gonzalez269@example.com,Bogota,Colombia,2024-08-28,5163,210,Ergonomic Vertical Mouse,Electronics,20.0,49.99,1,49.99,15.0
1092,2024-10-06,completed,web,269,Daniel,Gonzalez,daniel.gonzalez269@example.com,Bogota,Colombia,2024-08-28,5164,223,Breathable Running Shoes,Apparel,35.0,85.0,1,85.0,5.0
1093,2025-06-11,completed,mobile_app,134,Isabella,Vargas,isabella.vargas134@example.com,Sao Paulo,Brazil,2025-05-20,5165,222,Water-Resistant Backpack,Apparel,24.0,59.99,2,59.99,15.0
1094,2024-12-25,completed,mobile_app,280,Esteban,Herrera,esteban.herrera280@example.com,Arequipa,Peru,2024-08-12,5166,233,Universal Travel Power Adapter,Accessories,9.0,22.5,1,22.5,0.0
1094,2024-12-25,completed,mobile_app,280,Esteban,Herrera,esteban.herrera280@example.com,Arequipa,Peru,2024-08-12,5167,224,Performance Athletic T-Shirt,Apparel,10.0,28.0,1,28.0,0.0
1095,2025-02-11,shipped,mobile_app,155,Clara,Blanco,clara.blanco155@example.com,Buenos Aires,Argentina,2024-11-15,5168,209,True Wireless Earbuds Pro,Electronics,38.0,84.99,1,84.99,0.0
1096,2025-06-24,shipped,mobile_app,126,Tomas,Silva,tomas.silva126@example.com,Medellin,Colombia,2025-02-14,5169,234,Silicone Keyring Organizer,Accessories,4.0,12.0,2,12.0,0.0
1096,2025-06-24,shipped,mobile_app,126,Tomas,Silva,tomas.silva126@example.com,Medellin,Colombia,2025-02-14,5170,203,Mechanical RGB Keyboard,Electronics,40.0,79.5,1,79.5,10.0
1096,2025-06-24,shipped,mobile_app,126,Tomas,Silva,tomas.silva126@example.com,Medellin,Colombia,2025-02-14,5171,222,Water-Resistant Backpack,Apparel,24.0,59.99,1,59.99,0.0
1097,2025-01-09,processing,mobile_app,147,Clara,Rodriguez,clara.rodriguez147@example.com,San Jose,Costa Rica,2024-11-27,5172,224,Performance Athletic T-Shirt,Apparel,10.0,28.0,1,28.0,0.0
1098,2024-12-14,returned,web,161,Felipe,Contreras,felipe.contreras161@example.com,Barcelona,Spain,2024-08-22,5173,229,Stainless Steel Water Bottle,Accessories,6.5,19.99,1,19.99,0.0
1098,2024-12-14,returned,web,161,Felipe,Contreras,felipe.contreras161@example.com,Barcelona,Spain,2024-08-22,5174,215,Monitor Riser with Drawer,Furniture,22.0,49.99,1,49.99,20.0
1099,2025-04-16,completed,in_store,221,Sofia,Morales,sofia.morales221@example.com,Medellin,Colombia,2025-02-25,5175,229,Stainless Steel Water Bottle,Accessories,6.5,19.99,2,19.99,0.0
1099,2025-04-16,completed,in_store,221,Sofia,Morales,sofia.morales221@example.com,Medellin,Colombia,2025-02-25,5176,230,Polarized Sport Sunglasses,Accessories,15.0,39.99,1,39.99,5.0
1099,2025-04-16,completed,in_store,221,Sofia,Morales,sofia.morales221@example.com,Medellin,Colombia,2025-02-25,5177,219,Under-Desk Cable Tray,Furniture,10.0,24.5,3,24.5,0.0
1100,2025-12-12,completed,web,152,Andres,Vargas,andres.vargas152@example.com,Guadalajara,Mexico,2025-11-06,5178,224,Performance Athletic T-Shirt,Apparel,10.0,28.0,1,28.0,0.0
1100,2025-12-12,completed,web,152,Andres,Vargas,andres.vargas152@example.com,Guadalajara,Mexico,2025-11-06,5179,207,USB-C Multiport Adapter Hub,Electronics,18.0,42.0,1,42.0,0.0
1101,2024-04-09,shipped,web,173,Sebastian,Ortega,sebastian.ortega173@example.com,Cordoba,Argentina,2024-03-18,5180,233,Universal Travel Power Adapter,Accessories,9.0,22.5,1,22.5,0.0
1102,2024-04-11,completed,mobile_app,212,Catalina,Rodriguez,catalina.rodriguez212@example.com,Mexico City,Mexico,2024-03-18,5181,202,Smart Fitness Watch v2,Electronics,45.0,89.99,1,89.99,0.0
1102,2024-04-11,completed,mobile_app,212,Catalina,Rodriguez,catalina.rodriguez212@example.com,Mexico City,Mexico,2024-03-18,5182,227,Compression Sport Socks 3-Pack,Apparel,5.0,15.0,1,15.0,0.0
1102,2024-04-11,completed,mobile_app,212,Catalina,Rodriguez,catalina.rodriguez212@example.com,Mexico City,Mexico,2024-03-18,5183,204,Ultra HD 27-inch Monitor,Electronics,160.0,289.0,3,289.0,0.0
1103,2024-12-20,completed,web,158,Isabella,Herrera,isabella.herrera158@example.com,Valencia,Spain,2024-12-12,5184,222,Water-Resistant Backpack,Apparel,24.0,59.99,1,59.99,20.0
1103,2024-12-20,completed,web,158,Isabella,Herrera,isabella.herrera158@example.com,Valencia,Spain,2024-12-12,5185,210,Ergonomic Vertical Mouse,Electronics,20.0,49.99,1,49.99,20.0
1103,2024-12-20,completed,web,158,Isabella,Herrera,isabella.herrera158@example.com,Valencia,Spain,2024-12-12,5186,209,True Wireless Earbuds Pro,Electronics,38.0,84.99,1,84.99,15.0
1104,2025-06-20,returned,web,221,Sofia,Morales,sofia.morales221@example.com,Medellin,Colombia,2025-02-25,5187,202,Smart Fitness Watch v2,Electronics,45.0,89.99,2,89.99,10.0
1104,2025-06-20,returned,web,221,Sofia,Morales,sofia.morales221@example.com,Medellin,Colombia,2025-02-25,5188,217,Desk Lamp with Wireless Charger,Furniture,20.0,45.0,2,45.0,10.0
1104,2025-06-20,returned,web,221,Sofia,Morales,sofia.morales221@example.com,Medellin,Colombia,2025-02-25,5189,214,Adjustable Standing Desk,Furniture,180.0,349.99,1,349.99,0.0
1105,2024-04-10,completed,web,299,Lucia,Torres,lucia.torres299@example.com,Montevideo,Uruguay,2024-01-27,5190,216,Compact Bookcase 4-Tier,Furniture,40.0,89.5,1,89.5,20.0
1106,2025-08-16,completed,web,260,Isabella,Morales,isabella.morales260@example.com,Sao Paulo,Brazil,2025-04-20,5191,232,Laptop Sleeve Protective Case,Accessories,12.0,27.99,1,27.99,0.0
1106,2025-08-16,completed,web,260,Isabella,Morales,isabella.morales260@example.com,Sao Paulo,Brazil,2025-04-20,5192,235,UV Sanitizer Travel Case,Accessories,15.0,35.0,1,35.0,15.0
1106,2025-08-16,completed,web,260,Isabella,Morales,isabella.morales260@example.com,Sao Paulo,Brazil,2025-04-20,5193,202,Smart Fitness Watch v2,Electronics,45.0,89.99,1,89.99,5.0
1107,2025-01-07,completed,mobile_app,101,Julian,Torres,julian.torres101@example.com,Madrid,Spain,2024-10-08,5194,206,Bluetooth Portable Speaker,Electronics,25.0,59.99,1,59.99,0.0
1108,2025-06-08,completed,mobile_app,118,Agustina,Herrera,agustina.herrera118@example.com,Mexico City,Mexico,2025-01-24,5195,233,Universal Travel Power Adapter,Accessories,9.0,22.5,1,22.5,0.0
1108,2025-06-08,completed,mobile_app,118,Agustina,Herrera,agustina.herrera118@example.com,Mexico City,Mexico,2025-01-24,5196,202,Smart Fitness Watch v2,Electronics,45.0,89.99,1,89.99,15.0
1109,2025-12-23,completed,in_store,200,Tomas,Blanco,tomas.blanco200@example.com,Bogota,Colombia,2025-09-18,5197,205,Fast Wireless Charging Pad,Electronics,12.0,29.99,1,29.99,0.0
1110,2024-12-27,shipped,mobile_app,288,Gabriel,Castro,gabriel.castro288@example.com,Lima,Peru,2024-11-30,5198,222,Water-Resistant Backpack,Apparel,24.0,59.99,1,59.99,10.0
1110,2024-12-27,shipped,mobile_app,288,Gabriel,Castro,gabriel.castro288@example.com,Lima,Peru,2024-11-30,5199,209,True Wireless Earbuds Pro,Electronics,38.0,84.99,1,84.99,15.0
1111,2024-10-02,cancelled,mobile_app,145,Martin,Cabrera,martin.cabrera145@example.com,Buenos Aires,Argentina,2024-06-05,5200,209,True Wireless Earbuds Pro,Electronics,38.0,84.99,1,84.99,5.0
1111,2024-10-02,cancelled,mobile_app,145,Martin,Cabrera,martin.cabrera145@example.com,Buenos Aires,Argentina,2024-06-05,5201,205,Fast Wireless Charging Pad,Electronics,12.0,29.99,1,29.99,0.0
1112,2025-11-18,completed,web,152,Andres,Vargas,andres.vargas152@example.com,Guadalajara,Mexico,2025-11-06,5202,220,Footrest with Massage Texture,Furniture,16.0,36.0,1,36.0,20.0
1113,2025-04-01,completed,web,240,Martin,Mendoza,martin.mendoza240@example.com,Valparaiso,Chile,2024-11-30,5203,213,Ergonomic Office Chair,Furniture,110.0,219.0,1,219.0,20.0
1113,2025-04-01,completed,web,240,Martin,Mendoza,martin.mendoza240@example.com,Valparaiso,Chile,2024-11-30,5204,219,Under-Desk Cable Tray,Furniture,10.0,24.5,1,24.5,0.0
1114,2025-01-01,completed,web,268,Paula,Contreras,paula.contreras268@example.com,Cordoba,Argentina,2024-10-08,5205,228,Lightweight Travel Duffel Bag,Apparel,22.0,52.0,1,52.0,5.0
1114,2025-01-01,completed,web,268,Paula,Contreras,paula.contreras268@example.com,Cordoba,Argentina,2024-10-08,5206,226,Thermal Winter Beanie,Apparel,6.0,18.0,1,18.0,0.0
1115,2025-05-14,cancelled,mobile_app,148,Paula,Rodriguez,paula.rodriguez148@example.com,Mexico City,Mexico,2025-01-06,5207,234,Silicone Keyring Organizer,Accessories,4.0,12.0,1,12.0,0.0
1116,2024-12-25,completed,mobile_app,122,Julian,Morales,julian.morales122@example.com,Rio de Janeiro,Brazil,2024-09-07,5208,212,Streaming Microphone Kit,Electronics,45.0,99.0,1,99.0,0.0
1116,2024-12-25,completed,mobile_app,122,Julian,Morales,julian.morales122@example.com,Rio de Janeiro,Brazil,2024-09-07,5209,235,UV Sanitizer Travel Case,Accessories,15.0,35.0,1,35.0,15.0
1117,2025-05-10,completed,mobile_app,176,Clara,Herrera,clara.herrera176@example.com,Monterrey,Mexico,2025-02-20,5210,211,Smart Home Security Camera,Electronics,35.0,74.99,1,74.99,0.0
1117,2025-05-10,completed,mobile_app,176,Clara,Herrera,clara.herrera176@example.com,Monterrey,Mexico,2025-02-20,5211,229,Stainless Steel Water Bottle,Accessories,6.5,19.99,1,19.99,0.0
1118,2024-11-17,completed,mobile_app,191,Martin,Fernandez,martin.fernandez191@example.com,Rosario,Argentina,2024-07-28,5212,204,Ultra HD 27-inch Monitor,Electronics,160.0,289.0,1,289.0,15.0
1118,2024-11-17,completed,mobile_app,191,Martin,Fernandez,martin.fernandez191@example.com,Rosario,Argentina,2024-07-28,5213,205,Fast Wireless Charging Pad,Electronics,12.0,29.99,1,29.99,0.0
1118,2024-11-17,completed,mobile_app,191,Martin,Fernandez,martin.fernandez191@example.com,Rosario,Argentina,2024-07-28,5214,226,Thermal Winter Beanie,Apparel,6.0,18.0,3,18.0,0.0
1118,2024-11-17,completed,mobile_app,191,Martin,Fernandez,martin.fernandez191@example.com,Rosario,Argentina,2024-07-28,5215,224,Performance Athletic T-Shirt,Apparel,10.0,28.0,1,28.0,0.0
1119,2024-11-08,completed,web,256,Esteban,Contreras,esteban.contreras256@example.com,Montevideo,Uruguay,2024-07-18,5216,224,Performance Athletic T-Shirt,Apparel,10.0,28.0,1,28.0,0.0
1120,2025-09-22,completed,web,246,Diego,Romero,diego.romero246@example.com,Montevideo,Uruguay,2025-09-13,5217,224,Performance Athletic T-Shirt,Apparel,10.0,28.0,2,28.0,0.0
1120,2025-09-22,completed,web,246,Diego,Romero,diego.romero246@example.com,Montevideo,Uruguay,2025-09-13,5218,229,Stainless Steel Water Bottle,Accessories,6.5,19.99,1,19.99,0.0
1121,2024-04-05,completed,web,236,Lucas,Espinoza,lucas.espinoza236@example.com,Valparaiso,Chile,2024-01-02,5219,216,Compact Bookcase 4-Tier,Furniture,40.0,89.5,1,89.5,0.0
1121,2024-04-05,completed,web,236,Lucas,Espinoza,lucas.espinoza236@example.com,Valparaiso,Chile,2024-01-02,5220,208,High-Speed External SSD 1TB,Electronics,55.0,119.99,1,119.99,5.0
1122,2025-08-15,completed,in_store,244,Nicolas,Mendoza,nicolas.mendoza244@example.com,Santiago,Chile,2025-07-15,5221,229,Stainless Steel Water Bottle,Accessories,6.5,19.99,1,19.99,0.0
1123,2025-08-03,cancelled,mobile_app,257,Felipe,Espinoza,felipe.espinoza257@example.com,Santiago,Chile,2025-05-21,5222,209,True Wireless Earbuds Pro,Electronics,38.0,84.99,2,84.99,5.0
1124,2024-09-27,completed,in_store,145,Martin,Cabrera,martin.cabrera145@example.com,Buenos Aires,Argentina,2024-06-05,5223,221,Organic Cotton Hoodie,Apparel,18.0,45.0,1,45.0,0.0
1124,2024-09-27,completed,in_store,145,Martin,Cabrera,martin.cabrera145@example.com,Buenos Aires,Argentina,2024-06-05,5224,223,Breathable Running Shoes,Apparel,35.0,85.0,2,85.0,15.0
1124,2024-09-27,completed,in_store,145,Martin,Cabrera,martin.cabrera145@example.com,Buenos Aires,Argentina,2024-06-05,5225,205,Fast Wireless Charging Pad,Electronics,12.0,29.99,1,29.99,0.0
1124,2024-09-27,completed,in_store,145,Martin,Cabrera,martin.cabrera145@example.com,Buenos Aires,Argentina,2024-06-05,5226,235,UV Sanitizer Travel Case,Accessories,15.0,35.0,1,35.0,0.0
1125,2026-03-29,completed,web,193,Sebastian,Navarro,sebastian.navarro193@example.com,Guadalajara,Mexico,2025-11-18,5227,209,True Wireless Earbuds Pro,Electronics,38.0,84.99,1,84.99,10.0
1125,2026-03-29,completed,web,193,Sebastian,Navarro,sebastian.navarro193@example.com,Guadalajara,Mexico,2025-11-18,5228,216,Compact Bookcase 4-Tier,Furniture,40.0,89.5,1,89.5,20.0
1125,2026-03-29,completed,web,193,Sebastian,Navarro,sebastian.navarro193@example.com,Guadalajara,Mexico,2025-11-18,5229,232,Laptop Sleeve Protective Case,Accessories,12.0,27.99,3,27.99,0.0
1125,2026-03-29,completed,web,193,Sebastian,Navarro,sebastian.navarro193@example.com,Guadalajara,Mexico,2025-11-18,5230,202,Smart Fitness Watch v2,Electronics,45.0,89.99,1,89.99,0.0
1126,2024-06-10,completed,in_store,117,Emilia,Herrera,emilia.herrera117@example.com,Bogota,Colombia,2024-03-22,5231,234,Silicone Keyring Organizer,Accessories,4.0,12.0,2,12.0,0.0
1126,2024-06-10,completed,in_store,117,Emilia,Herrera,emilia.herrera117@example.com,Bogota,Colombia,2024-03-22,5232,227,Compression Sport Socks 3-Pack,Apparel,5.0,15.0,2,15.0,0.0
1127,2024-07-18,completed,mobile_app,119,Sebastian,Ortega,sebastian.ortega119@example.com,Cali,Colombia,2024-06-15,5233,230,Polarized Sport Sunglasses,Accessories,15.0,39.99,1,39.99,0.0
1128,2025-05-27,returned,mobile_app,133,Esteban,Bravo,esteban.bravo133@example.com,Santiago,Chile,2025-01-05,5234,209,True Wireless Earbuds Pro,Electronics,38.0,84.99,1,84.99,20.0
1129,2025-02-06,completed,web,115,Catalina,Mendoza,catalina.mendoza115@example.com,San Jose,Costa Rica,2025-01-05,5235,211,Smart Home Security Camera,Electronics,35.0,74.99,1,74.99,15.0
1130,2025-03-11,completed,web,158,Isabella,Herrera,isabella.herrera158@example.com,Valencia,Spain,2024-12-12,5236,217,Desk Lamp with Wireless Charger,Furniture,20.0,45.0,1,45.0,0.0
1130,2025-03-11,completed,web,158,Isabella,Herrera,isabella.herrera158@example.com,Valencia,Spain,2024-12-12,5237,213,Ergonomic Office Chair,Furniture,110.0,219.0,1,219.0,0.0
1130,2025-03-11,completed,web,158,Isabella,Herrera,isabella.herrera158@example.com,Valencia,Spain,2024-12-12,5238,218,Memory Foam Lumbar Pillow,Furniture,14.0,32.0,1,32.0,0.0
1131,2025-01-14,completed,web,252,Tomas,Herrera,tomas.herrera252@example.com,Bogota,Colombia,2024-08-18,5239,222,Water-Resistant Backpack,Apparel,24.0,59.99,2,59.99,0.0
1131,2025-01-14,completed,web,252,Tomas,Herrera,tomas.herrera252@example.com,Bogota,Colombia,2024-08-18,5240,203,Mechanical RGB Keyboard,Electronics,40.0,79.5,1,79.5,15.0
1132,2024-11-11,completed,mobile_app,298,Valeria,Cabrera,valeria.cabrera298@example.com,Mexico City,Mexico,2024-06-16,5241,227,Compression Sport Socks 3-Pack,Apparel,5.0,15.0,1,15.0,0.0
1133,2025-02-16,returned,mobile_app,108,Isabella,Ortega,isabella.ortega108@example.com,Montevideo,Uruguay,2024-10-11,5242,220,Footrest with Massage Texture,Furniture,16.0,36.0,1,36.0,20.0
1134,2025-05-08,completed,mobile_app,276,Felipe,Rodriguez,felipe.rodriguez276@example.com,Montevideo,Uruguay,2025-01-24,5243,204,Ultra HD 27-inch Monitor,Electronics,160.0,289.0,1,289.0,5.0
1135,2024-12-12,completed,web,224,Agustina,Silva,agustina.silva224@example.com,Arequipa,Peru,2024-08-15,5244,221,Organic Cotton Hoodie,Apparel,18.0,45.0,3,45.0,0.0
1135,2024-12-12,completed,web,224,Agustina,Silva,agustina.silva224@example.com,Arequipa,Peru,2024-08-15,5245,223,Breathable Running Shoes,Apparel,35.0,85.0,2,85.0,10.0
1136,2025-08-12,completed,web,244,Nicolas,Mendoza,nicolas.mendoza244@example.com,Santiago,Chile,2025-07-15,5246,218,Memory Foam Lumbar Pillow,Furniture,14.0,32.0,1,32.0,0.0
1136,2025-08-12,completed,web,244,Nicolas,Mendoza,nicolas.mendoza244@example.com,Santiago,Chile,2025-07-15,5247,229,Stainless Steel Water Bottle,Accessories,6.5,19.99,1,19.99,0.0
1137,2025-07-10,completed,web,199,Mariana,Mendoza,mariana.mendoza199@example.com,Monterrey,Mexico,2025-03-24,5248,221,Organic Cotton Hoodie,Apparel,18.0,45.0,1,45.0,10.0
1137,2025-07-10,completed,web,199,Mariana,Mendoza,mariana.mendoza199@example.com,Monterrey,Mexico,2025-03-24,5249,213,Ergonomic Office Chair,Furniture,110.0,219.0,1,219.0,0.0
1137,2025-07-10,completed,web,199,Mariana,Mendoza,mariana.mendoza199@example.com,Monterrey,Mexico,2025-03-24,5250,211,Smart Home Security Camera,Electronics,35.0,74.99,1,74.99,0.0
1138,2024-05-18,completed,web,201,Renata,Contreras,renata.contreras201@example.com,Sao Paulo,Brazil,2024-01-09,5251,223,Breathable Running Shoes,Apparel,35.0,85.0,1,85.0,0.0
1139,2025-04-02,completed,mobile_app,227,Emilia,Castro,emilia.castro227@example.com,Santiago,Chile,2024-12-02,5252,207,USB-C Multiport Adapter Hub,Electronics,18.0,42.0,1,42.0,0.0
1140,2025-04-27,shipped,mobile_app,287,Valentina,Silva,valentina.silva287@example.com,Rosario,Argentina,2025-01-23,5253,226,Thermal Winter Beanie,Apparel,6.0,18.0,1,18.0,0.0
1141,2025-09-03,completed,mobile_app,244,Nicolas,Mendoza,nicolas.mendoza244@example.com,Santiago,Chile,2025-07-15,5254,225,Windbreaker Light Jacket,Apparel,28.0,65.0,1,65.0,20.0
1142,2025-10-01,returned,in_store,241,Joaquin,Espinoza,joaquin.espinoza241@example.com,Bogota,Colombia,2025-07-21,5255,209,True Wireless Earbuds Pro,Electronics,38.0,84.99,1,84.99,20.0
1142,2025-10-01,returned,in_store,241,Joaquin,Espinoza,joaquin.espinoza241@example.com,Bogota,Colombia,2025-07-21,5256,207,USB-C Multiport Adapter Hub,Electronics,18.0,42.0,3,42.0,10.0
1143,2024-12-26,completed,mobile_app,194,Julian,Mendoza,julian.mendoza194@example.com,Lima,Peru,2024-11-19,5257,233,Universal Travel Power Adapter,Accessories,9.0,22.5,1,22.5,0.0
1143,2024-12-26,completed,mobile_app,194,Julian,Mendoza,julian.mendoza194@example.com,Lima,Peru,2024-11-19,5258,203,Mechanical RGB Keyboard,Electronics,40.0,79.5,1,79.5,0.0
1144,2025-02-10,completed,web,222,Renata,Delgado,renata.delgado222@example.com,Cordoba,Argentina,2024-09-30,5259,233,Universal Travel Power Adapter,Accessories,9.0,22.5,1,22.5,0.0
1144,2025-02-10,completed,web,222,Renata,Delgado,renata.delgado222@example.com,Cordoba,Argentina,2024-09-30,5260,209,True Wireless Earbuds Pro,Electronics,38.0,84.99,1,84.99,0.0
1145,2024-03-26,completed,web,201,Renata,Contreras,renata.contreras201@example.com,Sao Paulo,Brazil,2024-01-09,5261,233,Universal Travel Power Adapter,Accessories,9.0,22.5,1,22.5,0.0
1145,2024-03-26,completed,web,201,Renata,Contreras,renata.contreras201@example.com,Sao Paulo,Brazil,2024-01-09,5262,235,UV Sanitizer Travel Case,Accessories,15.0,35.0,1,35.0,5.0
1146,2025-09-04,completed,in_store,105,Mateo,Castro,mateo.castro105@example.com,Cordoba,Argentina,2025-06-01,5263,227,Compression Sport Socks 3-Pack,Apparel,5.0,15.0,1,15.0,0.0
1147,2025-04-24,completed,mobile_app,286,Julian,Romero,julian.romero286@example.com,Guadalajara,Mexico,2025-04-17,5264,215,Monitor Riser with Drawer,Furniture,22.0,49.99,1,49.99,10.0
1148,2025-03-11,completed,mobile_app,223,Valentina,Espinoza,valentina.espinoza223@example.com,Mexico City,Mexico,2025-01-26,5265,225,Windbreaker Light Jacket,Apparel,28.0,65.0,2,65.0,0.0
1148,2025-03-11,completed,mobile_app,223,Valentina,Espinoza,valentina.espinoza223@example.com,Mexico City,Mexico,2025-01-26,5266,210,Ergonomic Vertical Mouse,Electronics,20.0,49.99,1,49.99,15.0
1149,2025-12-08,completed,mobile_app,129,Julian,Acosta,julian.acosta129@example.com,Santiago,Chile,2025-10-20,5267,210,Ergonomic Vertical Mouse,Electronics,20.0,49.99,1,49.99,0.0
1150,2026-02-17,shipped,mobile_app,206,Felipe,Fernandez,felipe.fernandez206@example.com,Buenos Aires,Argentina,2025-10-11,5268,204,Ultra HD 27-inch Monitor,Electronics,160.0,289.0,1,289.0,0.0
1150,2026-02-17,shipped,mobile_app,206,Felipe,Fernandez,felipe.fernandez206@example.com,Buenos Aires,Argentina,2025-10-11,5269,209,True Wireless Earbuds Pro,Electronics,38.0,84.99,3,84.99,5.0
1150,2026-02-17,shipped,mobile_app,206,Felipe,Fernandez,felipe.fernandez206@example.com,Buenos Aires,Argentina,2025-10-11,5270,234,Silicone Keyring Organizer,Accessories,4.0,12.0,1,12.0,0.0
1151,2024-08-27,completed,mobile_app,181,Felipe,Acosta,felipe.acosta181@example.com,Guadalajara,Mexico,2024-07-13,5271,223,Breathable Running Shoes,Apparel,35.0,85.0,1,85.0,20.0
1152,2024-06-02,returned,mobile_app,285,Nicolas,Delgado,nicolas.delgado285@example.com,Madrid,Spain,2024-03-26,5272,216,Compact Bookcase 4-Tier,Furniture,40.0,89.5,1,89.5,0.0
1153,2025-02-27,shipped,web,158,Isabella,Herrera,isabella.herrera158@example.com,Valencia,Spain,2024-12-12,5273,232,Laptop Sleeve Protective Case,Accessories,12.0,27.99,1,27.99,0.0
1153,2025-02-27,shipped,web,158,Isabella,Herrera,isabella.herrera158@example.com,Valencia,Spain,2024-12-12,5274,221,Organic Cotton Hoodie,Apparel,18.0,45.0,1,45.0,20.0
1154,2024-06-05,completed,web,285,Nicolas,Delgado,nicolas.delgado285@example.com,Madrid,Spain,2024-03-26,5275,235,UV Sanitizer Travel Case,Accessories,15.0,35.0,2,35.0,5.0
1154,2024-06-05,completed,web,285,Nicolas,Delgado,nicolas.delgado285@example.com,Madrid,Spain,2024-03-26,5276,225,Windbreaker Light Jacket,Apparel,28.0,65.0,2,65.0,20.0
1155,2025-10-03,completed,web,138,Daniel,Alvarez,daniel.alvarez138@example.com,Rosario,Argentina,2025-07-20,5277,206,Bluetooth Portable Speaker,Electronics,25.0,59.99,1,59.99,0.0
1155,2025-10-03,completed,web,138,Daniel,Alvarez,daniel.alvarez138@example.com,Rosario,Argentina,2025-07-20,5278,223,Breathable Running Shoes,Apparel,35.0,85.0,1,85.0,10.0
1155,2025-10-03,completed,web,138,Daniel,Alvarez,daniel.alvarez138@example.com,Rosario,Argentina,2025-07-20,5279,229,Stainless Steel Water Bottle,Accessories,6.5,19.99,1,19.99,0.0
1155,2025-10-03,completed,web,138,Daniel,Alvarez,daniel.alvarez138@example.com,Rosario,Argentina,2025-07-20,5280,217,Desk Lamp with Wireless Charger,Furniture,20.0,45.0,1,45.0,0.0
1156,2025-09-30,returned,in_store,136,Julian,Morales,julian.morales136@example.com,Valparaiso,Chile,2025-09-02,5281,216,Compact Bookcase 4-Tier,Furniture,40.0,89.5,1,89.5,10.0
1156,2025-09-30,returned,in_store,136,Julian,Morales,julian.morales136@example.com,Valparaiso,Chile,2025-09-02,5282,204,Ultra HD 27-inch Monitor,Electronics,160.0,289.0,1,289.0,0.0
1157,2024-04-16,completed,web,114,Catalina,Torres,catalina.torres114@example.com,Santiago,Chile,2024-03-21,5283,207,USB-C Multiport Adapter Hub,Electronics,18.0,42.0,1,42.0,10.0
1157,2024-04-16,completed,web,114,Catalina,Torres,catalina.torres114@example.com,Santiago,Chile,2024-03-21,5284,209,True Wireless Earbuds Pro,Electronics,38.0,84.99,3,84.99,0.0
1158,2024-12-03,completed,mobile_app,205,Sebastian,Mendoza,sebastian.mendoza205@example.com,San Jose,Costa Rica,2024-08-03,5285,219,Under-Desk Cable Tray,Furniture,10.0,24.5,1,24.5,0.0
1159,2024-10-08,shipped,web,266,Victoria,Acosta,victoria.acosta266@example.com,Lima,Peru,2024-09-22,5286,215,Monitor Riser with Drawer,Furniture,22.0,49.99,1,49.99,20.0
1159,2024-10-08,shipped,web,266,Victoria,Acosta,victoria.acosta266@example.com,Lima,Peru,2024-09-22,5287,235,UV Sanitizer Travel Case,Accessories,15.0,35.0,2,35.0,0.0
1160,2025-06-30,completed,mobile_app,207,Agustina,Rojas,agustina.rojas207@example.com,Sao Paulo,Brazil,2025-05-15,5288,212,Streaming Microphone Kit,Electronics,45.0,99.0,2,99.0,0.0
1160,2025-06-30,completed,mobile_app,207,Agustina,Rojas,agustina.rojas207@example.com,Sao Paulo,Brazil,2025-05-15,5289,219,Under-Desk Cable Tray,Furniture,10.0,24.5,1,24.5,0.0
1161,2025-03-28,completed,web,255,Agustina,Gonzalez,agustina.gonzalez255@example.com,Lima,Peru,2025-02-28,5290,235,UV Sanitizer Travel Case,Accessories,15.0,35.0,1,35.0,0.0
1161,2025-03-28,completed,web,255,Agustina,Gonzalez,agustina.gonzalez255@example.com,Lima,Peru,2025-02-28,5291,234,Silicone Keyring Organizer,Accessories,4.0,12.0,2,12.0,0.0
1162,2025-05-07,completed,web,220,Agustina,Morales,agustina.morales220@example.com,Monterrey,Mexico,2025-02-26,5292,230,Polarized Sport Sunglasses,Accessories,15.0,39.99,1,39.99,15.0
1163,2025-01-10,processing,web,148,Paula,Rodriguez,paula.rodriguez148@example.com,Mexico City,Mexico,2025-01-06,5293,213,Ergonomic Office Chair,Furniture,110.0,219.0,1,219.0,15.0
1163,2025-01-10,processing,web,148,Paula,Rodriguez,paula.rodriguez148@example.com,Mexico City,Mexico,2025-01-06,5294,212,Streaming Microphone Kit,Electronics,45.0,99.0,2,99.0,20.0
1164,2024-10-24,completed,web,210,Gabriel,Vargas,gabriel.vargas210@example.com,Rosario,Argentina,2024-06-14,5295,207,USB-C Multiport Adapter Hub,Electronics,18.0,42.0,1,42.0,0.0
1165,2025-04-19,completed,web,223,Valentina,Espinoza,valentina.espinoza223@example.com,Mexico City,Mexico,2025-01-26,5296,216,Compact Bookcase 4-Tier,Furniture,40.0,89.5,1,89.5,0.0
1166,2024-05-16,completed,in_store,185,Martin,Alvarez,martin.alvarez185@example.com,Monterrey,Mexico,2024-02-28,5297,217,Desk Lamp with Wireless Charger,Furniture,20.0,45.0,1,45.0,0.0
1166,2024-05-16,completed,in_store,185,Martin,Alvarez,martin.alvarez185@example.com,Monterrey,Mexico,2024-02-28,5298,224,Performance Athletic T-Shirt,Apparel,10.0,28.0,1,28.0,0.0
1167,2025-05-16,completed,mobile_app,220,Agustina,Morales,agustina.morales220@example.com,Monterrey,Mexico,2025-02-26,5299,220,Footrest with Massage Texture,Furniture,16.0,36.0,1,36.0,0.0
1167,2025-05-16,completed,mobile_app,220,Agustina,Morales,agustina.morales220@example.com,Monterrey,Mexico,2025-02-26,5300,208,High-Speed External SSD 1TB,Electronics,55.0,119.99,1,119.99,0.0
1168,2024-06-07,completed,web,157,Esteban,Alvarez,esteban.alvarez157@example.com,Lima,Peru,2024-05-03,5301,224,Performance Athletic T-Shirt,Apparel,10.0,28.0,1,28.0,0.0
1168,2024-06-07,completed,web,157,Esteban,Alvarez,esteban.alvarez157@example.com,Lima,Peru,2024-05-03,5302,227,Compression Sport Socks 3-Pack,Apparel,5.0,15.0,2,15.0,0.0
1169,2024-10-21,cancelled,web,294,Tomas,Rodriguez,tomas.rodriguez294@example.com,San Jose,Costa Rica,2024-06-05,5303,206,Bluetooth Portable Speaker,Electronics,25.0,59.99,1,59.99,15.0
1169,2024-10-21,cancelled,web,294,Tomas,Rodriguez,tomas.rodriguez294@example.com,San Jose,Costa Rica,2024-06-05,5304,234,Silicone Keyring Organizer,Accessories,4.0,12.0,1,12.0,0.0
1170,2024-11-18,completed,mobile_app,245,Tomas,Rodriguez,tomas.rodriguez245@example.com,Bogota,Colombia,2024-10-20,5305,213,Ergonomic Office Chair,Furniture,110.0,219.0,1,219.0,20.0
1170,2024-11-18,completed,mobile_app,245,Tomas,Rodriguez,tomas.rodriguez245@example.com,Bogota,Colombia,2024-10-20,5306,235,UV Sanitizer Travel Case,Accessories,15.0,35.0,1,35.0,0.0
1170,2024-11-18,completed,mobile_app,245,Tomas,Rodriguez,tomas.rodriguez245@example.com,Bogota,Colombia,2024-10-20,5307,210,Ergonomic Vertical Mouse,Electronics,20.0,49.99,1,49.99,15.0
1171,2026-03-16,completed,mobile_app,250,Mateo,Mendoza,mateo.mendoza250@example.com,Sao Paulo,Brazil,2025-11-10,5308,204,Ultra HD 27-inch Monitor,Electronics,160.0,289.0,1,289.0,10.0
1172,2025-09-09,completed,web,207,Agustina,Rojas,agustina.rojas207@example.com,Sao Paulo,Brazil,2025-05-15,5309,220,Footrest with Massage Texture,Furniture,16.0,36.0,1,36.0,20.0
1172,2025-09-09,completed,web,207,Agustina,Rojas,agustina.rojas207@example.com,Sao Paulo,Brazil,2025-05-15,5310,202,Smart Fitness Watch v2,Electronics,45.0,89.99,1,89.99,0.0
1173,2025-11-24,completed,mobile_app,249,Paula,Flores,paula.flores249@example.com,Monterrey,Mexico,2025-11-05,5311,205,Fast Wireless Charging Pad,Electronics,12.0,29.99,1,29.99,0.0
1174,2024-03-05,completed,web,116,Nicolas,Castro,nicolas.castro116@example.com,Valencia,Spain,2024-02-16,5312,212,Streaming Microphone Kit,Electronics,45.0,99.0,2,99.0,20.0
1175,2024-09-27,completed,web,265,Elena,Blanco,elena.blanco265@example.com,Lima,Peru,2024-06-11,5313,225,Windbreaker Light Jacket,Apparel,28.0,65.0,1,65.0,15.0
1176,2025-11-23,completed,mobile_app,270,Sebastian,Fernandez,sebastian.fernandez270@example.com,Medellin,Colombia,2025-07-07,5314,208,High-Speed External SSD 1TB,Electronics,55.0,119.99,1,119.99,0.0
1176,2025-11-23,completed,mobile_app,270,Sebastian,Fernandez,sebastian.fernandez270@example.com,Medellin,Colombia,2025-07-07,5315,212,Streaming Microphone Kit,Electronics,45.0,99.0,1,99.0,0.0
1176,2025-11-23,completed,mobile_app,270,Sebastian,Fernandez,sebastian.fernandez270@example.com,Medellin,Colombia,2025-07-07,5316,235,UV Sanitizer Travel Case,Accessories,15.0,35.0,2,35.0,20.0
1177,2024-10-07,completed,in_store,106,Valeria,Rodriguez,valeria.rodriguez106@example.com,Rio de Janeiro,Brazil,2024-07-22,5317,228,Lightweight Travel Duffel Bag,Apparel,22.0,52.0,1,52.0,0.0
1177,2024-10-07,completed,in_store,106,Valeria,Rodriguez,valeria.rodriguez106@example.com,Rio de Janeiro,Brazil,2024-07-22,5318,235,UV Sanitizer Travel Case,Accessories,15.0,35.0,1,35.0,0.0
1178,2025-12-28,completed,in_store,140,Esteban,Blanco,esteban.blanco140@example.com,Rosario,Argentina,2025-10-18,5319,203,Mechanical RGB Keyboard,Electronics,40.0,79.5,1,79.5,0.0
1178,2025-12-28,completed,in_store,140,Esteban,Blanco,esteban.blanco140@example.com,Rosario,Argentina,2025-10-18,5320,227,Compression Sport Socks 3-Pack,Apparel,5.0,15.0,1,15.0,0.0
1179,2025-02-19,completed,web,118,Agustina,Herrera,agustina.herrera118@example.com,Mexico City,Mexico,2025-01-24,5321,204,Ultra HD 27-inch Monitor,Electronics,160.0,289.0,1,289.0,0.0
1180,2024-08-19,completed,mobile_app,203,Camila,Vargas,camila.vargas203@example.com,Rosario,Argentina,2024-04-28,5322,204,Ultra HD 27-inch Monitor,Electronics,160.0,289.0,1,289.0,0.0
1181,2024-08-08,completed,mobile_app,160,Nicolas,Herrera,nicolas.herrera160@example.com,Madrid,Spain,2024-03-13,5323,221,Organic Cotton Hoodie,Apparel,18.0,45.0,1,45.0,0.0
1181,2024-08-08,completed,mobile_app,160,Nicolas,Herrera,nicolas.herrera160@example.com,Madrid,Spain,2024-03-13,5324,216,Compact Bookcase 4-Tier,Furniture,40.0,89.5,3,89.5,10.0
1182,2024-08-17,completed,web,157,Esteban,Alvarez,esteban.alvarez157@example.com,Lima,Peru,2024-05-03,5325,212,Streaming Microphone Kit,Electronics,45.0,99.0,1,99.0,5.0
1183,2026-01-27,completed,web,243,Joaquin,Delgado,joaquin.delgado243@example.com,Monterrey,Mexico,2025-09-22,5326,225,Windbreaker Light Jacket,Apparel,28.0,65.0,1,65.0,5.0
1183,2026-01-27,completed,web,243,Joaquin,Delgado,joaquin.delgado243@example.com,Monterrey,Mexico,2025-09-22,5327,234,Silicone Keyring Organizer,Accessories,4.0,12.0,1,12.0,0.0
1183,2026-01-27,completed,web,243,Joaquin,Delgado,joaquin.delgado243@example.com,Monterrey,Mexico,2025-09-22,5328,221,Organic Cotton Hoodie,Apparel,18.0,45.0,1,45.0,20.0
1184,2026-01-30,completed,web,238,Elena,Gonzalez,elena.gonzalez238@example.com,Medellin,Colombia,2025-09-30,5329,210,Ergonomic Vertical Mouse,Electronics,20.0,49.99,2,49.99,0.0
1185,2025-10-29,completed,mobile_app,244,Nicolas,Mendoza,nicolas.mendoza244@example.com,Santiago,Chile,2025-07-15,5330,225,Windbreaker Light Jacket,Apparel,28.0,65.0,1,65.0,0.0
1185,2025-10-29,completed,mobile_app,244,Nicolas,Mendoza,nicolas.mendoza244@example.com,Santiago,Chile,2025-07-15,5331,216,Compact Bookcase 4-Tier,Furniture,40.0,89.5,1,89.5,5.0
1186,2025-05-08,completed,in_store,195,Clara,Gonzalez,clara.gonzalez195@example.com,Madrid,Spain,2025-04-14,5332,204,Ultra HD 27-inch Monitor,Electronics,160.0,289.0,1,289.0,10.0
1186,2025-05-08,completed,in_store,195,Clara,Gonzalez,clara.gonzalez195@example.com,Madrid,Spain,2025-04-14,5333,218,Memory Foam Lumbar Pillow,Furniture,14.0,32.0,1,32.0,0.0
1186,2025-05-08,completed,in_store,195,Clara,Gonzalez,clara.gonzalez195@example.com,Madrid,Spain,2025-04-14,5334,225,Windbreaker Light Jacket,Apparel,28.0,65.0,1,65.0,20.0
1187,2024-08-27,completed,mobile_app,251,Julian,Cabrera,julian.cabrera251@example.com,Medellin,Colombia,2024-04-05,5335,222,Water-Resistant Backpack,Apparel,24.0,59.99,1,59.99,0.0
1188,2025-01-03,processing,web,155,Clara,Blanco,clara.blanco155@example.com,Buenos Aires,Argentina,2024-11-15,5336,231,Minimalist Leather Wallet,Accessories,14.0,34.5,1,34.5,15.0
1188,2025-01-03,processing,web,155,Clara,Blanco,clara.blanco155@example.com,Buenos Aires,Argentina,2024-11-15,5337,216,Compact Bookcase 4-Tier,Furniture,40.0,89.5,1,89.5,0.0
1189,2026-02-02,shipped,web,242,Alejandro,Castro,alejandro.castro242@example.com,Valparaiso,Chile,2025-11-11,5338,235,UV Sanitizer Travel Case,Accessories,15.0,35.0,1,35.0,0.0
1190,2025-03-31,completed,mobile_app,167,Camila,Torres,camila.torres167@example.com,Valparaiso,Chile,2024-12-28,5339,231,Minimalist Leather Wallet,Accessories,14.0,34.5,2,34.5,0.0
1190,2025-03-31,completed,mobile_app,167,Camila,Torres,camila.torres167@example.com,Valparaiso,Chile,2024-12-28,5340,221,Organic Cotton Hoodie,Apparel,18.0,45.0,1,45.0,0.0
1191,2024-12-16,processing,web,245,Tomas,Rodriguez,tomas.rodriguez245@example.com,Bogota,Colombia,2024-10-20,5341,227,Compression Sport Socks 3-Pack,Apparel,5.0,15.0,1,15.0,0.0
1192,2025-09-22,completed,web,151,Victoria,Acosta,victoria.acosta151@example.com,Valencia,Spain,2025-06-29,5342,216,Compact Bookcase 4-Tier,Furniture,40.0,89.5,1,89.5,15.0
1192,2025-09-22,completed,web,151,Victoria,Acosta,victoria.acosta151@example.com,Valencia,Spain,2025-06-29,5343,232,Laptop Sleeve Protective Case,Accessories,12.0,27.99,1,27.99,0.0
1193,2025-08-25,processing,mobile_app,296,Camila,Bravo,camila.bravo296@example.com,Buenos Aires,Argentina,2025-04-21,5344,230,Polarized Sport Sunglasses,Accessories,15.0,39.99,1,39.99,0.0
1193,2025-08-25,processing,mobile_app,296,Camila,Bravo,camila.bravo296@example.com,Buenos Aires,Argentina,2025-04-21,5345,211,Smart Home Security Camera,Electronics,35.0,74.99,1,74.99,15.0
1194,2025-04-05,completed,mobile_app,240,Martin,Mendoza,martin.mendoza240@example.com,Valparaiso,Chile,2024-11-30,5346,204,Ultra HD 27-inch Monitor,Electronics,160.0,289.0,2,289.0,15.0
1194,2025-04-05,completed,mobile_app,240,Martin,Mendoza,martin.mendoza240@example.com,Valparaiso,Chile,2024-11-30,5347,234,Silicone Keyring Organizer,Accessories,4.0,12.0,1,12.0,0.0
1194,2025-04-05,completed,mobile_app,240,Martin,Mendoza,martin.mendoza240@example.com,Valparaiso,Chile,2024-11-30,5348,203,Mechanical RGB Keyboard,Electronics,40.0,79.5,1,79.5,0.0
1194,2025-04-05,completed,mobile_app,240,Martin,Mendoza,martin.mendoza240@example.com,Valparaiso,Chile,2024-11-30,5349,205,Fast Wireless Charging Pad,Electronics,12.0,29.99,2,29.99,0.0
1195,2024-03-31,processing,web,160,Nicolas,Herrera,nicolas.herrera160@example.com,Madrid,Spain,2024-03-13,5350,233,Universal Travel Power Adapter,Accessories,9.0,22.5,1,22.5,0.0
1196,2024-06-19,returned,mobile_app,116,Nicolas,Castro,nicolas.castro116@example.com,Valencia,Spain,2024-02-16,5351,235,UV Sanitizer Travel Case,Accessories,15.0,35.0,1,35.0,0.0
1197,2025-10-15,processing,web,105,Mateo,Castro,mateo.castro105@example.com,Cordoba,Argentina,2025-06-01,5352,219,Under-Desk Cable Tray,Furniture,10.0,24.5,1,24.5,0.0
1197,2025-10-15,processing,web,105,Mateo,Castro,mateo.castro105@example.com,Cordoba,Argentina,2025-06-01,5353,202,Smart Fitness Watch v2,Electronics,45.0,89.99,1,89.99,5.0
1198,2025-07-25,completed,mobile_app,146,Mariana,Morales,mariana.morales146@example.com,Rio de Janeiro,Brazil,2025-06-27,5354,213,Ergonomic Office Chair,Furniture,110.0,219.0,1,219.0,0.0
1199,2024-10-05,completed,web,191,Martin,Fernandez,martin.fernandez191@example.com,Rosario,Argentina,2024-07-28,5355,226,Thermal Winter Beanie,Apparel,6.0,18.0,1,18.0,0.0
1200,2026-01-13,completed,in_store,163,Martin,Herrera,martin.herrera163@example.com,Rosario,Argentina,2025-11-16,5356,206,Bluetooth Portable Speaker,Electronics,25.0,59.99,1,59.99,10.0
1200,2026-01-13,completed,in_store,163,Martin,Herrera,martin.herrera163@example.com,Rosario,Argentina,2025-11-16,5357,203,Mechanical RGB Keyboard,Electronics,40.0,79.5,1,79.5,15.0
1200,2026-01-13,completed,in_store,163,Martin,Herrera,martin.herrera163@example.com,Rosario,Argentina,2025-11-16,5358,226,Thermal Winter Beanie,Apparel,6.0,18.0,1,18.0,0.0
1201,2025-11-07,completed,mobile_app,144,Agustina,Contreras,agustina.contreras144@example.com,Bogota,Colombia,2025-10-16,5359,222,Water-Resistant Backpack,Apparel,24.0,59.99,2,59.99,0.0
1201,2025-11-07,completed,mobile_app,144,Agustina,Contreras,agustina.contreras144@example.com,Bogota,Colombia,2025-10-16,5360,207,USB-C Multiport Adapter Hub,Electronics,18.0,42.0,1,42.0,20.0
1202,2025-11-28,completed,web,278,Andres,Navarro,andres.navarro278@example.com,Valparaiso,Chile,2025-07-05,5361,205,Fast Wireless Charging Pad,Electronics,12.0,29.99,1,29.99,0.0
1203,2024-11-23,completed,mobile_app,172,Daniel,Vargas,daniel.vargas172@example.com,Valparaiso,Chile,2024-07-06,5362,221,Organic Cotton Hoodie,Apparel,18.0,45.0,1,45.0,0.0
1204,2024-05-12,shipped,in_store,251,Julian,Cabrera,julian.cabrera251@example.com,Medellin,Colombia,2024-04-05,5363,205,Fast Wireless Charging Pad,Electronics,12.0,29.99,1,29.99,0.0
1204,2024-05-12,shipped,in_store,251,Julian,Cabrera,julian.cabrera251@example.com,Medellin,Colombia,2024-04-05,5364,220,Footrest with Massage Texture,Furniture,16.0,36.0,1,36.0,20.0
1204,2024-05-12,shipped,in_store,251,Julian,Cabrera,julian.cabrera251@example.com,Medellin,Colombia,2024-04-05,5365,211,Smart Home Security Camera,Electronics,35.0,74.99,1,74.99,10.0
1205,2024-06-06,shipped,in_store,185,Martin,Alvarez,martin.alvarez185@example.com,Monterrey,Mexico,2024-02-28,5366,206,Bluetooth Portable Speaker,Electronics,25.0,59.99,1,59.99,0.0
1206,2024-04-16,completed,web,114,Catalina,Torres,catalina.torres114@example.com,Santiago,Chile,2024-03-21,5367,222,Water-Resistant Backpack,Apparel,24.0,59.99,1,59.99,0.0
1206,2024-04-16,completed,web,114,Catalina,Torres,catalina.torres114@example.com,Santiago,Chile,2024-03-21,5368,226,Thermal Winter Beanie,Apparel,6.0,18.0,2,18.0,0.0
1206,2024-04-16,completed,web,114,Catalina,Torres,catalina.torres114@example.com,Santiago,Chile,2024-03-21,5369,221,Organic Cotton Hoodie,Apparel,18.0,45.0,1,45.0,0.0
1207,2025-01-21,completed,mobile_app,192,Emilia,Espinoza,emilia.espinoza192@example.com,Medellin,Colombia,2024-09-01,5370,225,Windbreaker Light Jacket,Apparel,28.0,65.0,1,65.0,10.0
1208,2025-04-25,processing,web,176,Clara,Herrera,clara.herrera176@example.com,Monterrey,Mexico,2025-02-20,5371,210,Ergonomic Vertical Mouse,Electronics,20.0,49.99,1,49.99,20.0
1209,2024-12-30,processing,web,263,Martin,Blanco,martin.blanco263@example.com,San Jose,Costa Rica,2024-11-20,5372,207,USB-C Multiport Adapter Hub,Electronics,18.0,42.0,1,42.0,0.0
1210,2025-10-20,shipped,web,214,Lucas,Perez,lucas.perez214@example.com,Montevideo,Uruguay,2025-07-19,5373,206,Bluetooth Portable Speaker,Electronics,25.0,59.99,1,59.99,5.0
1211,2026-02-12,completed,mobile_app,243,Joaquin,Delgado,joaquin.delgado243@example.com,Monterrey,Mexico,2025-09-22,5374,206,Bluetooth Portable Speaker,Electronics,25.0,59.99,1,59.99,0.0
1212,2024-04-19,completed,web,253,Renata,Castro,renata.castro253@example.com,Guadalajara,Mexico,2024-01-26,5375,225,Windbreaker Light Jacket,Apparel,28.0,65.0,2,65.0,15.0
1213,2025-09-16,completed,mobile_app,244,Nicolas,Mendoza,nicolas.mendoza244@example.com,Santiago,Chile,2025-07-15,5376,225,Windbreaker Light Jacket,Apparel,28.0,65.0,1,65.0,0.0
1214,2025-04-02,completed,web,178,Esteban,Silva,esteban.silva178@example.com,Monterrey,Mexico,2025-01-23,5377,228,Lightweight Travel Duffel Bag,Apparel,22.0,52.0,1,52.0,0.0
1215,2024-09-04,completed,web,224,Agustina,Silva,agustina.silva224@example.com,Arequipa,Peru,2024-08-15,5378,232,Laptop Sleeve Protective Case,Accessories,12.0,27.99,1,27.99,0.0
1215,2024-09-04,completed,web,224,Agustina,Silva,agustina.silva224@example.com,Arequipa,Peru,2024-08-15,5379,213,Ergonomic Office Chair,Furniture,110.0,219.0,1,219.0,5.0
1215,2024-09-04,completed,web,224,Agustina,Silva,agustina.silva224@example.com,Arequipa,Peru,2024-08-15,5380,230,Polarized Sport Sunglasses,Accessories,15.0,39.99,1,39.99,10.0
1216,2024-12-01,completed,web,198,Alejandro,Perez,alejandro.perez198@example.com,Valencia,Spain,2024-09-07,5381,209,True Wireless Earbuds Pro,Electronics,38.0,84.99,1,84.99,10.0
1217,2025-08-26,completed,web,278,Andres,Navarro,andres.navarro278@example.com,Valparaiso,Chile,2025-07-05,5382,226,Thermal Winter Beanie,Apparel,6.0,18.0,3,18.0,0.0
1218,2024-08-09,completed,web,175,Julian,Blanco,julian.blanco175@example.com,Madrid,Spain,2024-04-05,5383,218,Memory Foam Lumbar Pillow,Furniture,14.0,32.0,2,32.0,5.0
1219,2024-12-19,completed,web,194,Julian,Mendoza,julian.mendoza194@example.com,Lima,Peru,2024-11-19,5384,235,UV Sanitizer Travel Case,Accessories,15.0,35.0,1,35.0,10.0
1219,2024-12-19,completed,web,194,Julian,Mendoza,julian.mendoza194@example.com,Lima,Peru,2024-11-19,5385,212,Streaming Microphone Kit,Electronics,45.0,99.0,1,99.0,15.0
1220,2024-10-23,completed,web,219,Valeria,Flores,valeria.flores219@example.com,Guadalajara,Mexico,2024-08-30,5386,205,Fast Wireless Charging Pad,Electronics,12.0,29.99,1,29.99,0.0
1220,2024-10-23,completed,web,219,Valeria,Flores,valeria.flores219@example.com,Guadalajara,Mexico,2024-08-30,5387,227,Compression Sport Socks 3-Pack,Apparel,5.0,15.0,1,15.0,0.0
1220,2024-10-23,completed,web,219,Valeria,Flores,valeria.flores219@example.com,Guadalajara,Mexico,2024-08-30,5388,232,Laptop Sleeve Protective Case,Accessories,12.0,27.99,1,27.99,0.0
1221,2026-02-04,completed,web,140,Esteban,Blanco,esteban.blanco140@example.com,Rosario,Argentina,2025-10-18,5389,231,Minimalist Leather Wallet,Accessories,14.0,34.5,1,34.5,10.0
1222,2024-05-16,completed,web,230,Tomas,Blanco,tomas.blanco230@example.com,Medellin,Colombia,2024-01-29,5390,224,Performance Athletic T-Shirt,Apparel,10.0,28.0,1,28.0,0.0
1222,2024-05-16,completed,web,230,Tomas,Blanco,tomas.blanco230@example.com,Medellin,Colombia,2024-01-29,5391,235,UV Sanitizer Travel Case,Accessories,15.0,35.0,2,35.0,0.0
1223,2024-08-23,returned,in_store,297,Felipe,Rojas,felipe.rojas297@example.com,Cali,Colombia,2024-06-20,5392,203,Mechanical RGB Keyboard,Electronics,40.0,79.5,1,79.5,15.0
1224,2024-06-15,shipped,web,274,Catalina,Ortega,catalina.ortega274@example.com,Valparaiso,Chile,2024-03-04,5393,228,Lightweight Travel Duffel Bag,Apparel,22.0,52.0,1,52.0,15.0
1224,2024-06-15,shipped,web,274,Catalina,Ortega,catalina.ortega274@example.com,Valparaiso,Chile,2024-03-04,5394,207,USB-C Multiport Adapter Hub,Electronics,18.0,42.0,1,42.0,10.0
1224,2024-06-15,shipped,web,274,Catalina,Ortega,catalina.ortega274@example.com,Valparaiso,Chile,2024-03-04,5395,201,Wireless Noise-Canceling Headphones,Electronics,65.0,129.99,1,129.99,0.0
1224,2024-06-15,shipped,web,274,Catalina,Ortega,catalina.ortega274@example.com,Valparaiso,Chile,2024-03-04,5396,217,Desk Lamp with Wireless Charger,Furniture,20.0,45.0,1,45.0,5.0
1225,2025-01-06,completed,web,219,Valeria,Flores,valeria.flores219@example.com,Guadalajara,Mexico,2024-08-30,5397,231,Minimalist Leather Wallet,Accessories,14.0,34.5,2,34.5,0.0
1225,2025-01-06,completed,web,219,Valeria,Flores,valeria.flores219@example.com,Guadalajara,Mexico,2024-08-30,5398,207,USB-C Multiport Adapter Hub,Electronics,18.0,42.0,1,42.0,15.0
1225,2025-01-06,completed,web,219,Valeria,Flores,valeria.flores219@example.com,Guadalajara,Mexico,2024-08-30,5399,219,Under-Desk Cable Tray,Furniture,10.0,24.5,1,24.5,0.0
1225,2025-01-06,completed,web,219,Valeria,Flores,valeria.flores219@example.com,Guadalajara,Mexico,2024-08-30,5400,227,Compression Sport Socks 3-Pack,Apparel,5.0,15.0,1,15.0,0.0
1226,2026-01-05,completed,mobile_app,217,Diego,Delgado,diego.delgado217@example.com,Cordoba,Argentina,2025-11-13,5401,207,USB-C Multiport Adapter Hub,Electronics,18.0,42.0,1,42.0,15.0
1227,2025-03-24,completed,web,216,Lucia,Perez,lucia.perez216@example.com,Barcelona,Spain,2025-01-01,5402,208,High-Speed External SSD 1TB,Electronics,55.0,119.99,1,119.99,0.0
1228,2024-10-20,cancelled,web,266,Victoria,Acosta,victoria.acosta266@example.com,Lima,Peru,2024-09-22,5403,216,Compact Bookcase 4-Tier,Furniture,40.0,89.5,1,89.5,0.0
1228,2024-10-20,cancelled,web,266,Victoria,Acosta,victoria.acosta266@example.com,Lima,Peru,2024-09-22,5404,234,Silicone Keyring Organizer,Accessories,4.0,12.0,1,12.0,0.0
1228,2024-10-20,cancelled,web,266,Victoria,Acosta,victoria.acosta266@example.com,Lima,Peru,2024-09-22,5405,212,Streaming Microphone Kit,Electronics,45.0,99.0,3,99.0,0.0
1229,2024-07-26,completed,mobile_app,204,Esteban,Torres,esteban.torres204@example.com,Rio de Janeiro,Brazil,2024-06-08,5406,226,Thermal Winter Beanie,Apparel,6.0,18.0,1,18.0,0.0
1229,2024-07-26,completed,mobile_app,204,Esteban,Torres,esteban.torres204@example.com,Rio de Janeiro,Brazil,2024-06-08,5407,202,Smart Fitness Watch v2,Electronics,45.0,89.99,2,89.99,5.0
1230,2024-12-06,completed,web,252,Tomas,Herrera,tomas.herrera252@example.com,Bogota,Colombia,2024-08-18,5408,214,Adjustable Standing Desk,Furniture,180.0,349.99,2,349.99,20.0
1230,2024-12-06,completed,web,252,Tomas,Herrera,tomas.herrera252@example.com,Bogota,Colombia,2024-08-18,5409,218,Memory Foam Lumbar Pillow,Furniture,14.0,32.0,2,32.0,10.0
1231,2025-12-19,completed,web,127,Sebastian,Gonzalez,sebastian.gonzalez127@example.com,Buenos Aires,Argentina,2025-08-03,5410,230,Polarized Sport Sunglasses,Accessories,15.0,39.99,1,39.99,15.0
1232,2024-06-09,returned,web,226,Tomas,Herrera,tomas.herrera226@example.com,Cordoba,Argentina,2024-01-25,5411,226,Thermal Winter Beanie,Apparel,6.0,18.0,1,18.0,0.0
1232,2024-06-09,returned,web,226,Tomas,Herrera,tomas.herrera226@example.com,Cordoba,Argentina,2024-01-25,5412,208,High-Speed External SSD 1TB,Electronics,55.0,119.99,2,119.99,10.0
1233,2024-08-21,returned,mobile_app,145,Martin,Cabrera,martin.cabrera145@example.com,Buenos Aires,Argentina,2024-06-05,5413,209,True Wireless Earbuds Pro,Electronics,38.0,84.99,1,84.99,0.0
1234,2025-05-10,completed,web,179,Sofia,Navarro,sofia.navarro179@example.com,Rosario,Argentina,2025-04-10,5414,233,Universal Travel Power Adapter,Accessories,9.0,22.5,1,22.5,0.0
1234,2025-05-10,completed,web,179,Sofia,Navarro,sofia.navarro179@example.com,Rosario,Argentina,2025-04-10,5415,225,Windbreaker Light Jacket,Apparel,28.0,65.0,1,65.0,5.0
1235,2024-02-21,completed,mobile_app,209,Elena,Rojas,elena.rojas209@example.com,Barcelona,Spain,2024-01-04,5416,212,Streaming Microphone Kit,Electronics,45.0,99.0,1,99.0,0.0
1235,2024-02-21,completed,mobile_app,209,Elena,Rojas,elena.rojas209@example.com,Barcelona,Spain,2024-01-04,5417,211,Smart Home Security Camera,Electronics,35.0,74.99,1,74.99,20.0
1236,2025-01-15,completed,web,216,Lucia,Perez,lucia.perez216@example.com,Barcelona,Spain,2025-01-01,5418,213,Ergonomic Office Chair,Furniture,110.0,219.0,3,219.0,10.0
1236,2025-01-15,completed,web,216,Lucia,Perez,lucia.perez216@example.com,Barcelona,Spain,2025-01-01,5419,225,Windbreaker Light Jacket,Apparel,28.0,65.0,1,65.0,5.0
1237,2025-05-30,completed,in_store,276,Felipe,Rodriguez,felipe.rodriguez276@example.com,Montevideo,Uruguay,2025-01-24,5420,232,Laptop Sleeve Protective Case,Accessories,12.0,27.99,1,27.99,0.0
1237,2025-05-30,completed,in_store,276,Felipe,Rodriguez,felipe.rodriguez276@example.com,Montevideo,Uruguay,2025-01-24,5421,211,Smart Home Security Camera,Electronics,35.0,74.99,2,74.99,0.0
1237,2025-05-30,completed,in_store,276,Felipe,Rodriguez,felipe.rodriguez276@example.com,Montevideo,Uruguay,2025-01-24,5422,206,Bluetooth Portable Speaker,Electronics,25.0,59.99,1,59.99,0.0
1238,2025-04-29,completed,web,158,Isabella,Herrera,isabella.herrera158@example.com,Valencia,Spain,2024-12-12,5423,232,Laptop Sleeve Protective Case,Accessories,12.0,27.99,1,27.99,0.0
1238,2025-04-29,completed,web,158,Isabella,Herrera,isabella.herrera158@example.com,Valencia,Spain,2024-12-12,5424,233,Universal Travel Power Adapter,Accessories,9.0,22.5,1,22.5,0.0
1239,2024-06-15,completed,mobile_app,299,Lucia,Torres,lucia.torres299@example.com,Montevideo,Uruguay,2024-01-27,5425,203,Mechanical RGB Keyboard,Electronics,40.0,79.5,1,79.5,5.0
1239,2024-06-15,completed,mobile_app,299,Lucia,Torres,lucia.torres299@example.com,Montevideo,Uruguay,2024-01-27,5426,229,Stainless Steel Water Bottle,Accessories,6.5,19.99,1,19.99,0.0
1239,2024-06-15,completed,mobile_app,299,Lucia,Torres,lucia.torres299@example.com,Montevideo,Uruguay,2024-01-27,5427,235,UV Sanitizer Travel Case,Accessories,15.0,35.0,2,35.0,20.0
1240,2024-07-31,completed,mobile_app,164,Paula,Castro,paula.castro164@example.com,Rio de Janeiro,Brazil,2024-05-15,5428,206,Bluetooth Portable Speaker,Electronics,25.0,59.99,1,59.99,0.0
1241,2024-03-28,completed,in_store,299,Lucia,Torres,lucia.torres299@example.com,Montevideo,Uruguay,2024-01-27,5429,223,Breathable Running Shoes,Apparel,35.0,85.0,1,85.0,0.0
1241,2024-03-28,completed,in_store,299,Lucia,Torres,lucia.torres299@example.com,Montevideo,Uruguay,2024-01-27,5430,228,Lightweight Travel Duffel Bag,Apparel,22.0,52.0,2,52.0,20.0
1242,2024-10-14,completed,web,153,Paula,Blanco,paula.blanco153@example.com,Monterrey,Mexico,2024-09-28,5431,235,UV Sanitizer Travel Case,Accessories,15.0,35.0,1,35.0,15.0
1242,2024-10-14,completed,web,153,Paula,Blanco,paula.blanco153@example.com,Monterrey,Mexico,2024-09-28,5432,211,Smart Home Security Camera,Electronics,35.0,74.99,1,74.99,10.0
1243,2024-07-13,cancelled,web,169,Emilia,Contreras,emilia.contreras169@example.com,Mexico City,Mexico,2024-03-03,5433,227,Compression Sport Socks 3-Pack,Apparel,5.0,15.0,2,15.0,0.0
1244,2025-08-05,cancelled,web,171,Isabella,Castro,isabella.castro171@example.com,Buenos Aires,Argentina,2025-07-03,5434,221,Organic Cotton Hoodie,Apparel,18.0,45.0,2,45.0,20.0
1245,2024-06-13,completed,web,274,Catalina,Ortega,catalina.ortega274@example.com,Valparaiso,Chile,2024-03-04,5435,218,Memory Foam Lumbar Pillow,Furniture,14.0,32.0,1,32.0,0.0
1245,2024-06-13,completed,web,274,Catalina,Ortega,catalina.ortega274@example.com,Valparaiso,Chile,2024-03-04,5436,227,Compression Sport Socks 3-Pack,Apparel,5.0,15.0,1,15.0,0.0
1246,2024-07-14,completed,mobile_app,297,Felipe,Rojas,felipe.rojas297@example.com,Cali,Colombia,2024-06-20,5437,224,Performance Athletic T-Shirt,Apparel,10.0,28.0,3,28.0,0.0
1246,2024-07-14,completed,mobile_app,297,Felipe,Rojas,felipe.rojas297@example.com,Cali,Colombia,2024-06-20,5438,230,Polarized Sport Sunglasses,Accessories,15.0,39.99,1,39.99,0.0
1247,2024-02-20,processing,mobile_app,299,Lucia,Torres,lucia.torres299@example.com,Montevideo,Uruguay,2024-01-27,5439,223,Breathable Running Shoes,Apparel,35.0,85.0,2,85.0,5.0
1247,2024-02-20,processing,mobile_app,299,Lucia,Torres,lucia.torres299@example.com,Montevideo,Uruguay,2024-01-27,5440,205,Fast Wireless Charging Pad,Electronics,12.0,29.99,1,29.99,0.0
1248,2024-08-08,completed,web,210,Gabriel,Vargas,gabriel.vargas210@example.com,Rosario,Argentina,2024-06-14,5441,219,Under-Desk Cable Tray,Furniture,10.0,24.5,1,24.5,0.0
1249,2025-07-11,completed,mobile_app,248,Daniel,Delgado,daniel.delgado248@example.com,Buenos Aires,Argentina,2025-06-07,5442,204,Ultra HD 27-inch Monitor,Electronics,160.0,289.0,1,289.0,20.0
1249,2025-07-11,completed,mobile_app,248,Daniel,Delgado,daniel.delgado248@example.com,Buenos Aires,Argentina,2025-06-07,5443,203,Mechanical RGB Keyboard,Electronics,40.0,79.5,2,79.5,0.0
1250,2025-04-24,completed,mobile_app,132,Sebastian,Flores,sebastian.flores132@example.com,Montevideo,Uruguay,2025-03-14,5444,228,Lightweight Travel Duffel Bag,Apparel,22.0,52.0,1,52.0,15.0
1251,2025-08-06,completed,web,134,Isabella,Vargas,isabella.vargas134@example.com,Sao Paulo,Brazil,2025-05-20,5445,224,Performance Athletic T-Shirt,Apparel,10.0,28.0,1,28.0,0.0
1252,2024-04-28,completed,mobile_app,196,Valeria,Bravo,valeria.bravo196@example.com,Mexico City,Mexico,2024-03-16,5446,215,Monitor Riser with Drawer,Furniture,22.0,49.99,1,49.99,15.0
1252,2024-04-28,completed,mobile_app,196,Valeria,Bravo,valeria.bravo196@example.com,Mexico City,Mexico,2024-03-16,5447,228,Lightweight Travel Duffel Bag,Apparel,22.0,52.0,1,52.0,0.0
1253,2025-02-15,completed,mobile_app,223,Valentina,Espinoza,valentina.espinoza223@example.com,Mexico City,Mexico,2025-01-26,5448,229,Stainless Steel Water Bottle,Accessories,6.5,19.99,1,19.99,0.0
1254,2025-12-06,completed,mobile_app,279,Victoria,Flores,victoria.flores279@example.com,Rio de Janeiro,Brazil,2025-09-09,5449,231,Minimalist Leather Wallet,Accessories,14.0,34.5,1,34.5,0.0
1254,2025-12-06,completed,mobile_app,279,Victoria,Flores,victoria.flores279@example.com,Rio de Janeiro,Brazil,2025-09-09,5450,205,Fast Wireless Charging Pad,Electronics,12.0,29.99,1,29.99,0.0
1255,2025-08-30,completed,web,127,Sebastian,Gonzalez,sebastian.gonzalez127@example.com,Buenos Aires,Argentina,2025-08-03,5451,209,True Wireless Earbuds Pro,Electronics,38.0,84.99,1,84.99,10.0
1255,2025-08-30,completed,web,127,Sebastian,Gonzalez,sebastian.gonzalez127@example.com,Buenos Aires,Argentina,2025-08-03,5452,225,Windbreaker Light Jacket,Apparel,28.0,65.0,1,65.0,15.0
1255,2025-08-30,completed,web,127,Sebastian,Gonzalez,sebastian.gonzalez127@example.com,Buenos Aires,Argentina,2025-08-03,5453,210,Ergonomic Vertical Mouse,Electronics,20.0,49.99,1,49.99,0.0
1256,2024-05-20,returned,in_store,285,Nicolas,Delgado,nicolas.delgado285@example.com,Madrid,Spain,2024-03-26,5454,227,Compression Sport Socks 3-Pack,Apparel,5.0,15.0,1,15.0,0.0
1257,2025-09-13,completed,web,214,Lucas,Perez,lucas.perez214@example.com,Montevideo,Uruguay,2025-07-19,5455,208,High-Speed External SSD 1TB,Electronics,55.0,119.99,1,119.99,5.0
1258,2025-11-19,completed,web,190,Elena,Delgado,elena.delgado190@example.com,Montevideo,Uruguay,2025-08-01,5456,206,Bluetooth Portable Speaker,Electronics,25.0,59.99,1,59.99,10.0
1259,2025-11-29,shipped,in_store,254,Lucas,Herrera,lucas.herrera254@example.com,Arequipa,Peru,2025-09-17,5457,220,Footrest with Massage Texture,Furniture,16.0,36.0,1,36.0,10.0
1260,2025-10-05,processing,mobile_app,231,Camila,Rojas,camila.rojas231@example.com,Monterrey,Mexico,2025-08-17,5458,204,Ultra HD 27-inch Monitor,Electronics,160.0,289.0,2,289.0,20.0
1261,2024-07-18,completed,web,162,Mateo,Silva,mateo.silva162@example.com,Medellin,Colombia,2024-03-13,5459,205,Fast Wireless Charging Pad,Electronics,12.0,29.99,1,29.99,0.0
1262,2024-05-03,completed,web,104,Nicolas,Romero,nicolas.romero104@example.com,Barcelona,Spain,2024-01-31,5460,227,Compression Sport Socks 3-Pack,Apparel,5.0,15.0,1,15.0,0.0
1263,2025-10-05,shipped,mobile_app,275,Diego,Romero,diego.romero275@example.com,Santiago,Chile,2025-08-21,5461,205,Fast Wireless Charging Pad,Electronics,12.0,29.99,1,29.99,0.0
1263,2025-10-05,shipped,mobile_app,275,Diego,Romero,diego.romero275@example.com,Santiago,Chile,2025-08-21,5462,202,Smart Fitness Watch v2,Electronics,45.0,89.99,2,89.99,20.0
1263,2025-10-05,shipped,mobile_app,275,Diego,Romero,diego.romero275@example.com,Santiago,Chile,2025-08-21,5463,201,Wireless Noise-Canceling Headphones,Electronics,65.0,129.99,1,129.99,0.0
1263,2025-10-05,shipped,mobile_app,275,Diego,Romero,diego.romero275@example.com,Santiago,Chile,2025-08-21,5464,217,Desk Lamp with Wireless Charger,Furniture,20.0,45.0,1,45.0,10.0
1264,2024-10-05,completed,in_store,297,Felipe,Rojas,felipe.rojas297@example.com,Cali,Colombia,2024-06-20,5465,235,UV Sanitizer Travel Case,Accessories,15.0,35.0,1,35.0,0.0
1265,2024-07-28,completed,web,172,Daniel,Vargas,daniel.vargas172@example.com,Valparaiso,Chile,2024-07-06,5466,214,Adjustable Standing Desk,Furniture,180.0,349.99,1,349.99,5.0
1265,2024-07-28,completed,web,172,Daniel,Vargas,daniel.vargas172@example.com,Valparaiso,Chile,2024-07-06,5467,210,Ergonomic Vertical Mouse,Electronics,20.0,49.99,1,49.99,20.0
1266,2025-07-04,completed,in_store,267,Andres,Herrera,andres.herrera267@example.com,Rosario,Argentina,2025-06-17,5468,216,Compact Bookcase 4-Tier,Furniture,40.0,89.5,1,89.5,0.0
1267,2024-04-17,completed,mobile_app,212,Catalina,Rodriguez,catalina.rodriguez212@example.com,Mexico City,Mexico,2024-03-18,5469,220,Footrest with Massage Texture,Furniture,16.0,36.0,1,36.0,15.0
1267,2024-04-17,completed,mobile_app,212,Catalina,Rodriguez,catalina.rodriguez212@example.com,Mexico City,Mexico,2024-03-18,5470,212,Streaming Microphone Kit,Electronics,45.0,99.0,1,99.0,0.0
1268,2025-02-01,completed,mobile_app,142,Valentina,Ortega,valentina.ortega142@example.com,Madrid,Spain,2024-09-26,5471,217,Desk Lamp with Wireless Charger,Furniture,20.0,45.0,1,45.0,15.0
1268,2025-02-01,completed,mobile_app,142,Valentina,Ortega,valentina.ortega142@example.com,Madrid,Spain,2024-09-26,5472,211,Smart Home Security Camera,Electronics,35.0,74.99,2,74.99,0.0
1269,2024-12-31,shipped,web,288,Gabriel,Castro,gabriel.castro288@example.com,Lima,Peru,2024-11-30,5473,228,Lightweight Travel Duffel Bag,Apparel,22.0,52.0,1,52.0,0.0
1270,2024-07-22,returned,web,168,Elena,Romero,elena.romero168@example.com,Lima,Peru,2024-02-25,5474,233,Universal Travel Power Adapter,Accessories,9.0,22.5,1,22.5,0.0
1270,2024-07-22,returned,web,168,Elena,Romero,elena.romero168@example.com,Lima,Peru,2024-02-25,5475,224,Performance Athletic T-Shirt,Apparel,10.0,28.0,2,28.0,0.0
1271,2024-07-22,completed,web,143,Martin,Morales,martin.morales143@example.com,Sao Paulo,Brazil,2024-04-18,5476,208,High-Speed External SSD 1TB,Electronics,55.0,119.99,1,119.99,0.0
1271,2024-07-22,completed,web,143,Martin,Morales,martin.morales143@example.com,Sao Paulo,Brazil,2024-04-18,5477,215,Monitor Riser with Drawer,Furniture,22.0,49.99,1,49.99,20.0
1272,2024-04-03,completed,mobile_app,104,Nicolas,Romero,nicolas.romero104@example.com,Barcelona,Spain,2024-01-31,5478,210,Ergonomic Vertical Mouse,Electronics,20.0,49.99,1,49.99,20.0
1273,2024-12-28,processing,in_store,110,Gabriel,Rojas,gabriel.rojas110@example.com,Guadalajara,Mexico,2024-08-08,5479,215,Monitor Riser with Drawer,Furniture,22.0,49.99,1,49.99,15.0
1273,2024-12-28,processing,in_store,110,Gabriel,Rojas,gabriel.rojas110@example.com,Guadalajara,Mexico,2024-08-08,5480,221,Organic Cotton Hoodie,Apparel,18.0,45.0,1,45.0,20.0
1274,2026-03-30,completed,web,120,Mariana,Perez,mariana.perez120@example.com,Buenos Aires,Argentina,2025-11-17,5481,204,Ultra HD 27-inch Monitor,Electronics,160.0,289.0,1,289.0,10.0
1274,2026-03-30,completed,web,120,Mariana,Perez,mariana.perez120@example.com,Buenos Aires,Argentina,2025-11-17,5482,212,Streaming Microphone Kit,Electronics,45.0,99.0,3,99.0,5.0
1275,2025-05-24,completed,in_store,118,Agustina,Herrera,agustina.herrera118@example.com,Mexico City,Mexico,2025-01-24,5483,221,Organic Cotton Hoodie,Apparel,18.0,45.0,1,45.0,0.0
1275,2025-05-24,completed,in_store,118,Agustina,Herrera,agustina.herrera118@example.com,Mexico City,Mexico,2025-01-24,5484,206,Bluetooth Portable Speaker,Electronics,25.0,59.99,1,59.99,20.0
1275,2025-05-24,completed,in_store,118,Agustina,Herrera,agustina.herrera118@example.com,Mexico City,Mexico,2025-01-24,5485,230,Polarized Sport Sunglasses,Accessories,15.0,39.99,1,39.99,10.0
1276,2026-03-15,completed,mobile_app,163,Martin,Herrera,martin.herrera163@example.com,Rosario,Argentina,2025-11-16,5486,213,Ergonomic Office Chair,Furniture,110.0,219.0,1,219.0,5.0
1276,2026-03-15,completed,mobile_app,163,Martin,Herrera,martin.herrera163@example.com,Rosario,Argentina,2025-11-16,5487,235,UV Sanitizer Travel Case,Accessories,15.0,35.0,1,35.0,10.0
1276,2026-03-15,completed,mobile_app,163,Martin,Herrera,martin.herrera163@example.com,Rosario,Argentina,2025-11-16,5488,216,Compact Bookcase 4-Tier,Furniture,40.0,89.5,1,89.5,20.0
1276,2026-03-15,completed,mobile_app,163,Martin,Herrera,martin.herrera163@example.com,Rosario,Argentina,2025-11-16,5489,210,Ergonomic Vertical Mouse,Electronics,20.0,49.99,1,49.99,0.0
1277,2024-03-12,shipped,mobile_app,186,Martin,Gonzalez,martin.gonzalez186@example.com,Monterrey,Mexico,2024-03-11,5490,220,Footrest with Massage Texture,Furniture,16.0,36.0,1,36.0,10.0
1278,2024-12-08,completed,web,161,Felipe,Contreras,felipe.contreras161@example.com,Barcelona,Spain,2024-08-22,5491,210,Ergonomic Vertical Mouse,Electronics,20.0,49.99,2,49.99,20.0
1278,2024-12-08,completed,web,161,Felipe,Contreras,felipe.contreras161@example.com,Barcelona,Spain,2024-08-22,5492,218,Memory Foam Lumbar Pillow,Furniture,14.0,32.0,1,32.0,15.0
1278,2024-12-08,completed,web,161,Felipe,Contreras,felipe.contreras161@example.com,Barcelona,Spain,2024-08-22,5493,206,Bluetooth Portable Speaker,Electronics,25.0,59.99,2,59.99,5.0
1278,2024-12-08,completed,web,161,Felipe,Contreras,felipe.contreras161@example.com,Barcelona,Spain,2024-08-22,5494,203,Mechanical RGB Keyboard,Electronics,40.0,79.5,3,79.5,0.0
1279,2025-11-30,completed,web,249,Paula,Flores,paula.flores249@example.com,Monterrey,Mexico,2025-11-05,5495,226,Thermal Winter Beanie,Apparel,6.0,18.0,1,18.0,0.0
1279,2025-11-30,completed,web,249,Paula,Flores,paula.flores249@example.com,Monterrey,Mexico,2025-11-05,5496,205,Fast Wireless Charging Pad,Electronics,12.0,29.99,1,29.99,0.0
1280,2025-08-10,completed,web,270,Sebastian,Fernandez,sebastian.fernandez270@example.com,Medellin,Colombia,2025-07-07,5497,221,Organic Cotton Hoodie,Apparel,18.0,45.0,2,45.0,5.0
1281,2024-11-04,completed,mobile_app,280,Esteban,Herrera,esteban.herrera280@example.com,Arequipa,Peru,2024-08-12,5498,205,Fast Wireless Charging Pad,Electronics,12.0,29.99,2,29.99,0.0
1282,2024-11-02,completed,web,135,Mateo,Silva,mateo.silva135@example.com,Mexico City,Mexico,2024-06-05,5499,229,Stainless Steel Water Bottle,Accessories,6.5,19.99,1,19.99,0.0
1283,2024-09-03,completed,web,205,Sebastian,Mendoza,sebastian.mendoza205@example.com,San Jose,Costa Rica,2024-08-03,5500,214,Adjustable Standing Desk,Furniture,180.0,349.99,1,349.99,0.0
1283,2024-09-03,completed,web,205,Sebastian,Mendoza,sebastian.mendoza205@example.com,San Jose,Costa Rica,2024-08-03,5501,229,Stainless Steel Water Bottle,Accessories,6.5,19.99,1,19.99,0.0
1283,2024-09-03,completed,web,205,Sebastian,Mendoza,sebastian.mendoza205@example.com,San Jose,Costa Rica,2024-08-03,5502,220,Footrest with Massage Texture,Furniture,16.0,36.0,2,36.0,0.0
1283,2024-09-03,completed,web,205,Sebastian,Mendoza,sebastian.mendoza205@example.com,San Jose,Costa Rica,2024-08-03,5503,230,Polarized Sport Sunglasses,Accessories,15.0,39.99,2,39.99,15.0
1284,2025-03-11,completed,web,255,Agustina,Gonzalez,agustina.gonzalez255@example.com,Lima,Peru,2025-02-28,5504,216,Compact Bookcase 4-Tier,Furniture,40.0,89.5,3,89.5,5.0
1285,2025-09-15,cancelled,web,232,Sebastian,Silva,sebastian.silva232@example.com,Mexico City,Mexico,2025-09-02,5505,212,Streaming Microphone Kit,Electronics,45.0,99.0,1,99.0,5.0
1286,2025-05-24,processing,mobile_app,216,Lucia,Perez,lucia.perez216@example.com,Barcelona,Spain,2025-01-01,5506,230,Polarized Sport Sunglasses,Accessories,15.0,39.99,1,39.99,20.0
1287,2025-10-04,completed,web,136,Julian,Morales,julian.morales136@example.com,Valparaiso,Chile,2025-09-02,5507,215,Monitor Riser with Drawer,Furniture,22.0,49.99,2,49.99,0.0
1287,2025-10-04,completed,web,136,Julian,Morales,julian.morales136@example.com,Valparaiso,Chile,2025-09-02,5508,209,True Wireless Earbuds Pro,Electronics,38.0,84.99,1,84.99,15.0
1287,2025-10-04,completed,web,136,Julian,Morales,julian.morales136@example.com,Valparaiso,Chile,2025-09-02,5509,213,Ergonomic Office Chair,Furniture,110.0,219.0,1,219.0,10.0
1288,2025-01-17,completed,web,167,Camila,Torres,camila.torres167@example.com,Valparaiso,Chile,2024-12-28,5510,229,Stainless Steel Water Bottle,Accessories,6.5,19.99,2,19.99,0.0
1289,2024-11-05,completed,web,124,Clara,Contreras,clara.contreras124@example.com,Rio de Janeiro,Brazil,2024-08-12,5511,204,Ultra HD 27-inch Monitor,Electronics,160.0,289.0,2,289.0,5.0
1289,2024-11-05,completed,web,124,Clara,Contreras,clara.contreras124@example.com,Rio de Janeiro,Brazil,2024-08-12,5512,211,Smart Home Security Camera,Electronics,35.0,74.99,1,74.99,5.0
1289,2024-11-05,completed,web,124,Clara,Contreras,clara.contreras124@example.com,Rio de Janeiro,Brazil,2024-08-12,5513,228,Lightweight Travel Duffel Bag,Apparel,22.0,52.0,1,52.0,0.0
1290,2024-09-21,completed,web,191,Martin,Fernandez,martin.fernandez191@example.com,Rosario,Argentina,2024-07-28,5514,210,Ergonomic Vertical Mouse,Electronics,20.0,49.99,1,49.99,10.0
1291,2026-01-04,returned,web,258,Joaquin,Herrera,joaquin.herrera258@example.com,Guadalajara,Mexico,2025-11-02,5515,231,Minimalist Leather Wallet,Accessories,14.0,34.5,1,34.5,5.0
1291,2026-01-04,returned,web,258,Joaquin,Herrera,joaquin.herrera258@example.com,Guadalajara,Mexico,2025-11-02,5516,204,Ultra HD 27-inch Monitor,Electronics,160.0,289.0,1,289.0,0.0
1292,2024-10-24,completed,mobile_app,265,Elena,Blanco,elena.blanco265@example.com,Lima,Peru,2024-06-11,5517,235,UV Sanitizer Travel Case,Accessories,15.0,35.0,1,35.0,20.0
1292,2024-10-24,completed,mobile_app,265,Elena,Blanco,elena.blanco265@example.com,Lima,Peru,2024-06-11,5518,202,Smart Fitness Watch v2,Electronics,45.0,89.99,1,89.99,10.0
1292,2024-10-24,completed,mobile_app,265,Elena,Blanco,elena.blanco265@example.com,Lima,Peru,2024-06-11,5519,225,Windbreaker Light Jacket,Apparel,28.0,65.0,1,65.0,5.0
1292,2024-10-24,completed,mobile_app,265,Elena,Blanco,elena.blanco265@example.com,Lima,Peru,2024-06-11,5520,223,Breathable Running Shoes,Apparel,35.0,85.0,1,85.0,0.0
1293,2025-10-12,completed,in_store,182,Lucia,Castro,lucia.castro182@example.com,Barcelona,Spain,2025-08-16,5521,231,Minimalist Leather Wallet,Accessories,14.0,34.5,1,34.5,20.0
1294,2026-01-09,completed,web,250,Mateo,Mendoza,mateo.mendoza250@example.com,Sao Paulo,Brazil,2025-11-10,5522,216,Compact Bookcase 4-Tier,Furniture,40.0,89.5,1,89.5,20.0
1295,2025-03-22,shipped,web,289,Gabriel,Navarro,gabriel.navarro289@example.com,Rosario,Argentina,2025-03-07,5523,225,Windbreaker Light Jacket,Apparel,28.0,65.0,2,65.0,20.0
1295,2025-03-22,shipped,web,289,Gabriel,Navarro,gabriel.navarro289@example.com,Rosario,Argentina,2025-03-07,5524,223,Breathable Running Shoes,Apparel,35.0,85.0,1,85.0,0.0
1296,2024-11-08,processing,in_store,252,Tomas,Herrera,tomas.herrera252@example.com,Bogota,Colombia,2024-08-18,5525,202,Smart Fitness Watch v2,Electronics,45.0,89.99,1,89.99,0.0
1297,2026-02-05,completed,mobile_app,246,Diego,Romero,diego.romero246@example.com,Montevideo,Uruguay,2025-09-13,5526,232,Laptop Sleeve Protective Case,Accessories,12.0,27.99,1,27.99,0.0
1297,2026-02-05,completed,mobile_app,246,Diego,Romero,diego.romero246@example.com,Montevideo,Uruguay,2025-09-13,5527,235,UV Sanitizer Travel Case,Accessories,15.0,35.0,1,35.0,0.0
1297,2026-02-05,completed,mobile_app,246,Diego,Romero,diego.romero246@example.com,Montevideo,Uruguay,2025-09-13,5528,220,Footrest with Massage Texture,Furniture,16.0,36.0,1,36.0,0.0
1298,2024-12-04,completed,web,106,Valeria,Rodriguez,valeria.rodriguez106@example.com,Rio de Janeiro,Brazil,2024-07-22,5529,213,Ergonomic Office Chair,Furniture,110.0,219.0,2,219.0,0.0
1299,2025-10-14,completed,web,284,Catalina,Rodriguez,catalina.rodriguez284@example.com,Santiago,Chile,2025-08-29,5530,210,Ergonomic Vertical Mouse,Electronics,20.0,49.99,2,49.99,20.0
1300,2024-12-20,completed,web,235,Esteban,Bravo,esteban.bravo235@example.com,Buenos Aires,Argentina,2024-09-17,5531,226,Thermal Winter Beanie,Apparel,6.0,18.0,1,18.0,0.0
1300,2024-12-20,completed,web,235,Esteban,Bravo,esteban.bravo235@example.com,Buenos Aires,Argentina,2024-09-17,5532,207,USB-C Multiport Adapter Hub,Electronics,18.0,42.0,1,42.0,0.0
1301,2025-03-22,returned,mobile_app,288,Gabriel,Castro,gabriel.castro288@example.com,Lima,Peru,2024-11-30,5533,212,Streaming Microphone Kit,Electronics,45.0,99.0,1,99.0,10.0
1301,2025-03-22,returned,mobile_app,288,Gabriel,Castro,gabriel.castro288@example.com,Lima,Peru,2024-11-30,5534,223,Breathable Running Shoes,Apparel,35.0,85.0,2,85.0,5.0
1302,2025-06-25,completed,web,179,Sofia,Navarro,sofia.navarro179@example.com,Rosario,Argentina,2025-04-10,5535,226,Thermal Winter Beanie,Apparel,6.0,18.0,1,18.0,0.0
1302,2025-06-25,completed,web,179,Sofia,Navarro,sofia.navarro179@example.com,Rosario,Argentina,2025-04-10,5536,203,Mechanical RGB Keyboard,Electronics,40.0,79.5,1,79.5,20.0
1303,2025-07-17,returned,mobile_app,257,Felipe,Espinoza,felipe.espinoza257@example.com,Santiago,Chile,2025-05-21,5537,232,Laptop Sleeve Protective Case,Accessories,12.0,27.99,1,27.99,0.0
1304,2025-01-13,completed,web,291,Victoria,Blanco,victoria.blanco291@example.com,Barcelona,Spain,2024-12-24,5538,211,Smart Home Security Camera,Electronics,35.0,74.99,1,74.99,0.0
1304,2025-01-13,completed,web,291,Victoria,Blanco,victoria.blanco291@example.com,Barcelona,Spain,2024-12-24,5539,206,Bluetooth Portable Speaker,Electronics,25.0,59.99,1,59.99,0.0
1304,2025-01-13,completed,web,291,Victoria,Blanco,victoria.blanco291@example.com,Barcelona,Spain,2024-12-24,5540,222,Water-Resistant Backpack,Apparel,24.0,59.99,1,59.99,20.0
1304,2025-01-13,completed,web,291,Victoria,Blanco,victoria.blanco291@example.com,Barcelona,Spain,2024-12-24,5541,229,Stainless Steel Water Bottle,Accessories,6.5,19.99,1,19.99,0.0
1305,2024-10-21,completed,mobile_app,101,Julian,Torres,julian.torres101@example.com,Madrid,Spain,2024-10-08,5542,211,Smart Home Security Camera,Electronics,35.0,74.99,1,74.99,5.0
1305,2024-10-21,completed,mobile_app,101,Julian,Torres,julian.torres101@example.com,Madrid,Spain,2024-10-08,5543,227,Compression Sport Socks 3-Pack,Apparel,5.0,15.0,1,15.0,0.0
1306,2024-10-24,completed,mobile_app,197,Catalina,Castro,catalina.castro197@example.com,Sao Paulo,Brazil,2024-09-28,5544,215,Monitor Riser with Drawer,Furniture,22.0,49.99,1,49.99,20.0
1306,2024-10-24,completed,mobile_app,197,Catalina,Castro,catalina.castro197@example.com,Sao Paulo,Brazil,2024-09-28,5545,211,Smart Home Security Camera,Electronics,35.0,74.99,2,74.99,0.0
1307,2024-10-12,completed,web,106,Valeria,Rodriguez,valeria.rodriguez106@example.com,Rio de Janeiro,Brazil,2024-07-22,5546,211,Smart Home Security Camera,Electronics,35.0,74.99,2,74.99,0.0
1308,2024-12-20,completed,web,288,Gabriel,Castro,gabriel.castro288@example.com,Lima,Peru,2024-11-30,5547,231,Minimalist Leather Wallet,Accessories,14.0,34.5,1,34.5,5.0
1309,2024-11-20,completed,mobile_app,268,Paula,Contreras,paula.contreras268@example.com,Cordoba,Argentina,2024-10-08,5548,207,USB-C Multiport Adapter Hub,Electronics,18.0,42.0,1,42.0,0.0
1310,2024-12-23,processing,in_store,205,Sebastian,Mendoza,sebastian.mendoza205@example.com,San Jose,Costa Rica,2024-08-03,5549,219,Under-Desk Cable Tray,Furniture,10.0,24.5,1,24.5,0.0
1310,2024-12-23,processing,in_store,205,Sebastian,Mendoza,sebastian.mendoza205@example.com,San Jose,Costa Rica,2024-08-03,5550,220,Footrest with Massage Texture,Furniture,16.0,36.0,1,36.0,10.0
1311,2025-11-24,completed,web,241,Joaquin,Espinoza,joaquin.espinoza241@example.com,Bogota,Colombia,2025-07-21,5551,228,Lightweight Travel Duffel Bag,Apparel,22.0,52.0,1,52.0,20.0
1312,2025-11-07,completed,web,270,Sebastian,Fernandez,sebastian.fernandez270@example.com,Medellin,Colombia,2025-07-07,5552,211,Smart Home Security Camera,Electronics,35.0,74.99,1,74.99,0.0
1313,2024-10-30,completed,mobile_app,222,Renata,Delgado,renata.delgado222@example.com,Cordoba,Argentina,2024-09-30,5553,217,Desk Lamp with Wireless Charger,Furniture,20.0,45.0,1,45.0,5.0
1313,2024-10-30,completed,mobile_app,222,Renata,Delgado,renata.delgado222@example.com,Cordoba,Argentina,2024-09-30,5554,206,Bluetooth Portable Speaker,Electronics,25.0,59.99,1,59.99,5.0
1314,2025-06-01,completed,web,195,Clara,Gonzalez,clara.gonzalez195@example.com,Madrid,Spain,2025-04-14,5555,230,Polarized Sport Sunglasses,Accessories,15.0,39.99,1,39.99,20.0
1315,2024-07-26,completed,web,169,Emilia,Contreras,emilia.contreras169@example.com,Mexico City,Mexico,2024-03-03,5556,207,USB-C Multiport Adapter Hub,Electronics,18.0,42.0,1,42.0,20.0
1315,2024-07-26,completed,web,169,Emilia,Contreras,emilia.contreras169@example.com,Mexico City,Mexico,2024-03-03,5557,206,Bluetooth Portable Speaker,Electronics,25.0,59.99,1,59.99,20.0
1316,2024-06-03,completed,web,251,Julian,Cabrera,julian.cabrera251@example.com,Medellin,Colombia,2024-04-05,5558,234,Silicone Keyring Organizer,Accessories,4.0,12.0,1,12.0,0.0
1316,2024-06-03,completed,web,251,Julian,Cabrera,julian.cabrera251@example.com,Medellin,Colombia,2024-04-05,5559,227,Compression Sport Socks 3-Pack,Apparel,5.0,15.0,2,15.0,0.0
1316,2024-06-03,completed,web,251,Julian,Cabrera,julian.cabrera251@example.com,Medellin,Colombia,2024-04-05,5560,235,UV Sanitizer Travel Case,Accessories,15.0,35.0,1,35.0,0.0
1317,2024-12-16,completed,mobile_app,222,Renata,Delgado,renata.delgado222@example.com,Cordoba,Argentina,2024-09-30,5561,203,Mechanical RGB Keyboard,Electronics,40.0,79.5,2,79.5,15.0
1317,2024-12-16,completed,mobile_app,222,Renata,Delgado,renata.delgado222@example.com,Cordoba,Argentina,2024-09-30,5562,233,Universal Travel Power Adapter,Accessories,9.0,22.5,3,22.5,0.0
1317,2024-12-16,completed,mobile_app,222,Renata,Delgado,renata.delgado222@example.com,Cordoba,Argentina,2024-09-30,5563,234,Silicone Keyring Organizer,Accessories,4.0,12.0,1,12.0,0.0
1318,2024-09-28,completed,web,294,Tomas,Rodriguez,tomas.rodriguez294@example.com,San Jose,Costa Rica,2024-06-05,5564,213,Ergonomic Office Chair,Furniture,110.0,219.0,1,219.0,15.0
1318,2024-09-28,completed,web,294,Tomas,Rodriguez,tomas.rodriguez294@example.com,San Jose,Costa Rica,2024-06-05,5565,209,True Wireless Earbuds Pro,Electronics,38.0,84.99,1,84.99,20.0
1318,2024-09-28,completed,web,294,Tomas,Rodriguez,tomas.rodriguez294@example.com,San Jose,Costa Rica,2024-06-05,5566,203,Mechanical RGB Keyboard,Electronics,40.0,79.5,1,79.5,20.0
1318,2024-09-28,completed,web,294,Tomas,Rodriguez,tomas.rodriguez294@example.com,San Jose,Costa Rica,2024-06-05,5567,228,Lightweight Travel Duffel Bag,Apparel,22.0,52.0,1,52.0,0.0
1319,2025-02-10,completed,web,287,Valentina,Silva,valentina.silva287@example.com,Rosario,Argentina,2025-01-23,5568,221,Organic Cotton Hoodie,Apparel,18.0,45.0,1,45.0,20.0
1319,2025-02-10,completed,web,287,Valentina,Silva,valentina.silva287@example.com,Rosario,Argentina,2025-01-23,5569,218,Memory Foam Lumbar Pillow,Furniture,14.0,32.0,1,32.0,15.0
1320,2025-09-01,completed,web,260,Isabella,Morales,isabella.morales260@example.com,Sao Paulo,Brazil,2025-04-20,5570,210,Ergonomic Vertical Mouse,Electronics,20.0,49.99,1,49.99,10.0
1321,2025-12-12,completed,mobile_app,295,Isabella,Vargas,isabella.vargas295@example.com,Arequipa,Peru,2025-11-16,5571,219,Under-Desk Cable Tray,Furniture,10.0,24.5,2,24.5,0.0
1321,2025-12-12,completed,mobile_app,295,Isabella,Vargas,isabella.vargas295@example.com,Arequipa,Peru,2025-11-16,5572,235,UV Sanitizer Travel Case,Accessories,15.0,35.0,2,35.0,0.0
1322,2025-07-27,completed,mobile_app,199,Mariana,Mendoza,mariana.mendoza199@example.com,Monterrey,Mexico,2025-03-24,5573,212,Streaming Microphone Kit,Electronics,45.0,99.0,1,99.0,10.0
1322,2025-07-27,completed,mobile_app,199,Mariana,Mendoza,mariana.mendoza199@example.com,Monterrey,Mexico,2025-03-24,5574,218,Memory Foam Lumbar Pillow,Furniture,14.0,32.0,1,32.0,15.0
1323,2024-05-08,completed,web,203,Camila,Vargas,camila.vargas203@example.com,Rosario,Argentina,2024-04-28,5575,204,Ultra HD 27-inch Monitor,Electronics,160.0,289.0,2,289.0,0.0
1323,2024-05-08,completed,web,203,Camila,Vargas,camila.vargas203@example.com,Rosario,Argentina,2024-04-28,5576,231,Minimalist Leather Wallet,Accessories,14.0,34.5,1,34.5,20.0
1324,2025-04-13,completed,mobile_app,178,Esteban,Silva,esteban.silva178@example.com,Monterrey,Mexico,2025-01-23,5577,207,USB-C Multiport Adapter Hub,Electronics,18.0,42.0,1,42.0,15.0
1324,2025-04-13,completed,mobile_app,178,Esteban,Silva,esteban.silva178@example.com,Monterrey,Mexico,2025-01-23,5578,215,Monitor Riser with Drawer,Furniture,22.0,49.99,1,49.99,20.0
1324,2025-04-13,completed,mobile_app,178,Esteban,Silva,esteban.silva178@example.com,Monterrey,Mexico,2025-01-23,5579,209,True Wireless Earbuds Pro,Electronics,38.0,84.99,1,84.99,15.0
1325,2025-06-07,completed,mobile_app,207,Agustina,Rojas,agustina.rojas207@example.com,Sao Paulo,Brazil,2025-05-15,5580,227,Compression Sport Socks 3-Pack,Apparel,5.0,15.0,1,15.0,0.0
1326,2026-03-29,completed,web,295,Isabella,Vargas,isabella.vargas295@example.com,Arequipa,Peru,2025-11-16,5581,211,Smart Home Security Camera,Electronics,35.0,74.99,1,74.99,10.0
1326,2026-03-29,completed,web,295,Isabella,Vargas,isabella.vargas295@example.com,Arequipa,Peru,2025-11-16,5582,205,Fast Wireless Charging Pad,Electronics,12.0,29.99,1,29.99,0.0
1327,2026-03-30,completed,web,300,Clara,Mendoza,clara.mendoza300@example.com,Montevideo,Uruguay,2025-11-24,5583,213,Ergonomic Office Chair,Furniture,110.0,219.0,2,219.0,0.0
1328,2025-07-03,completed,web,109,Renata,Rodriguez,renata.rodriguez109@example.com,Monterrey,Mexico,2025-03-08,5584,218,Memory Foam Lumbar Pillow,Furniture,14.0,32.0,2,32.0,10.0
1328,2025-07-03,completed,web,109,Renata,Rodriguez,renata.rodriguez109@example.com,Monterrey,Mexico,2025-03-08,5585,224,Performance Athletic T-Shirt,Apparel,10.0,28.0,1,28.0,0.0
1329,2025-03-22,completed,web,132,Sebastian,Flores,sebastian.flores132@example.com,Montevideo,Uruguay,2025-03-14,5586,229,Stainless Steel Water Bottle,Accessories,6.5,19.99,3,19.99,0.0
1329,2025-03-22,completed,web,132,Sebastian,Flores,sebastian.flores132@example.com,Montevideo,Uruguay,2025-03-14,5587,212,Streaming Microphone Kit,Electronics,45.0,99.0,1,99.0,10.0
1330,2025-10-29,completed,web,190,Elena,Delgado,elena.delgado190@example.com,Montevideo,Uruguay,2025-08-01,5588,206,Bluetooth Portable Speaker,Electronics,25.0,59.99,1,59.99,0.0
1330,2025-10-29,completed,web,190,Elena,Delgado,elena.delgado190@example.com,Montevideo,Uruguay,2025-08-01,5589,219,Under-Desk Cable Tray,Furniture,10.0,24.5,1,24.5,0.0
1331,2025-05-22,completed,mobile_app,247,Julian,Fernandez,julian.fernandez247@example.com,Lima,Peru,2025-03-28,5590,214,Adjustable Standing Desk,Furniture,180.0,349.99,1,349.99,5.0
1332,2025-09-08,shipped,in_store,232,Sebastian,Silva,sebastian.silva232@example.com,Mexico City,Mexico,2025-09-02,5591,231,Minimalist Leather Wallet,Accessories,14.0,34.5,1,34.5,10.0
1332,2025-09-08,shipped,in_store,232,Sebastian,Silva,sebastian.silva232@example.com,Mexico City,Mexico,2025-09-02,5592,209,True Wireless Earbuds Pro,Electronics,38.0,84.99,2,84.99,0.0
1333,2025-07-17,processing,in_store,165,Victoria,Bravo,victoria.bravo165@example.com,Montevideo,Uruguay,2025-04-29,5593,228,Lightweight Travel Duffel Bag,Apparel,22.0,52.0,2,52.0,5.0
1333,2025-07-17,processing,in_store,165,Victoria,Bravo,victoria.bravo165@example.com,Montevideo,Uruguay,2025-04-29,5594,225,Windbreaker Light Jacket,Apparel,28.0,65.0,1,65.0,5.0
1334,2025-06-06,returned,mobile_app,178,Esteban,Silva,esteban.silva178@example.com,Monterrey,Mexico,2025-01-23,5595,201,Wireless Noise-Canceling Headphones,Electronics,65.0,129.99,3,129.99,20.0
1334,2025-06-06,returned,mobile_app,178,Esteban,Silva,esteban.silva178@example.com,Monterrey,Mexico,2025-01-23,5596,233,Universal Travel Power Adapter,Accessories,9.0,22.5,2,22.5,0.0
1335,2025-09-26,completed,in_store,244,Nicolas,Mendoza,nicolas.mendoza244@example.com,Santiago,Chile,2025-07-15,5597,205,Fast Wireless Charging Pad,Electronics,12.0,29.99,1,29.99,0.0
1336,2025-09-25,completed,web,171,Isabella,Castro,isabella.castro171@example.com,Buenos Aires,Argentina,2025-07-03,5598,220,Footrest with Massage Texture,Furniture,16.0,36.0,1,36.0,20.0
1336,2025-09-25,completed,web,171,Isabella,Castro,isabella.castro171@example.com,Buenos Aires,Argentina,2025-07-03,5599,213,Ergonomic Office Chair,Furniture,110.0,219.0,1,219.0,0.0
1337,2025-12-30,returned,web,254,Lucas,Herrera,lucas.herrera254@example.com,Arequipa,Peru,2025-09-17,5600,202,Smart Fitness Watch v2,Electronics,45.0,89.99,3,89.99,0.0
1337,2025-12-30,returned,web,254,Lucas,Herrera,lucas.herrera254@example.com,Arequipa,Peru,2025-09-17,5601,232,Laptop Sleeve Protective Case,Accessories,12.0,27.99,2,27.99,0.0
1338,2024-09-16,processing,web,204,Esteban,Torres,esteban.torres204@example.com,Rio de Janeiro,Brazil,2024-06-08,5602,213,Ergonomic Office Chair,Furniture,110.0,219.0,1,219.0,0.0
1338,2024-09-16,processing,web,204,Esteban,Torres,esteban.torres204@example.com,Rio de Janeiro,Brazil,2024-06-08,5603,222,Water-Resistant Backpack,Apparel,24.0,59.99,1,59.99,15.0
1339,2024-12-31,completed,web,222,Renata,Delgado,renata.delgado222@example.com,Cordoba,Argentina,2024-09-30,5604,212,Streaming Microphone Kit,Electronics,45.0,99.0,1,99.0,15.0
1339,2024-12-31,completed,web,222,Renata,Delgado,renata.delgado222@example.com,Cordoba,Argentina,2024-09-30,5605,219,Under-Desk Cable Tray,Furniture,10.0,24.5,1,24.5,0.0
1339,2024-12-31,completed,web,222,Renata,Delgado,renata.delgado222@example.com,Cordoba,Argentina,2024-09-30,5606,207,USB-C Multiport Adapter Hub,Electronics,18.0,42.0,2,42.0,20.0
1340,2025-02-21,returned,web,147,Clara,Rodriguez,clara.rodriguez147@example.com,San Jose,Costa Rica,2024-11-27,5607,215,Monitor Riser with Drawer,Furniture,22.0,49.99,1,49.99,0.0
1341,2026-01-04,completed,web,208,Sebastian,Silva,sebastian.silva208@example.com,Valencia,Spain,2025-10-11,5608,230,Polarized Sport Sunglasses,Accessories,15.0,39.99,1,39.99,20.0
1341,2026-01-04,completed,web,208,Sebastian,Silva,sebastian.silva208@example.com,Valencia,Spain,2025-10-11,5609,208,High-Speed External SSD 1TB,Electronics,55.0,119.99,1,119.99,10.0
1342,2025-03-30,completed,web,259,Felipe,Rodriguez,felipe.rodriguez259@example.com,Mexico City,Mexico,2025-03-11,5610,225,Windbreaker Light Jacket,Apparel,28.0,65.0,1,65.0,0.0
1342,2025-03-30,completed,web,259,Felipe,Rodriguez,felipe.rodriguez259@example.com,Mexico City,Mexico,2025-03-11,5611,234,Silicone Keyring Organizer,Accessories,4.0,12.0,2,12.0,0.0
1343,2026-01-04,completed,web,139,Agustina,Rodriguez,agustina.rodriguez139@example.com,Mexico City,Mexico,2025-11-29,5612,230,Polarized Sport Sunglasses,Accessories,15.0,39.99,1,39.99,20.0
1344,2025-10-15,shipped,web,284,Catalina,Rodriguez,catalina.rodriguez284@example.com,Santiago,Chile,2025-08-29,5613,212,Streaming Microphone Kit,Electronics,45.0,99.0,1,99.0,0.0
1344,2025-10-15,shipped,web,284,Catalina,Rodriguez,catalina.rodriguez284@example.com,Santiago,Chile,2025-08-29,5614,221,Organic Cotton Hoodie,Apparel,18.0,45.0,1,45.0,0.0
1345,2025-12-30,completed,in_store,295,Isabella,Vargas,isabella.vargas295@example.com,Arequipa,Peru,2025-11-16,5615,206,Bluetooth Portable Speaker,Electronics,25.0,59.99,1,59.99,5.0
1346,2025-03-10,completed,mobile_app,263,Martin,Blanco,martin.blanco263@example.com,San Jose,Costa Rica,2024-11-20,5616,225,Windbreaker Light Jacket,Apparel,28.0,65.0,1,65.0,0.0
1346,2025-03-10,completed,mobile_app,263,Martin,Blanco,martin.blanco263@example.com,San Jose,Costa Rica,2024-11-20,5617,201,Wireless Noise-Canceling Headphones,Electronics,65.0,129.99,3,129.99,0.0
1346,2025-03-10,completed,mobile_app,263,Martin,Blanco,martin.blanco263@example.com,San Jose,Costa Rica,2024-11-20,5618,203,Mechanical RGB Keyboard,Electronics,40.0,79.5,2,79.5,10.0
1346,2025-03-10,completed,mobile_app,263,Martin,Blanco,martin.blanco263@example.com,San Jose,Costa Rica,2024-11-20,5619,235,UV Sanitizer Travel Case,Accessories,15.0,35.0,1,35.0,15.0
1347,2024-06-17,completed,in_store,102,Isabella,Herrera,isabella.herrera102@example.com,Guadalajara,Mexico,2024-04-14,5620,220,Footrest with Massage Texture,Furniture,16.0,36.0,1,36.0,10.0
1347,2024-06-17,completed,in_store,102,Isabella,Herrera,isabella.herrera102@example.com,Guadalajara,Mexico,2024-04-14,5621,209,True Wireless Earbuds Pro,Electronics,38.0,84.99,1,84.99,0.0
1347,2024-06-17,completed,in_store,102,Isabella,Herrera,isabella.herrera102@example.com,Guadalajara,Mexico,2024-04-14,5622,207,USB-C Multiport Adapter Hub,Electronics,18.0,42.0,2,42.0,0.0
1348,2024-07-31,processing,mobile_app,175,Julian,Blanco,julian.blanco175@example.com,Madrid,Spain,2024-04-05,5623,222,Water-Resistant Backpack,Apparel,24.0,59.99,2,59.99,0.0
1348,2024-07-31,processing,mobile_app,175,Julian,Blanco,julian.blanco175@example.com,Madrid,Spain,2024-04-05,5624,228,Lightweight Travel Duffel Bag,Apparel,22.0,52.0,1,52.0,5.0
1349,2024-10-20,completed,mobile_app,192,Emilia,Espinoza,emilia.espinoza192@example.com,Medellin,Colombia,2024-09-01,5625,215,Monitor Riser with Drawer,Furniture,22.0,49.99,1,49.99,0.0
1350,2024-11-21,completed,mobile_app,155,Clara,Blanco,clara.blanco155@example.com,Buenos Aires,Argentina,2024-11-15,5626,224,Performance Athletic T-Shirt,Apparel,10.0,28.0,1,28.0,0.0
1351,2024-11-13,returned,web,110,Gabriel,Rojas,gabriel.rojas110@example.com,Guadalajara,Mexico,2024-08-08,5627,204,Ultra HD 27-inch Monitor,Electronics,160.0,289.0,1,289.0,0.0
1351,2024-11-13,returned,web,110,Gabriel,Rojas,gabriel.rojas110@example.com,Guadalajara,Mexico,2024-08-08,5628,207,USB-C Multiport Adapter Hub,Electronics,18.0,42.0,1,42.0,0.0
1352,2025-09-06,completed,web,207,Agustina,Rojas,agustina.rojas207@example.com,Sao Paulo,Brazil,2025-05-15,5629,231,Minimalist Leather Wallet,Accessories,14.0,34.5,1,34.5,15.0
1352,2025-09-06,completed,web,207,Agustina,Rojas,agustina.rojas207@example.com,Sao Paulo,Brazil,2025-05-15,5630,210,Ergonomic Vertical Mouse,Electronics,20.0,49.99,1,49.99,0.0
1353,2025-11-06,returned,mobile_app,208,Sebastian,Silva,sebastian.silva208@example.com,Valencia,Spain,2025-10-11,5631,209,True Wireless Earbuds Pro,Electronics,38.0,84.99,1,84.99,0.0
1354,2025-09-17,completed,web,231,Camila,Rojas,camila.rojas231@example.com,Monterrey,Mexico,2025-08-17,5632,232,Laptop Sleeve Protective Case,Accessories,12.0,27.99,1,27.99,0.0
1354,2025-09-17,completed,web,231,Camila,Rojas,camila.rojas231@example.com,Monterrey,Mexico,2025-08-17,5633,213,Ergonomic Office Chair,Furniture,110.0,219.0,2,219.0,20.0
1355,2025-03-22,completed,in_store,234,Valeria,Alvarez,valeria.alvarez234@example.com,Mexico City,Mexico,2025-01-29,5634,211,Smart Home Security Camera,Electronics,35.0,74.99,1,74.99,5.0
1356,2024-12-06,completed,web,154,Martin,Cabrera,martin.cabrera154@example.com,Valparaiso,Chile,2024-08-04,5635,206,Bluetooth Portable Speaker,Electronics,25.0,59.99,2,59.99,20.0
1357,2025-08-02,completed,web,247,Julian,Fernandez,julian.fernandez247@example.com,Lima,Peru,2025-03-28,5636,205,Fast Wireless Charging Pad,Electronics,12.0,29.99,2,29.99,0.0
1357,2025-08-02,completed,web,247,Julian,Fernandez,julian.fernandez247@example.com,Lima,Peru,2025-03-28,5637,207,USB-C Multiport Adapter Hub,Electronics,18.0,42.0,1,42.0,5.0
1358,2025-04-29,completed,web,176,Clara,Herrera,clara.herrera176@example.com,Monterrey,Mexico,2025-02-20,5638,212,Streaming Microphone Kit,Electronics,45.0,99.0,2,99.0,20.0
1359,2024-07-07,cancelled,web,175,Julian,Blanco,julian.blanco175@example.com,Madrid,Spain,2024-04-05,5639,208,High-Speed External SSD 1TB,Electronics,55.0,119.99,1,119.99,20.0
1360,2024-12-21,completed,mobile_app,112,Joaquin,Torres,joaquin.torres112@example.com,Cali,Colombia,2024-12-18,5640,222,Water-Resistant Backpack,Apparel,24.0,59.99,2,59.99,10.0
1360,2024-12-21,completed,mobile_app,112,Joaquin,Torres,joaquin.torres112@example.com,Cali,Colombia,2024-12-18,5641,223,Breathable Running Shoes,Apparel,35.0,85.0,1,85.0,15.0
1361,2024-11-16,completed,web,124,Clara,Contreras,clara.contreras124@example.com,Rio de Janeiro,Brazil,2024-08-12,5642,226,Thermal Winter Beanie,Apparel,6.0,18.0,3,18.0,0.0
1362,2024-07-29,cancelled,mobile_app,170,Joaquin,Flores,joaquin.flores170@example.com,Medellin,Colombia,2024-04-21,5643,211,Smart Home Security Camera,Electronics,35.0,74.99,1,74.99,15.0
1362,2024-07-29,cancelled,mobile_app,170,Joaquin,Flores,joaquin.flores170@example.com,Medellin,Colombia,2024-04-21,5644,208,High-Speed External SSD 1TB,Electronics,55.0,119.99,1,119.99,20.0
1363,2025-04-17,completed,mobile_app,141,Gabriel,Torres,gabriel.torres141@example.com,Bogota,Colombia,2025-03-21,5645,229,Stainless Steel Water Bottle,Accessories,6.5,19.99,1,19.99,0.0
1363,2025-04-17,completed,mobile_app,141,Gabriel,Torres,gabriel.torres141@example.com,Bogota,Colombia,2025-03-21,5646,212,Streaming Microphone Kit,Electronics,45.0,99.0,2,99.0,10.0
1364,2024-11-14,completed,mobile_app,108,Isabella,Ortega,isabella.ortega108@example.com,Montevideo,Uruguay,2024-10-11,5647,227,Compression Sport Socks 3-Pack,Apparel,5.0,15.0,1,15.0,0.0
1365,2024-05-28,returned,web,117,Emilia,Herrera,emilia.herrera117@example.com,Bogota,Colombia,2024-03-22,5648,234,Silicone Keyring Organizer,Accessories,4.0,12.0,2,12.0,0.0
1366,2025-10-30,completed,in_store,248,Daniel,Delgado,daniel.delgado248@example.com,Buenos Aires,Argentina,2025-06-07,5649,234,Silicone Keyring Organizer,Accessories,4.0,12.0,1,12.0,0.0
1366,2025-10-30,completed,in_store,248,Daniel,Delgado,daniel.delgado248@example.com,Buenos Aires,Argentina,2025-06-07,5650,207,USB-C Multiport Adapter Hub,Electronics,18.0,42.0,1,42.0,0.0
1366,2025-10-30,completed,in_store,248,Daniel,Delgado,daniel.delgado248@example.com,Buenos Aires,Argentina,2025-06-07,5651,228,Lightweight Travel Duffel Bag,Apparel,22.0,52.0,1,52.0,15.0
1367,2025-05-02,completed,mobile_app,199,Mariana,Mendoza,mariana.mendoza199@example.com,Monterrey,Mexico,2025-03-24,5652,211,Smart Home Security Camera,Electronics,35.0,74.99,1,74.99,5.0
1368,2025-01-14,completed,in_store,227,Emilia,Castro,emilia.castro227@example.com,Santiago,Chile,2024-12-02,5653,216,Compact Bookcase 4-Tier,Furniture,40.0,89.5,3,89.5,0.0
1368,2025-01-14,completed,in_store,227,Emilia,Castro,emilia.castro227@example.com,Santiago,Chile,2024-12-02,5654,222,Water-Resistant Backpack,Apparel,24.0,59.99,1,59.99,10.0
1369,2024-09-16,completed,web,265,Elena,Blanco,elena.blanco265@example.com,Lima,Peru,2024-06-11,5655,229,Stainless Steel Water Bottle,Accessories,6.5,19.99,2,19.99,0.0
1370,2024-03-06,completed,mobile_app,215,Alejandro,Romero,alejandro.romero215@example.com,Guadalajara,Mexico,2024-02-12,5656,232,Laptop Sleeve Protective Case,Accessories,12.0,27.99,1,27.99,0.0
1371,2025-06-28,completed,mobile_app,105,Mateo,Castro,mateo.castro105@example.com,Cordoba,Argentina,2025-06-01,5657,201,Wireless Noise-Canceling Headphones,Electronics,65.0,129.99,2,129.99,20.0
1372,2025-05-17,completed,mobile_app,255,Agustina,Gonzalez,agustina.gonzalez255@example.com,Lima,Peru,2025-02-28,5658,230,Polarized Sport Sunglasses,Accessories,15.0,39.99,3,39.99,0.0
1373,2024-05-18,completed,web,114,Catalina,Torres,catalina.torres114@example.com,Santiago,Chile,2024-03-21,5659,231,Minimalist Leather Wallet,Accessories,14.0,34.5,1,34.5,0.0
1373,2024-05-18,completed,web,114,Catalina,Torres,catalina.torres114@example.com,Santiago,Chile,2024-03-21,5660,224,Performance Athletic T-Shirt,Apparel,10.0,28.0,1,28.0,0.0
1374,2024-10-24,completed,web,269,Daniel,Gonzalez,daniel.gonzalez269@example.com,Bogota,Colombia,2024-08-28,5661,219,Under-Desk Cable Tray,Furniture,10.0,24.5,1,24.5,0.0
1375,2024-04-13,completed,web,196,Valeria,Bravo,valeria.bravo196@example.com,Mexico City,Mexico,2024-03-16,5662,227,Compression Sport Socks 3-Pack,Apparel,5.0,15.0,1,15.0,0.0
1375,2024-04-13,completed,web,196,Valeria,Bravo,valeria.bravo196@example.com,Mexico City,Mexico,2024-03-16,5663,207,USB-C Multiport Adapter Hub,Electronics,18.0,42.0,1,42.0,0.0
1376,2024-03-05,completed,web,201,Renata,Contreras,renata.contreras201@example.com,Sao Paulo,Brazil,2024-01-09,5664,207,USB-C Multiport Adapter Hub,Electronics,18.0,42.0,1,42.0,15.0
1376,2024-03-05,completed,web,201,Renata,Contreras,renata.contreras201@example.com,Sao Paulo,Brazil,2024-01-09,5665,227,Compression Sport Socks 3-Pack,Apparel,5.0,15.0,2,15.0,0.0
1377,2024-05-07,shipped,mobile_app,251,Julian,Cabrera,julian.cabrera251@example.com,Medellin,Colombia,2024-04-05,5666,233,Universal Travel Power Adapter,Accessories,9.0,22.5,3,22.5,0.0
1377,2024-05-07,shipped,mobile_app,251,Julian,Cabrera,julian.cabrera251@example.com,Medellin,Colombia,2024-04-05,5667,209,True Wireless Earbuds Pro,Electronics,38.0,84.99,1,84.99,15.0
1378,2025-09-04,completed,mobile_app,113,Valeria,Rojas,valeria.rojas113@example.com,Barcelona,Spain,2025-04-15,5668,233,Universal Travel Power Adapter,Accessories,9.0,22.5,1,22.5,0.0
1378,2025-09-04,completed,mobile_app,113,Valeria,Rojas,valeria.rojas113@example.com,Barcelona,Spain,2025-04-15,5669,212,Streaming Microphone Kit,Electronics,45.0,99.0,1,99.0,20.0
1379,2025-02-01,completed,mobile_app,133,Esteban,Bravo,esteban.bravo133@example.com,Santiago,Chile,2025-01-05,5670,221,Organic Cotton Hoodie,Apparel,18.0,45.0,2,45.0,5.0
1379,2025-02-01,completed,mobile_app,133,Esteban,Bravo,esteban.bravo133@example.com,Santiago,Chile,2025-01-05,5671,233,Universal Travel Power Adapter,Accessories,9.0,22.5,3,22.5,0.0
1380,2025-09-07,completed,mobile_app,278,Andres,Navarro,andres.navarro278@example.com,Valparaiso,Chile,2025-07-05,5672,219,Under-Desk Cable Tray,Furniture,10.0,24.5,1,24.5,0.0
1380,2025-09-07,completed,mobile_app,278,Andres,Navarro,andres.navarro278@example.com,Valparaiso,Chile,2025-07-05,5673,229,Stainless Steel Water Bottle,Accessories,6.5,19.99,2,19.99,0.0
1380,2025-09-07,completed,mobile_app,278,Andres,Navarro,andres.navarro278@example.com,Valparaiso,Chile,2025-07-05,5674,209,True Wireless Earbuds Pro,Electronics,38.0,84.99,1,84.99,20.0
1380,2025-09-07,completed,mobile_app,278,Andres,Navarro,andres.navarro278@example.com,Valparaiso,Chile,2025-07-05,5675,227,Compression Sport Socks 3-Pack,Apparel,5.0,15.0,1,15.0,0.0
1381,2024-12-02,returned,web,181,Felipe,Acosta,felipe.acosta181@example.com,Guadalajara,Mexico,2024-07-13,5676,219,Under-Desk Cable Tray,Furniture,10.0,24.5,1,24.5,0.0
1382,2025-01-07,processing,mobile_app,273,Mateo,Romero,mateo.romero273@example.com,Valparaiso,Chile,2024-12-04,5677,212,Streaming Microphone Kit,Electronics,45.0,99.0,1,99.0,20.0
1382,2025-01-07,processing,mobile_app,273,Mateo,Romero,mateo.romero273@example.com,Valparaiso,Chile,2024-12-04,5678,233,Universal Travel Power Adapter,Accessories,9.0,22.5,1,22.5,0.0
1382,2025-01-07,processing,mobile_app,273,Mateo,Romero,mateo.romero273@example.com,Valparaiso,Chile,2024-12-04,5679,235,UV Sanitizer Travel Case,Accessories,15.0,35.0,1,35.0,10.0
1382,2025-01-07,processing,mobile_app,273,Mateo,Romero,mateo.romero273@example.com,Valparaiso,Chile,2024-12-04,5680,221,Organic Cotton Hoodie,Apparel,18.0,45.0,2,45.0,15.0
1383,2025-09-29,completed,mobile_app,207,Agustina,Rojas,agustina.rojas207@example.com,Sao Paulo,Brazil,2025-05-15,5681,234,Silicone Keyring Organizer,Accessories,4.0,12.0,1,12.0,0.0
1383,2025-09-29,completed,mobile_app,207,Agustina,Rojas,agustina.rojas207@example.com,Sao Paulo,Brazil,2025-05-15,5682,207,USB-C Multiport Adapter Hub,Electronics,18.0,42.0,1,42.0,0.0
1383,2025-09-29,completed,mobile_app,207,Agustina,Rojas,agustina.rojas207@example.com,Sao Paulo,Brazil,2025-05-15,5683,202,Smart Fitness Watch v2,Electronics,45.0,89.99,1,89.99,20.0
1384,2024-12-09,cancelled,web,142,Valentina,Ortega,valentina.ortega142@example.com,Madrid,Spain,2024-09-26,5684,204,Ultra HD 27-inch Monitor,Electronics,160.0,289.0,1,289.0,0.0
1385,2025-02-14,completed,web,153,Paula,Blanco,paula.blanco153@example.com,Monterrey,Mexico,2024-09-28,5685,207,USB-C Multiport Adapter Hub,Electronics,18.0,42.0,1,42.0,20.0
1385,2025-02-14,completed,web,153,Paula,Blanco,paula.blanco153@example.com,Monterrey,Mexico,2024-09-28,5686,215,Monitor Riser with Drawer,Furniture,22.0,49.99,2,49.99,15.0
1385,2025-02-14,completed,web,153,Paula,Blanco,paula.blanco153@example.com,Monterrey,Mexico,2024-09-28,5687,225,Windbreaker Light Jacket,Apparel,28.0,65.0,1,65.0,15.0
1386,2025-07-22,completed,mobile_app,113,Valeria,Rojas,valeria.rojas113@example.com,Barcelona,Spain,2025-04-15,5688,221,Organic Cotton Hoodie,Apparel,18.0,45.0,1,45.0,20.0
1386,2025-07-22,completed,mobile_app,113,Valeria,Rojas,valeria.rojas113@example.com,Barcelona,Spain,2025-04-15,5689,204,Ultra HD 27-inch Monitor,Electronics,160.0,289.0,2,289.0,20.0
1386,2025-07-22,completed,mobile_app,113,Valeria,Rojas,valeria.rojas113@example.com,Barcelona,Spain,2025-04-15,5690,201,Wireless Noise-Canceling Headphones,Electronics,65.0,129.99,1,129.99,0.0
1386,2025-07-22,completed,mobile_app,113,Valeria,Rojas,valeria.rojas113@example.com,Barcelona,Spain,2025-04-15,5691,217,Desk Lamp with Wireless Charger,Furniture,20.0,45.0,2,45.0,15.0
1387,2024-09-21,shipped,mobile_app,282,Joaquin,Fernandez,joaquin.fernandez282@example.com,Santiago,Chile,2024-06-18,5692,213,Ergonomic Office Chair,Furniture,110.0,219.0,1,219.0,15.0
1387,2024-09-21,shipped,mobile_app,282,Joaquin,Fernandez,joaquin.fernandez282@example.com,Santiago,Chile,2024-06-18,5693,219,Under-Desk Cable Tray,Furniture,10.0,24.5,1,24.5,0.0
1388,2024-10-15,completed,web,145,Martin,Cabrera,martin.cabrera145@example.com,Buenos Aires,Argentina,2024-06-05,5694,218,Memory Foam Lumbar Pillow,Furniture,14.0,32.0,1,32.0,0.0
1389,2025-02-23,completed,web,142,Valentina,Ortega,valentina.ortega142@example.com,Madrid,Spain,2024-09-26,5695,210,Ergonomic Vertical Mouse,Electronics,20.0,49.99,1,49.99,0.0
1390,2024-02-09,shipped,mobile_app,253,Renata,Castro,renata.castro253@example.com,Guadalajara,Mexico,2024-01-26,5696,220,Footrest with Massage Texture,Furniture,16.0,36.0,2,36.0,10.0
1390,2024-02-09,shipped,mobile_app,253,Renata,Castro,renata.castro253@example.com,Guadalajara,Mexico,2024-01-26,5697,232,Laptop Sleeve Protective Case,Accessories,12.0,27.99,1,27.99,0.0
1391,2024-09-08,completed,web,282,Joaquin,Fernandez,joaquin.fernandez282@example.com,Santiago,Chile,2024-06-18,5698,234,Silicone Keyring Organizer,Accessories,4.0,12.0,1,12.0,0.0
1391,2024-09-08,completed,web,282,Joaquin,Fernandez,joaquin.fernandez282@example.com,Santiago,Chile,2024-06-18,5699,205,Fast Wireless Charging Pad,Electronics,12.0,29.99,1,29.99,0.0
1391,2024-09-08,completed,web,282,Joaquin,Fernandez,joaquin.fernandez282@example.com,Santiago,Chile,2024-06-18,5700,233,Universal Travel Power Adapter,Accessories,9.0,22.5,1,22.5,0.0
1391,2024-09-08,completed,web,282,Joaquin,Fernandez,joaquin.fernandez282@example.com,Santiago,Chile,2024-06-18,5701,211,Smart Home Security Camera,Electronics,35.0,74.99,1,74.99,0.0
1392,2025-09-30,completed,web,270,Sebastian,Fernandez,sebastian.fernandez270@example.com,Medellin,Colombia,2025-07-07,5702,234,Silicone Keyring Organizer,Accessories,4.0,12.0,1,12.0,0.0
1393,2025-07-18,completed,in_store,244,Nicolas,Mendoza,nicolas.mendoza244@example.com,Santiago,Chile,2025-07-15,5703,216,Compact Bookcase 4-Tier,Furniture,40.0,89.5,2,89.5,10.0
1394,2025-06-22,completed,in_store,260,Isabella,Morales,isabella.morales260@example.com,Sao Paulo,Brazil,2025-04-20,5704,225,Windbreaker Light Jacket,Apparel,28.0,65.0,1,65.0,0.0
1394,2025-06-22,completed,in_store,260,Isabella,Morales,isabella.morales260@example.com,Sao Paulo,Brazil,2025-04-20,5705,208,High-Speed External SSD 1TB,Electronics,55.0,119.99,1,119.99,10.0
1394,2025-06-22,completed,in_store,260,Isabella,Morales,isabella.morales260@example.com,Sao Paulo,Brazil,2025-04-20,5706,217,Desk Lamp with Wireless Charger,Furniture,20.0,45.0,2,45.0,0.0
1395,2026-01-11,completed,mobile_app,232,Sebastian,Silva,sebastian.silva232@example.com,Mexico City,Mexico,2025-09-02,5707,213,Ergonomic Office Chair,Furniture,110.0,219.0,1,219.0,0.0
1396,2024-10-04,shipped,mobile_app,125,Emilia,Fernandez,emilia.fernandez125@example.com,Barcelona,Spain,2024-08-22,5708,205,Fast Wireless Charging Pad,Electronics,12.0,29.99,1,29.99,0.0
1396,2024-10-04,shipped,mobile_app,125,Emilia,Fernandez,emilia.fernandez125@example.com,Barcelona,Spain,2024-08-22,5709,214,Adjustable Standing Desk,Furniture,180.0,349.99,2,349.99,20.0
1397,2025-05-13,completed,web,276,Felipe,Rodriguez,felipe.rodriguez276@example.com,Montevideo,Uruguay,2025-01-24,5710,228,Lightweight Travel Duffel Bag,Apparel,22.0,52.0,1,52.0,0.0
1397,2025-05-13,completed,web,276,Felipe,Rodriguez,felipe.rodriguez276@example.com,Montevideo,Uruguay,2025-01-24,5711,205,Fast Wireless Charging Pad,Electronics,12.0,29.99,1,29.99,0.0
1398,2025-11-22,completed,web,284,Catalina,Rodriguez,catalina.rodriguez284@example.com,Santiago,Chile,2025-08-29,5712,212,Streaming Microphone Kit,Electronics,45.0,99.0,2,99.0,10.0
1399,2024-11-10,completed,web,119,Sebastian,Ortega,sebastian.ortega119@example.com,Cali,Colombia,2024-06-15,5713,229,Stainless Steel Water Bottle,Accessories,6.5,19.99,1,19.99,0.0
1400,2025-06-02,completed,web,211,Victoria,Ortega,victoria.ortega211@example.com,Rio de Janeiro,Brazil,2025-03-13,5714,235,UV Sanitizer Travel Case,Accessories,15.0,35.0,1,35.0,10.0
1400,2025-06-02,completed,web,211,Victoria,Ortega,victoria.ortega211@example.com,Rio de Janeiro,Brazil,2025-03-13,5715,201,Wireless Noise-Canceling Headphones,Electronics,65.0,129.99,1,129.99,15.0
1401,2025-11-22,cancelled,web,250,Mateo,Mendoza,mateo.mendoza250@example.com,Sao Paulo,Brazil,2025-11-10,5716,233,Universal Travel Power Adapter,Accessories,9.0,22.5,1,22.5,0.0
1402,2025-04-12,completed,web,276,Felipe,Rodriguez,felipe.rodriguez276@example.com,Montevideo,Uruguay,2025-01-24,5717,229,Stainless Steel Water Bottle,Accessories,6.5,19.99,1,19.99,0.0
1403,2025-07-15,completed,web,270,Sebastian,Fernandez,sebastian.fernandez270@example.com,Medellin,Colombia,2025-07-07,5718,209,True Wireless Earbuds Pro,Electronics,38.0,84.99,2,84.99,20.0
1403,2025-07-15,completed,web,270,Sebastian,Fernandez,sebastian.fernandez270@example.com,Medellin,Colombia,2025-07-07,5719,226,Thermal Winter Beanie,Apparel,6.0,18.0,1,18.0,0.0
1404,2024-12-27,completed,in_store,263,Martin,Blanco,martin.blanco263@example.com,San Jose,Costa Rica,2024-11-20,5720,224,Performance Athletic T-Shirt,Apparel,10.0,28.0,1,28.0,0.0
1404,2024-12-27,completed,in_store,263,Martin,Blanco,martin.blanco263@example.com,San Jose,Costa Rica,2024-11-20,5721,201,Wireless Noise-Canceling Headphones,Electronics,65.0,129.99,1,129.99,10.0
1404,2024-12-27,completed,in_store,263,Martin,Blanco,martin.blanco263@example.com,San Jose,Costa Rica,2024-11-20,5722,210,Ergonomic Vertical Mouse,Electronics,20.0,49.99,1,49.99,10.0
1405,2024-11-25,completed,in_store,122,Julian,Morales,julian.morales122@example.com,Rio de Janeiro,Brazil,2024-09-07,5723,223,Breathable Running Shoes,Apparel,35.0,85.0,1,85.0,15.0
1405,2024-11-25,completed,in_store,122,Julian,Morales,julian.morales122@example.com,Rio de Janeiro,Brazil,2024-09-07,5724,214,Adjustable Standing Desk,Furniture,180.0,349.99,2,349.99,0.0
1406,2024-11-13,completed,mobile_app,142,Valentina,Ortega,valentina.ortega142@example.com,Madrid,Spain,2024-09-26,5725,213,Ergonomic Office Chair,Furniture,110.0,219.0,1,219.0,10.0
1406,2024-11-13,completed,mobile_app,142,Valentina,Ortega,valentina.ortega142@example.com,Madrid,Spain,2024-09-26,5726,208,High-Speed External SSD 1TB,Electronics,55.0,119.99,2,119.99,20.0
1406,2024-11-13,completed,mobile_app,142,Valentina,Ortega,valentina.ortega142@example.com,Madrid,Spain,2024-09-26,5727,212,Streaming Microphone Kit,Electronics,45.0,99.0,2,99.0,10.0
1407,2025-01-18,completed,web,219,Valeria,Flores,valeria.flores219@example.com,Guadalajara,Mexico,2024-08-30,5728,217,Desk Lamp with Wireless Charger,Furniture,20.0,45.0,1,45.0,10.0
1407,2025-01-18,completed,web,219,Valeria,Flores,valeria.flores219@example.com,Guadalajara,Mexico,2024-08-30,5729,207,USB-C Multiport Adapter Hub,Electronics,18.0,42.0,1,42.0,0.0
1408,2024-10-04,cancelled,mobile_app,192,Emilia,Espinoza,emilia.espinoza192@example.com,Medellin,Colombia,2024-09-01,5730,219,Under-Desk Cable Tray,Furniture,10.0,24.5,1,24.5,0.0
1409,2024-06-18,completed,mobile_app,150,Isabella,Bravo,isabella.bravo150@example.com,Valencia,Spain,2024-03-28,5731,220,Footrest with Massage Texture,Furniture,16.0,36.0,1,36.0,0.0
1410,2025-03-15,completed,web,245,Tomas,Rodriguez,tomas.rodriguez245@example.com,Bogota,Colombia,2024-10-20,5732,211,Smart Home Security Camera,Electronics,35.0,74.99,2,74.99,15.0
1410,2025-03-15,completed,web,245,Tomas,Rodriguez,tomas.rodriguez245@example.com,Bogota,Colombia,2024-10-20,5733,201,Wireless Noise-Canceling Headphones,Electronics,65.0,129.99,1,129.99,5.0
1410,2025-03-15,completed,web,245,Tomas,Rodriguez,tomas.rodriguez245@example.com,Bogota,Colombia,2024-10-20,5734,221,Organic Cotton Hoodie,Apparel,18.0,45.0,1,45.0,0.0
1410,2025-03-15,completed,web,245,Tomas,Rodriguez,tomas.rodriguez245@example.com,Bogota,Colombia,2024-10-20,5735,216,Compact Bookcase 4-Tier,Furniture,40.0,89.5,1,89.5,15.0
1411,2024-06-30,completed,mobile_app,185,Martin,Alvarez,martin.alvarez185@example.com,Monterrey,Mexico,2024-02-28,5736,220,Footrest with Massage Texture,Furniture,16.0,36.0,1,36.0,0.0
1412,2024-06-26,completed,web,145,Martin,Cabrera,martin.cabrera145@example.com,Buenos Aires,Argentina,2024-06-05,5737,213,Ergonomic Office Chair,Furniture,110.0,219.0,1,219.0,0.0
1412,2024-06-26,completed,web,145,Martin,Cabrera,martin.cabrera145@example.com,Buenos Aires,Argentina,2024-06-05,5738,217,Desk Lamp with Wireless Charger,Furniture,20.0,45.0,2,45.0,15.0
1412,2024-06-26,completed,web,145,Martin,Cabrera,martin.cabrera145@example.com,Buenos Aires,Argentina,2024-06-05,5739,205,Fast Wireless Charging Pad,Electronics,12.0,29.99,1,29.99,0.0
1413,2026-03-30,completed,in_store,249,Paula,Flores,paula.flores249@example.com,Monterrey,Mexico,2025-11-05,5740,203,Mechanical RGB Keyboard,Electronics,40.0,79.5,1,79.5,10.0
1413,2026-03-30,completed,in_store,249,Paula,Flores,paula.flores249@example.com,Monterrey,Mexico,2025-11-05,5741,217,Desk Lamp with Wireless Charger,Furniture,20.0,45.0,1,45.0,20.0
1414,2026-03-03,completed,web,139,Agustina,Rodriguez,agustina.rodriguez139@example.com,Mexico City,Mexico,2025-11-29,5742,219,Under-Desk Cable Tray,Furniture,10.0,24.5,1,24.5,0.0
1414,2026-03-03,completed,web,139,Agustina,Rodriguez,agustina.rodriguez139@example.com,Mexico City,Mexico,2025-11-29,5743,209,True Wireless Earbuds Pro,Electronics,38.0,84.99,1,84.99,0.0
1414,2026-03-03,completed,web,139,Agustina,Rodriguez,agustina.rodriguez139@example.com,Mexico City,Mexico,2025-11-29,5744,230,Polarized Sport Sunglasses,Accessories,15.0,39.99,1,39.99,15.0
1415,2024-04-25,shipped,mobile_app,162,Mateo,Silva,mateo.silva162@example.com,Medellin,Colombia,2024-03-13,5745,211,Smart Home Security Camera,Electronics,35.0,74.99,1,74.99,10.0
1416,2024-10-05,processing,in_store,269,Daniel,Gonzalez,daniel.gonzalez269@example.com,Bogota,Colombia,2024-08-28,5746,223,Breathable Running Shoes,Apparel,35.0,85.0,1,85.0,5.0
1416,2024-10-05,processing,in_store,269,Daniel,Gonzalez,daniel.gonzalez269@example.com,Bogota,Colombia,2024-08-28,5747,203,Mechanical RGB Keyboard,Electronics,40.0,79.5,1,79.5,0.0
1417,2025-06-13,completed,in_store,195,Clara,Gonzalez,clara.gonzalez195@example.com,Madrid,Spain,2025-04-14,5748,224,Performance Athletic T-Shirt,Apparel,10.0,28.0,1,28.0,0.0
1418,2025-11-25,completed,mobile_app,217,Diego,Delgado,diego.delgado217@example.com,Cordoba,Argentina,2025-11-13,5749,234,Silicone Keyring Organizer,Accessories,4.0,12.0,1,12.0,0.0
1419,2025-09-09,completed,mobile_app,171,Isabella,Castro,isabella.castro171@example.com,Buenos Aires,Argentina,2025-07-03,5750,225,Windbreaker Light Jacket,Apparel,28.0,65.0,1,65.0,20.0
1419,2025-09-09,completed,mobile_app,171,Isabella,Castro,isabella.castro171@example.com,Buenos Aires,Argentina,2025-07-03,5751,224,Performance Athletic T-Shirt,Apparel,10.0,28.0,1,28.0,0.0
1420,2025-08-04,completed,mobile_app,165,Victoria,Bravo,victoria.bravo165@example.com,Montevideo,Uruguay,2025-04-29,5752,223,Breathable Running Shoes,Apparel,35.0,85.0,1,85.0,5.0
1421,2025-03-02,completed,web,255,Agustina,Gonzalez,agustina.gonzalez255@example.com,Lima,Peru,2025-02-28,5753,215,Monitor Riser with Drawer,Furniture,22.0,49.99,1,49.99,15.0
1422,2024-08-30,completed,web,172,Daniel,Vargas,daniel.vargas172@example.com,Valparaiso,Chile,2024-07-06,5754,208,High-Speed External SSD 1TB,Electronics,55.0,119.99,1,119.99,5.0
1423,2024-03-29,completed,in_store,185,Martin,Alvarez,martin.alvarez185@example.com,Monterrey,Mexico,2024-02-28,5755,214,Adjustable Standing Desk,Furniture,180.0,349.99,1,349.99,5.0
1423,2024-03-29,completed,in_store,185,Martin,Alvarez,martin.alvarez185@example.com,Monterrey,Mexico,2024-02-28,5756,211,Smart Home Security Camera,Electronics,35.0,74.99,1,74.99,0.0
1424,2025-06-01,completed,web,133,Esteban,Bravo,esteban.bravo133@example.com,Santiago,Chile,2025-01-05,5757,233,Universal Travel Power Adapter,Accessories,9.0,22.5,1,22.5,0.0
1425,2025-05-05,completed,web,247,Julian,Fernandez,julian.fernandez247@example.com,Lima,Peru,2025-03-28,5758,212,Streaming Microphone Kit,Electronics,45.0,99.0,1,99.0,5.0
1426,2026-02-09,returned,web,254,Lucas,Herrera,lucas.herrera254@example.com,Arequipa,Peru,2025-09-17,5759,219,Under-Desk Cable Tray,Furniture,10.0,24.5,1,24.5,0.0
1426,2026-02-09,returned,web,254,Lucas,Herrera,lucas.herrera254@example.com,Arequipa,Peru,2025-09-17,5760,206,Bluetooth Portable Speaker,Electronics,25.0,59.99,3,59.99,20.0
1426,2026-02-09,returned,web,254,Lucas,Herrera,lucas.herrera254@example.com,Arequipa,Peru,2025-09-17,5761,214,Adjustable Standing Desk,Furniture,180.0,349.99,1,349.99,0.0
1427,2025-11-17,completed,in_store,206,Felipe,Fernandez,felipe.fernandez206@example.com,Buenos Aires,Argentina,2025-10-11,5762,233,Universal Travel Power Adapter,Accessories,9.0,22.5,1,22.5,0.0
1428,2025-07-14,completed,mobile_app,286,Julian,Romero,julian.romero286@example.com,Guadalajara,Mexico,2025-04-17,5763,215,Monitor Riser with Drawer,Furniture,22.0,49.99,1,49.99,0.0
1428,2025-07-14,completed,mobile_app,286,Julian,Romero,julian.romero286@example.com,Guadalajara,Mexico,2025-04-17,5764,225,Windbreaker Light Jacket,Apparel,28.0,65.0,1,65.0,10.0
1429,2024-05-16,completed,mobile_app,230,Tomas,Blanco,tomas.blanco230@example.com,Medellin,Colombia,2024-01-29,5765,231,Minimalist Leather Wallet,Accessories,14.0,34.5,2,34.5,10.0
1430,2024-12-23,completed,in_store,110,Gabriel,Rojas,gabriel.rojas110@example.com,Guadalajara,Mexico,2024-08-08,5766,231,Minimalist Leather Wallet,Accessories,14.0,34.5,1,34.5,10.0
1431,2024-11-04,shipped,in_store,239,Gabriel,Delgado,gabriel.delgado239@example.com,Mexico City,Mexico,2024-11-03,5767,234,Silicone Keyring Organizer,Accessories,4.0,12.0,1,12.0,0.0
1431,2024-11-04,shipped,in_store,239,Gabriel,Delgado,gabriel.delgado239@example.com,Mexico City,Mexico,2024-11-03,5768,227,Compression Sport Socks 3-Pack,Apparel,5.0,15.0,1,15.0,0.0
1432,2024-04-21,completed,mobile_app,236,Lucas,Espinoza,lucas.espinoza236@example.com,Valparaiso,Chile,2024-01-02,5769,225,Windbreaker Light Jacket,Apparel,28.0,65.0,1,65.0,15.0
1432,2024-04-21,completed,mobile_app,236,Lucas,Espinoza,lucas.espinoza236@example.com,Valparaiso,Chile,2024-01-02,5770,223,Breathable Running Shoes,Apparel,35.0,85.0,2,85.0,20.0
1433,2026-02-04,completed,mobile_app,279,Victoria,Flores,victoria.flores279@example.com,Rio de Janeiro,Brazil,2025-09-09,5771,231,Minimalist Leather Wallet,Accessories,14.0,34.5,2,34.5,20.0
1434,2024-11-19,completed,mobile_app,122,Julian,Morales,julian.morales122@example.com,Rio de Janeiro,Brazil,2024-09-07,5772,213,Ergonomic Office Chair,Furniture,110.0,219.0,1,219.0,15.0
1435,2024-09-09,completed,web,102,Isabella,Herrera,isabella.herrera102@example.com,Guadalajara,Mexico,2024-04-14,5773,225,Windbreaker Light Jacket,Apparel,28.0,65.0,1,65.0,0.0
1435,2024-09-09,completed,web,102,Isabella,Herrera,isabella.herrera102@example.com,Guadalajara,Mexico,2024-04-14,5774,214,Adjustable Standing Desk,Furniture,180.0,349.99,1,349.99,0.0
1436,2026-02-05,returned,mobile_app,140,Esteban,Blanco,esteban.blanco140@example.com,Rosario,Argentina,2025-10-18,5775,235,UV Sanitizer Travel Case,Accessories,15.0,35.0,1,35.0,0.0
1437,2025-07-31,cancelled,mobile_app,257,Felipe,Espinoza,felipe.espinoza257@example.com,Santiago,Chile,2025-05-21,5776,227,Compression Sport Socks 3-Pack,Apparel,5.0,15.0,1,15.0,0.0
1437,2025-07-31,cancelled,mobile_app,257,Felipe,Espinoza,felipe.espinoza257@example.com,Santiago,Chile,2025-05-21,5777,231,Minimalist Leather Wallet,Accessories,14.0,34.5,1,34.5,5.0
1438,2025-07-17,completed,web,165,Victoria,Bravo,victoria.bravo165@example.com,Montevideo,Uruguay,2025-04-29,5778,226,Thermal Winter Beanie,Apparel,6.0,18.0,2,18.0,0.0
1438,2025-07-17,completed,web,165,Victoria,Bravo,victoria.bravo165@example.com,Montevideo,Uruguay,2025-04-29,5779,209,True Wireless Earbuds Pro,Electronics,38.0,84.99,1,84.99,15.0
1439,2024-12-16,cancelled,web,159,Sofia,Bravo,sofia.bravo159@example.com,Rio de Janeiro,Brazil,2024-08-23,5780,233,Universal Travel Power Adapter,Accessories,9.0,22.5,1,22.5,0.0
1440,2025-07-08,returned,in_store,187,Valeria,Gonzalez,valeria.gonzalez187@example.com,Cordoba,Argentina,2025-02-17,5781,204,Ultra HD 27-inch Monitor,Electronics,160.0,289.0,1,289.0,15.0
1440,2025-07-08,returned,in_store,187,Valeria,Gonzalez,valeria.gonzalez187@example.com,Cordoba,Argentina,2025-02-17,5782,211,Smart Home Security Camera,Electronics,35.0,74.99,1,74.99,0.0
1441,2025-11-18,completed,mobile_app,138,Daniel,Alvarez,daniel.alvarez138@example.com,Rosario,Argentina,2025-07-20,5783,217,Desk Lamp with Wireless Charger,Furniture,20.0,45.0,1,45.0,0.0
1442,2024-07-28,processing,web,256,Esteban,Contreras,esteban.contreras256@example.com,Montevideo,Uruguay,2024-07-18,5784,226,Thermal Winter Beanie,Apparel,6.0,18.0,1,18.0,0.0
1442,2024-07-28,processing,web,256,Esteban,Contreras,esteban.contreras256@example.com,Montevideo,Uruguay,2024-07-18,5785,234,Silicone Keyring Organizer,Accessories,4.0,12.0,1,12.0,0.0
1442,2024-07-28,processing,web,256,Esteban,Contreras,esteban.contreras256@example.com,Montevideo,Uruguay,2024-07-18,5786,219,Under-Desk Cable Tray,Furniture,10.0,24.5,2,24.5,0.0
1443,2024-10-10,completed,web,145,Martin,Cabrera,martin.cabrera145@example.com,Buenos Aires,Argentina,2024-06-05,5787,234,Silicone Keyring Organizer,Accessories,4.0,12.0,1,12.0,0.0
1444,2025-07-17,completed,in_store,109,Renata,Rodriguez,renata.rodriguez109@example.com,Monterrey,Mexico,2025-03-08,5788,211,Smart Home Security Camera,Electronics,35.0,74.99,1,74.99,0.0
1445,2024-03-14,completed,web,162,Mateo,Silva,mateo.silva162@example.com,Medellin,Colombia,2024-03-13,5789,226,Thermal Winter Beanie,Apparel,6.0,18.0,1,18.0,0.0
1445,2024-03-14,completed,web,162,Mateo,Silva,mateo.silva162@example.com,Medellin,Colombia,2024-03-13,5790,223,Breathable Running Shoes,Apparel,35.0,85.0,1,85.0,0.0
1445,2024-03-14,completed,web,162,Mateo,Silva,mateo.silva162@example.com,Medellin,Colombia,2024-03-13,5791,213,Ergonomic Office Chair,Furniture,110.0,219.0,1,219.0,15.0
1445,2024-03-14,completed,web,162,Mateo,Silva,mateo.silva162@example.com,Medellin,Colombia,2024-03-13,5792,234,Silicone Keyring Organizer,Accessories,4.0,12.0,2,12.0,0.0
1446,2026-02-08,completed,web,250,Mateo,Mendoza,mateo.mendoza250@example.com,Sao Paulo,Brazil,2025-11-10,5793,213,Ergonomic Office Chair,Furniture,110.0,219.0,1,219.0,5.0
1447,2025-06-09,completed,web,248,Daniel,Delgado,daniel.delgado248@example.com,Buenos Aires,Argentina,2025-06-07,5794,207,USB-C Multiport Adapter Hub,Electronics,18.0,42.0,1,42.0,10.0
1448,2025-05-19,completed,mobile_app,176,Clara,Herrera,clara.herrera176@example.com,Monterrey,Mexico,2025-02-20,5795,235,UV Sanitizer Travel Case,Accessories,15.0,35.0,1,35.0,20.0
1448,2025-05-19,completed,mobile_app,176,Clara,Herrera,clara.herrera176@example.com,Monterrey,Mexico,2025-02-20,5796,217,Desk Lamp with Wireless Charger,Furniture,20.0,45.0,1,45.0,0.0
1448,2025-05-19,completed,mobile_app,176,Clara,Herrera,clara.herrera176@example.com,Monterrey,Mexico,2025-02-20,5797,229,Stainless Steel Water Bottle,Accessories,6.5,19.99,3,19.99,0.0
1448,2025-05-19,completed,mobile_app,176,Clara,Herrera,clara.herrera176@example.com,Monterrey,Mexico,2025-02-20,5798,225,Windbreaker Light Jacket,Apparel,28.0,65.0,1,65.0,5.0
1449,2024-04-13,completed,web,251,Julian,Cabrera,julian.cabrera251@example.com,Medellin,Colombia,2024-04-05,5799,225,Windbreaker Light Jacket,Apparel,28.0,65.0,1,65.0,0.0
1450,2024-05-02,completed,mobile_app,274,Catalina,Ortega,catalina.ortega274@example.com,Valparaiso,Chile,2024-03-04,5800,234,Silicone Keyring Organizer,Accessories,4.0,12.0,1,12.0,0.0
1450,2024-05-02,completed,mobile_app,274,Catalina,Ortega,catalina.ortega274@example.com,Valparaiso,Chile,2024-03-04,5801,235,UV Sanitizer Travel Case,Accessories,15.0,35.0,1,35.0,15.0
1450,2024-05-02,completed,mobile_app,274,Catalina,Ortega,catalina.ortega274@example.com,Valparaiso,Chile,2024-03-04,5802,201,Wireless Noise-Canceling Headphones,Electronics,65.0,129.99,1,129.99,0.0
1450,2024-05-02,completed,mobile_app,274,Catalina,Ortega,catalina.ortega274@example.com,Valparaiso,Chile,2024-03-04,5803,217,Desk Lamp with Wireless Charger,Furniture,20.0,45.0,1,45.0,0.0
1451,2024-12-20,completed,web,222,Renata,Delgado,renata.delgado222@example.com,Cordoba,Argentina,2024-09-30,5804,218,Memory Foam Lumbar Pillow,Furniture,14.0,32.0,1,32.0,0.0
1451,2024-12-20,completed,web,222,Renata,Delgado,renata.delgado222@example.com,Cordoba,Argentina,2024-09-30,5805,212,Streaming Microphone Kit,Electronics,45.0,99.0,1,99.0,0.0
1451,2024-12-20,completed,web,222,Renata,Delgado,renata.delgado222@example.com,Cordoba,Argentina,2024-09-30,5806,213,Ergonomic Office Chair,Furniture,110.0,219.0,2,219.0,0.0
1452,2024-10-14,completed,mobile_app,159,Sofia,Bravo,sofia.bravo159@example.com,Rio de Janeiro,Brazil,2024-08-23,5807,207,USB-C Multiport Adapter Hub,Electronics,18.0,42.0,1,42.0,0.0
1453,2024-07-09,returned,web,274,Catalina,Ortega,catalina.ortega274@example.com,Valparaiso,Chile,2024-03-04,5808,235,UV Sanitizer Travel Case,Accessories,15.0,35.0,2,35.0,0.0
1453,2024-07-09,returned,web,274,Catalina,Ortega,catalina.ortega274@example.com,Valparaiso,Chile,2024-03-04,5809,203,Mechanical RGB Keyboard,Electronics,40.0,79.5,1,79.5,5.0
1454,2025-08-17,completed,web,248,Daniel,Delgado,daniel.delgado248@example.com,Buenos Aires,Argentina,2025-06-07,5810,233,Universal Travel Power Adapter,Accessories,9.0,22.5,2,22.5,0.0
1454,2025-08-17,completed,web,248,Daniel,Delgado,daniel.delgado248@example.com,Buenos Aires,Argentina,2025-06-07,5811,218,Memory Foam Lumbar Pillow,Furniture,14.0,32.0,1,32.0,10.0
1454,2025-08-17,completed,web,248,Daniel,Delgado,daniel.delgado248@example.com,Buenos Aires,Argentina,2025-06-07,5812,226,Thermal Winter Beanie,Apparel,6.0,18.0,2,18.0,0.0
1454,2025-08-17,completed,web,248,Daniel,Delgado,daniel.delgado248@example.com,Buenos Aires,Argentina,2025-06-07,5813,215,Monitor Riser with Drawer,Furniture,22.0,49.99,1,49.99,10.0
1455,2025-07-15,completed,mobile_app,109,Renata,Rodriguez,renata.rodriguez109@example.com,Monterrey,Mexico,2025-03-08,5814,212,Streaming Microphone Kit,Electronics,45.0,99.0,1,99.0,5.0
1455,2025-07-15,completed,mobile_app,109,Renata,Rodriguez,renata.rodriguez109@example.com,Monterrey,Mexico,2025-03-08,5815,230,Polarized Sport Sunglasses,Accessories,15.0,39.99,1,39.99,0.0
1455,2025-07-15,completed,mobile_app,109,Renata,Rodriguez,renata.rodriguez109@example.com,Monterrey,Mexico,2025-03-08,5816,208,High-Speed External SSD 1TB,Electronics,55.0,119.99,1,119.99,0.0
1456,2025-02-03,completed,web,198,Alejandro,Perez,alejandro.perez198@example.com,Valencia,Spain,2024-09-07,5817,217,Desk Lamp with Wireless Charger,Furniture,20.0,45.0,1,45.0,0.0
1457,2024-10-30,completed,mobile_app,161,Felipe,Contreras,felipe.contreras161@example.com,Barcelona,Spain,2024-08-22,5818,212,Streaming Microphone Kit,Electronics,45.0,99.0,1,99.0,0.0
1458,2026-01-15,completed,mobile_app,208,Sebastian,Silva,sebastian.silva208@example.com,Valencia,Spain,2025-10-11,5819,212,Streaming Microphone Kit,Electronics,45.0,99.0,1,99.0,10.0
1459,2025-03-24,completed,in_store,276,Felipe,Rodriguez,felipe.rodriguez276@example.com,Montevideo,Uruguay,2025-01-24,5820,216,Compact Bookcase 4-Tier,Furniture,40.0,89.5,1,89.5,20.0
1460,2024-10-28,completed,in_store,198,Alejandro,Perez,alejandro.perez198@example.com,Valencia,Spain,2024-09-07,5821,201,Wireless Noise-Canceling Headphones,Electronics,65.0,129.99,1,129.99,5.0
1461,2024-10-16,completed,in_store,135,Mateo,Silva,mateo.silva135@example.com,Mexico City,Mexico,2024-06-05,5822,232,Laptop Sleeve Protective Case,Accessories,12.0,27.99,1,27.99,0.0
1462,2025-12-08,completed,mobile_app,244,Nicolas,Mendoza,nicolas.mendoza244@example.com,Santiago,Chile,2025-07-15,5823,211,Smart Home Security Camera,Electronics,35.0,74.99,1,74.99,20.0
1463,2024-11-12,returned,web,166,Isabella,Acosta,isabella.acosta166@example.com,Valparaiso,Chile,2024-07-13,5824,222,Water-Resistant Backpack,Apparel,24.0,59.99,1,59.99,0.0
1464,2025-12-05,completed,web,244,Nicolas,Mendoza,nicolas.mendoza244@example.com,Santiago,Chile,2025-07-15,5825,208,High-Speed External SSD 1TB,Electronics,55.0,119.99,1,119.99,15.0
1465,2024-09-07,completed,mobile_app,256,Esteban,Contreras,esteban.contreras256@example.com,Montevideo,Uruguay,2024-07-18,5826,235,UV Sanitizer Travel Case,Accessories,15.0,35.0,3,35.0,0.0
1465,2024-09-07,completed,mobile_app,256,Esteban,Contreras,esteban.contreras256@example.com,Montevideo,Uruguay,2024-07-18,5827,212,Streaming Microphone Kit,Electronics,45.0,99.0,1,99.0,15.0
1466,2025-12-20,shipped,in_store,231,Camila,Rojas,camila.rojas231@example.com,Monterrey,Mexico,2025-08-17,5828,206,Bluetooth Portable Speaker,Electronics,25.0,59.99,1,59.99,0.0
1467,2024-10-07,completed,mobile_app,219,Valeria,Flores,valeria.flores219@example.com,Guadalajara,Mexico,2024-08-30,5829,222,Water-Resistant Backpack,Apparel,24.0,59.99,2,59.99,0.0
1467,2024-10-07,completed,mobile_app,219,Valeria,Flores,valeria.flores219@example.com,Guadalajara,Mexico,2024-08-30,5830,227,Compression Sport Socks 3-Pack,Apparel,5.0,15.0,1,15.0,0.0
1467,2024-10-07,completed,mobile_app,219,Valeria,Flores,valeria.flores219@example.com,Guadalajara,Mexico,2024-08-30,5831,226,Thermal Winter Beanie,Apparel,6.0,18.0,1,18.0,0.0
1468,2024-10-03,returned,web,181,Felipe,Acosta,felipe.acosta181@example.com,Guadalajara,Mexico,2024-07-13,5832,226,Thermal Winter Beanie,Apparel,6.0,18.0,2,18.0,0.0
1468,2024-10-03,returned,web,181,Felipe,Acosta,felipe.acosta181@example.com,Guadalajara,Mexico,2024-07-13,5833,218,Memory Foam Lumbar Pillow,Furniture,14.0,32.0,2,32.0,0.0
1469,2026-03-12,completed,mobile_app,292,Isabella,Contreras,isabella.contreras292@example.com,Valencia,Spain,2025-10-29,5834,202,Smart Fitness Watch v2,Electronics,45.0,89.99,1,89.99,0.0
1470,2025-09-10,processing,in_store,270,Sebastian,Fernandez,sebastian.fernandez270@example.com,Medellin,Colombia,2025-07-07,5835,214,Adjustable Standing Desk,Furniture,180.0,349.99,1,349.99,0.0
1470,2025-09-10,processing,in_store,270,Sebastian,Fernandez,sebastian.fernandez270@example.com,Medellin,Colombia,2025-07-07,5836,211,Smart Home Security Camera,Electronics,35.0,74.99,1,74.99,5.0
1471,2025-08-04,completed,in_store,241,Joaquin,Espinoza,joaquin.espinoza241@example.com,Bogota,Colombia,2025-07-21,5837,206,Bluetooth Portable Speaker,Electronics,25.0,59.99,1,59.99,10.0
1472,2025-11-09,returned,web,140,Esteban,Blanco,esteban.blanco140@example.com,Rosario,Argentina,2025-10-18,5838,216,Compact Bookcase 4-Tier,Furniture,40.0,89.5,1,89.5,5.0
1473,2024-06-06,completed,mobile_app,261,Lucas,Blanco,lucas.blanco261@example.com,Cordoba,Argentina,2024-05-04,5839,202,Smart Fitness Watch v2,Electronics,45.0,89.99,2,89.99,0.0
1473,2024-06-06,completed,mobile_app,261,Lucas,Blanco,lucas.blanco261@example.com,Cordoba,Argentina,2024-05-04,5840,203,Mechanical RGB Keyboard,Electronics,40.0,79.5,2,79.5,5.0
1473,2024-06-06,completed,mobile_app,261,Lucas,Blanco,lucas.blanco261@example.com,Cordoba,Argentina,2024-05-04,5841,223,Breathable Running Shoes,Apparel,35.0,85.0,3,85.0,10.0
1474,2024-09-09,completed,web,170,Joaquin,Flores,joaquin.flores170@example.com,Medellin,Colombia,2024-04-21,5842,235,UV Sanitizer Travel Case,Accessories,15.0,35.0,1,35.0,15.0
1474,2024-09-09,completed,web,170,Joaquin,Flores,joaquin.flores170@example.com,Medellin,Colombia,2024-04-21,5843,212,Streaming Microphone Kit,Electronics,45.0,99.0,1,99.0,0.0
1474,2024-09-09,completed,web,170,Joaquin,Flores,joaquin.flores170@example.com,Medellin,Colombia,2024-04-21,5844,230,Polarized Sport Sunglasses,Accessories,15.0,39.99,1,39.99,0.0
1474,2024-09-09,completed,web,170,Joaquin,Flores,joaquin.flores170@example.com,Medellin,Colombia,2024-04-21,5845,228,Lightweight Travel Duffel Bag,Apparel,22.0,52.0,2,52.0,5.0
1475,2025-07-13,completed,web,179,Sofia,Navarro,sofia.navarro179@example.com,Rosario,Argentina,2025-04-10,5846,201,Wireless Noise-Canceling Headphones,Electronics,65.0,129.99,1,129.99,20.0
1476,2025-12-21,completed,web,295,Isabella,Vargas,isabella.vargas295@example.com,Arequipa,Peru,2025-11-16,5847,201,Wireless Noise-Canceling Headphones,Electronics,65.0,129.99,2,129.99,5.0
1476,2025-12-21,completed,web,295,Isabella,Vargas,isabella.vargas295@example.com,Arequipa,Peru,2025-11-16,5848,232,Laptop Sleeve Protective Case,Accessories,12.0,27.99,1,27.99,0.0
1477,2024-10-09,completed,mobile_app,297,Felipe,Rojas,felipe.rojas297@example.com,Cali,Colombia,2024-06-20,5849,201,Wireless Noise-Canceling Headphones,Electronics,65.0,129.99,1,129.99,0.0
1478,2026-03-04,completed,mobile_app,206,Felipe,Fernandez,felipe.fernandez206@example.com,Buenos Aires,Argentina,2025-10-11,5850,225,Windbreaker Light Jacket,Apparel,28.0,65.0,2,65.0,0.0
1479,2024-03-17,completed,mobile_app,168,Elena,Romero,elena.romero168@example.com,Lima,Peru,2024-02-25,5851,218,Memory Foam Lumbar Pillow,Furniture,14.0,32.0,1,32.0,15.0
1480,2025-03-17,completed,web,237,Martin,Blanco,martin.blanco237@example.com,Buenos Aires,Argentina,2025-01-07,5852,212,Streaming Microphone Kit,Electronics,45.0,99.0,1,99.0,5.0
1480,2025-03-17,completed,web,237,Martin,Blanco,martin.blanco237@example.com,Buenos Aires,Argentina,2025-01-07,5853,209,True Wireless Earbuds Pro,Electronics,38.0,84.99,1,84.99,0.0
1480,2025-03-17,completed,web,237,Martin,Blanco,martin.blanco237@example.com,Buenos Aires,Argentina,2025-01-07,5854,219,Under-Desk Cable Tray,Furniture,10.0,24.5,1,24.5,0.0
1481,2024-03-14,completed,web,226,Tomas,Herrera,tomas.herrera226@example.com,Cordoba,Argentina,2024-01-25,5855,235,UV Sanitizer Travel Case,Accessories,15.0,35.0,1,35.0,0.0
1482,2024-05-26,completed,in_store,173,Sebastian,Ortega,sebastian.ortega173@example.com,Cordoba,Argentina,2024-03-18,5856,201,Wireless Noise-Canceling Headphones,Electronics,65.0,129.99,1,129.99,0.0
1483,2024-06-06,completed,web,104,Nicolas,Romero,nicolas.romero104@example.com,Barcelona,Spain,2024-01-31,5857,232,Laptop Sleeve Protective Case,Accessories,12.0,27.99,3,27.99,0.0
1484,2024-09-08,completed,web,219,Valeria,Flores,valeria.flores219@example.com,Guadalajara,Mexico,2024-08-30,5858,210,Ergonomic Vertical Mouse,Electronics,20.0,49.99,2,49.99,0.0
1484,2024-09-08,completed,web,219,Valeria,Flores,valeria.flores219@example.com,Guadalajara,Mexico,2024-08-30,5859,204,Ultra HD 27-inch Monitor,Electronics,160.0,289.0,1,289.0,0.0
1484,2024-09-08,completed,web,219,Valeria,Flores,valeria.flores219@example.com,Guadalajara,Mexico,2024-08-30,5860,218,Memory Foam Lumbar Pillow,Furniture,14.0,32.0,1,32.0,20.0
1485,2025-08-05,completed,web,165,Victoria,Bravo,victoria.bravo165@example.com,Montevideo,Uruguay,2025-04-29,5861,216,Compact Bookcase 4-Tier,Furniture,40.0,89.5,1,89.5,15.0
1485,2025-08-05,completed,web,165,Victoria,Bravo,victoria.bravo165@example.com,Montevideo,Uruguay,2025-04-29,5862,225,Windbreaker Light Jacket,Apparel,28.0,65.0,2,65.0,10.0
1485,2025-08-05,completed,web,165,Victoria,Bravo,victoria.bravo165@example.com,Montevideo,Uruguay,2025-04-29,5863,229,Stainless Steel Water Bottle,Accessories,6.5,19.99,1,19.99,0.0
1485,2025-08-05,completed,web,165,Victoria,Bravo,victoria.bravo165@example.com,Montevideo,Uruguay,2025-04-29,5864,203,Mechanical RGB Keyboard,Electronics,40.0,79.5,1,79.5,5.0
1486,2025-11-09,completed,web,275,Diego,Romero,diego.romero275@example.com,Santiago,Chile,2025-08-21,5865,203,Mechanical RGB Keyboard,Electronics,40.0,79.5,1,79.5,5.0
1486,2025-11-09,completed,web,275,Diego,Romero,diego.romero275@example.com,Santiago,Chile,2025-08-21,5866,234,Silicone Keyring Organizer,Accessories,4.0,12.0,1,12.0,0.0
1487,2025-09-30,completed,in_store,151,Victoria,Acosta,victoria.acosta151@example.com,Valencia,Spain,2025-06-29,5867,208,High-Speed External SSD 1TB,Electronics,55.0,119.99,1,119.99,5.0
1488,2025-05-07,completed,web,184,Lucas,Silva,lucas.silva184@example.com,Montevideo,Uruguay,2025-05-03,5868,226,Thermal Winter Beanie,Apparel,6.0,18.0,1,18.0,0.0
1488,2025-05-07,completed,web,184,Lucas,Silva,lucas.silva184@example.com,Montevideo,Uruguay,2025-05-03,5869,216,Compact Bookcase 4-Tier,Furniture,40.0,89.5,1,89.5,20.0
1489,2025-03-03,cancelled,mobile_app,277,Paula,Rodriguez,paula.rodriguez277@example.com,Cali,Colombia,2024-11-01,5870,206,Bluetooth Portable Speaker,Electronics,25.0,59.99,1,59.99,5.0
1490,2024-11-07,shipped,mobile_app,124,Clara,Contreras,clara.contreras124@example.com,Rio de Janeiro,Brazil,2024-08-12,5871,223,Breathable Running Shoes,Apparel,35.0,85.0,1,85.0,15.0
1491,2025-10-28,completed,mobile_app,238,Elena,Gonzalez,elena.gonzalez238@example.com,Medellin,Colombia,2025-09-30,5872,223,Breathable Running Shoes,Apparel,35.0,85.0,2,85.0,5.0
1492,2025-01-19,completed,in_store,288,Gabriel,Castro,gabriel.castro288@example.com,Lima,Peru,2024-11-30,5873,209,True Wireless Earbuds Pro,Electronics,38.0,84.99,1,84.99,0.0
1493,2025-03-01,completed,web,225,Diego,Ortega,diego.ortega225@example.com,Cali,Colombia,2024-11-08,5874,232,Laptop Sleeve Protective Case,Accessories,12.0,27.99,1,27.99,0.0
1493,2025-03-01,completed,web,225,Diego,Ortega,diego.ortega225@example.com,Cali,Colombia,2024-11-08,5875,213,Ergonomic Office Chair,Furniture,110.0,219.0,1,219.0,0.0
1494,2025-03-30,completed,mobile_app,288,Gabriel,Castro,gabriel.castro288@example.com,Lima,Peru,2024-11-30,5876,211,Smart Home Security Camera,Electronics,35.0,74.99,1,74.99,0.0
1494,2025-03-30,completed,mobile_app,288,Gabriel,Castro,gabriel.castro288@example.com,Lima,Peru,2024-11-30,5877,205,Fast Wireless Charging Pad,Electronics,12.0,29.99,2,29.99,0.0
1494,2025-03-30,completed,mobile_app,288,Gabriel,Castro,gabriel.castro288@example.com,Lima,Peru,2024-11-30,5878,234,Silicone Keyring Organizer,Accessories,4.0,12.0,1,12.0,0.0
1495,2025-11-14,shipped,mobile_app,217,Diego,Delgado,diego.delgado217@example.com,Cordoba,Argentina,2025-11-13,5879,212,Streaming Microphone Kit,Electronics,45.0,99.0,1,99.0,0.0
1495,2025-11-14,shipped,mobile_app,217,Diego,Delgado,diego.delgado217@example.com,Cordoba,Argentina,2025-11-13,5880,202,Smart Fitness Watch v2,Electronics,45.0,89.99,2,89.99,0.0
1496,2024-12-04,returned,mobile_app,183,Victoria,Blanco,victoria.blanco183@example.com,Barcelona,Spain,2024-11-17,5881,213,Ergonomic Office Chair,Furniture,110.0,219.0,2,219.0,0.0
1496,2024-12-04,returned,mobile_app,183,Victoria,Blanco,victoria.blanco183@example.com,Barcelona,Spain,2024-11-17,5882,234,Silicone Keyring Organizer,Accessories,4.0,12.0,1,12.0,0.0
1496,2024-12-04,returned,mobile_app,183,Victoria,Blanco,victoria.blanco183@example.com,Barcelona,Spain,2024-11-17,5883,232,Laptop Sleeve Protective Case,Accessories,12.0,27.99,1,27.99,0.0
1497,2024-09-02,completed,web,265,Elena,Blanco,elena.blanco265@example.com,Lima,Peru,2024-06-11,5884,205,Fast Wireless Charging Pad,Electronics,12.0,29.99,2,29.99,0.0
1497,2024-09-02,completed,web,265,Elena,Blanco,elena.blanco265@example.com,Lima,Peru,2024-06-11,5885,203,Mechanical RGB Keyboard,Electronics,40.0,79.5,1,79.5,20.0
1498,2025-04-29,completed,mobile_app,109,Renata,Rodriguez,renata.rodriguez109@example.com,Monterrey,Mexico,2025-03-08,5886,203,Mechanical RGB Keyboard,Electronics,40.0,79.5,1,79.5,20.0
1499,2026-01-22,completed,mobile_app,200,Tomas,Blanco,tomas.blanco200@example.com,Bogota,Colombia,2025-09-18,5887,217,Desk Lamp with Wireless Charger,Furniture,20.0,45.0,1,45.0,10.0
1499,2026-01-22,completed,mobile_app,200,Tomas,Blanco,tomas.blanco200@example.com,Bogota,Colombia,2025-09-18,5888,204,Ultra HD 27-inch Monitor,Electronics,160.0,289.0,1,289.0,0.0
1500,2024-12-08,completed,mobile_app,154,Martin,Cabrera,martin.cabrera154@example.com,Valparaiso,Chile,2024-08-04,5889,204,Ultra HD 27-inch Monitor,Electronics,160.0,289.0,2,289.0,20.0
1500,2024-12-08,completed,mobile_app,154,Martin,Cabrera,martin.cabrera154@example.com,Valparaiso,Chile,2024-08-04,5890,224,Performance Athletic T-Shirt,Apparel,10.0,28.0,1,28.0,0.0
1500,2024-12-08,completed,mobile_app,154,Martin,Cabrera,martin.cabrera154@example.com,Valparaiso,Chile,2024-08-04,5891,227,Compression Sport Socks 3-Pack,Apparel,5.0,15.0,2,15.0,0.0
1501,2024-07-17,completed,in_store,169,Emilia,Contreras,emilia.contreras169@example.com,Mexico City,Mexico,2024-03-03,5892,220,Footrest with Massage Texture,Furniture,16.0,36.0,1,36.0,0.0
1502,2025-04-16,completed,in_store,233,Elena,Perez,elena.perez233@example.com,Medellin,Colombia,2025-03-22,5893,225,Windbreaker Light Jacket,Apparel,28.0,65.0,1,65.0,10.0
1503,2024-10-31,completed,mobile_app,269,Daniel,Gonzalez,daniel.gonzalez269@example.com,Bogota,Colombia,2024-08-28,5894,227,Compression Sport Socks 3-Pack,Apparel,5.0,15.0,1,15.0,0.0
1503,2024-10-31,completed,mobile_app,269,Daniel,Gonzalez,daniel.gonzalez269@example.com,Bogota,Colombia,2024-08-28,5895,207,USB-C Multiport Adapter Hub,Electronics,18.0,42.0,1,42.0,5.0
1503,2024-10-31,completed,mobile_app,269,Daniel,Gonzalez,daniel.gonzalez269@example.com,Bogota,Colombia,2024-08-28,5896,223,Breathable Running Shoes,Apparel,35.0,85.0,2,85.0,0.0
1504,2025-04-17,completed,mobile_app,147,Clara,Rodriguez,clara.rodriguez147@example.com,San Jose,Costa Rica,2024-11-27,5897,211,Smart Home Security Camera,Electronics,35.0,74.99,1,74.99,10.0
1505,2025-10-18,completed,mobile_app,214,Lucas,Perez,lucas.perez214@example.com,Montevideo,Uruguay,2025-07-19,5898,221,Organic Cotton Hoodie,Apparel,18.0,45.0,2,45.0,0.0
1505,2025-10-18,completed,mobile_app,214,Lucas,Perez,lucas.perez214@example.com,Montevideo,Uruguay,2025-07-19,5899,224,Performance Athletic T-Shirt,Apparel,10.0,28.0,1,28.0,0.0
1505,2025-10-18,completed,mobile_app,214,Lucas,Perez,lucas.perez214@example.com,Montevideo,Uruguay,2025-07-19,5900,227,Compression Sport Socks 3-Pack,Apparel,5.0,15.0,1,15.0,0.0
1505,2025-10-18,completed,mobile_app,214,Lucas,Perez,lucas.perez214@example.com,Montevideo,Uruguay,2025-07-19,5901,228,Lightweight Travel Duffel Bag,Apparel,22.0,52.0,1,52.0,20.0
1506,2025-09-25,completed,mobile_app,241,Joaquin,Espinoza,joaquin.espinoza241@example.com,Bogota,Colombia,2025-07-21,5902,226,Thermal Winter Beanie,Apparel,6.0,18.0,1,18.0,0.0
1507,2025-05-20,completed,web,109,Renata,Rodriguez,renata.rodriguez109@example.com,Monterrey,Mexico,2025-03-08,5903,220,Footrest with Massage Texture,Furniture,16.0,36.0,1,36.0,0.0
1507,2025-05-20,completed,web,109,Renata,Rodriguez,renata.rodriguez109@example.com,Monterrey,Mexico,2025-03-08,5904,201,Wireless Noise-Canceling Headphones,Electronics,65.0,129.99,1,129.99,0.0
1508,2024-10-01,completed,mobile_app,106,Valeria,Rodriguez,valeria.rodriguez106@example.com,Rio de Janeiro,Brazil,2024-07-22,5905,210,Ergonomic Vertical Mouse,Electronics,20.0,49.99,1,49.99,0.0
1508,2024-10-01,completed,mobile_app,106,Valeria,Rodriguez,valeria.rodriguez106@example.com,Rio de Janeiro,Brazil,2024-07-22,5906,207,USB-C Multiport Adapter Hub,Electronics,18.0,42.0,1,42.0,0.0
1509,2025-04-18,completed,web,194,Julian,Mendoza,julian.mendoza194@example.com,Lima,Peru,2024-11-19,5907,220,Footrest with Massage Texture,Furniture,16.0,36.0,1,36.0,5.0
1510,2025-11-08,processing,web,246,Diego,Romero,diego.romero246@example.com,Montevideo,Uruguay,2025-09-13,5908,231,Minimalist Leather Wallet,Accessories,14.0,34.5,1,34.5,15.0
1510,2025-11-08,processing,web,246,Diego,Romero,diego.romero246@example.com,Montevideo,Uruguay,2025-09-13,5909,212,Streaming Microphone Kit,Electronics,45.0,99.0,1,99.0,20.0
1511,2024-11-07,completed,in_store,125,Emilia,Fernandez,emilia.fernandez125@example.com,Barcelona,Spain,2024-08-22,5910,225,Windbreaker Light Jacket,Apparel,28.0,65.0,2,65.0,0.0
1511,2024-11-07,completed,in_store,125,Emilia,Fernandez,emilia.fernandez125@example.com,Barcelona,Spain,2024-08-22,5911,206,Bluetooth Portable Speaker,Electronics,25.0,59.99,1,59.99,20.0
1511,2024-11-07,completed,in_store,125,Emilia,Fernandez,emilia.fernandez125@example.com,Barcelona,Spain,2024-08-22,5912,204,Ultra HD 27-inch Monitor,Electronics,160.0,289.0,1,289.0,20.0
1512,2025-09-02,processing,mobile_app,131,Isabella,Flores,isabella.flores131@example.com,Rio de Janeiro,Brazil,2025-07-05,5913,201,Wireless Noise-Canceling Headphones,Electronics,65.0,129.99,1,129.99,0.0
1512,2025-09-02,processing,mobile_app,131,Isabella,Flores,isabella.flores131@example.com,Rio de Janeiro,Brazil,2025-07-05,5914,225,Windbreaker Light Jacket,Apparel,28.0,65.0,1,65.0,10.0
1512,2025-09-02,processing,mobile_app,131,Isabella,Flores,isabella.flores131@example.com,Rio de Janeiro,Brazil,2025-07-05,5915,204,Ultra HD 27-inch Monitor,Electronics,160.0,289.0,1,289.0,10.0
1513,2025-11-05,completed,web,279,Victoria,Flores,victoria.flores279@example.com,Rio de Janeiro,Brazil,2025-09-09,5916,226,Thermal Winter Beanie,Apparel,6.0,18.0,2,18.0,0.0
1513,2025-11-05,completed,web,279,Victoria,Flores,victoria.flores279@example.com,Rio de Janeiro,Brazil,2025-09-09,5917,229,Stainless Steel Water Bottle,Accessories,6.5,19.99,1,19.99,0.0
1514,2024-10-08,completed,web,124,Clara,Contreras,clara.contreras124@example.com,Rio de Janeiro,Brazil,2024-08-12,5918,210,Ergonomic Vertical Mouse,Electronics,20.0,49.99,1,49.99,5.0
1514,2024-10-08,completed,web,124,Clara,Contreras,clara.contreras124@example.com,Rio de Janeiro,Brazil,2024-08-12,5919,209,True Wireless Earbuds Pro,Electronics,38.0,84.99,1,84.99,0.0
1515,2025-11-01,completed,web,241,Joaquin,Espinoza,joaquin.espinoza241@example.com,Bogota,Colombia,2025-07-21,5920,228,Lightweight Travel Duffel Bag,Apparel,22.0,52.0,2,52.0,0.0
1516,2025-05-26,completed,mobile_app,296,Camila,Bravo,camila.bravo296@example.com,Buenos Aires,Argentina,2025-04-21,5921,226,Thermal Winter Beanie,Apparel,6.0,18.0,1,18.0,0.0
1517,2025-11-20,returned,in_store,151,Victoria,Acosta,victoria.acosta151@example.com,Valencia,Spain,2025-06-29,5922,216,Compact Bookcase 4-Tier,Furniture,40.0,89.5,1,89.5,5.0
1517,2025-11-20,returned,in_store,151,Victoria,Acosta,victoria.acosta151@example.com,Valencia,Spain,2025-06-29,5923,205,Fast Wireless Charging Pad,Electronics,12.0,29.99,1,29.99,0.0
1518,2025-06-30,completed,in_store,248,Daniel,Delgado,daniel.delgado248@example.com,Buenos Aires,Argentina,2025-06-07,5924,224,Performance Athletic T-Shirt,Apparel,10.0,28.0,1,28.0,0.0
1519,2025-02-14,completed,mobile_app,183,Victoria,Blanco,victoria.blanco183@example.com,Barcelona,Spain,2024-11-17,5925,220,Footrest with Massage Texture,Furniture,16.0,36.0,1,36.0,0.0
1520,2026-02-24,returned,web,258,Joaquin,Herrera,joaquin.herrera258@example.com,Guadalajara,Mexico,2025-11-02,5926,215,Monitor Riser with Drawer,Furniture,22.0,49.99,1,49.99,0.0
1521,2025-11-09,completed,in_store,140,Esteban,Blanco,esteban.blanco140@example.com,Rosario,Argentina,2025-10-18,5927,210,Ergonomic Vertical Mouse,Electronics,20.0,49.99,2,49.99,20.0
1522,2024-02-25,completed,in_store,174,Daniel,Blanco,daniel.blanco174@example.com,Mexico City,Mexico,2024-02-21,5928,220,Footrest with Massage Texture,Furniture,16.0,36.0,1,36.0,0.0
1522,2024-02-25,completed,in_store,174,Daniel,Blanco,daniel.blanco174@example.com,Mexico City,Mexico,2024-02-21,5929,229,Stainless Steel Water Bottle,Accessories,6.5,19.99,1,19.99,0.0
1522,2024-02-25,completed,in_store,174,Daniel,Blanco,daniel.blanco174@example.com,Mexico City,Mexico,2024-02-21,5930,231,Minimalist Leather Wallet,Accessories,14.0,34.5,1,34.5,10.0
1523,2025-04-06,completed,mobile_app,234,Valeria,Alvarez,valeria.alvarez234@example.com,Mexico City,Mexico,2025-01-29,5931,210,Ergonomic Vertical Mouse,Electronics,20.0,49.99,1,49.99,15.0
1523,2025-04-06,completed,mobile_app,234,Valeria,Alvarez,valeria.alvarez234@example.com,Mexico City,Mexico,2025-01-29,5932,202,Smart Fitness Watch v2,Electronics,45.0,89.99,1,89.99,0.0
1524,2025-11-01,completed,web,144,Agustina,Contreras,agustina.contreras144@example.com,Bogota,Colombia,2025-10-16,5933,218,Memory Foam Lumbar Pillow,Furniture,14.0,32.0,1,32.0,0.0
1524,2025-11-01,completed,web,144,Agustina,Contreras,agustina.contreras144@example.com,Bogota,Colombia,2025-10-16,5934,204,Ultra HD 27-inch Monitor,Electronics,160.0,289.0,1,289.0,15.0
1525,2024-07-23,completed,web,170,Joaquin,Flores,joaquin.flores170@example.com,Medellin,Colombia,2024-04-21,5935,225,Windbreaker Light Jacket,Apparel,28.0,65.0,1,65.0,5.0
1526,2025-09-12,completed,mobile_app,231,Camila,Rojas,camila.rojas231@example.com,Monterrey,Mexico,2025-08-17,5936,235,UV Sanitizer Travel Case,Accessories,15.0,35.0,1,35.0,5.0
1526,2025-09-12,completed,mobile_app,231,Camila,Rojas,camila.rojas231@example.com,Monterrey,Mexico,2025-08-17,5937,206,Bluetooth Portable Speaker,Electronics,25.0,59.99,1,59.99,15.0
1526,2025-09-12,completed,mobile_app,231,Camila,Rojas,camila.rojas231@example.com,Monterrey,Mexico,2025-08-17,5938,212,Streaming Microphone Kit,Electronics,45.0,99.0,1,99.0,0.0
1527,2024-03-21,completed,mobile_app,236,Lucas,Espinoza,lucas.espinoza236@example.com,Valparaiso,Chile,2024-01-02,5939,211,Smart Home Security Camera,Electronics,35.0,74.99,1,74.99,15.0
1528,2024-10-27,returned,web,191,Martin,Fernandez,martin.fernandez191@example.com,Rosario,Argentina,2024-07-28,5940,233,Universal Travel Power Adapter,Accessories,9.0,22.5,1,22.5,0.0
1529,2024-04-22,completed,web,116,Nicolas,Castro,nicolas.castro116@example.com,Valencia,Spain,2024-02-16,5941,218,Memory Foam Lumbar Pillow,Furniture,14.0,32.0,1,32.0,5.0
1529,2024-04-22,completed,web,116,Nicolas,Castro,nicolas.castro116@example.com,Valencia,Spain,2024-02-16,5942,215,Monitor Riser with Drawer,Furniture,22.0,49.99,1,49.99,0.0
1529,2024-04-22,completed,web,116,Nicolas,Castro,nicolas.castro116@example.com,Valencia,Spain,2024-02-16,5943,210,Ergonomic Vertical Mouse,Electronics,20.0,49.99,1,49.99,10.0
1530,2024-05-02,completed,web,274,Catalina,Ortega,catalina.ortega274@example.com,Valparaiso,Chile,2024-03-04,5944,228,Lightweight Travel Duffel Bag,Apparel,22.0,52.0,2,52.0,0.0
1530,2024-05-02,completed,web,274,Catalina,Ortega,catalina.ortega274@example.com,Valparaiso,Chile,2024-03-04,5945,220,Footrest with Massage Texture,Furniture,16.0,36.0,1,36.0,0.0
1531,2024-11-03,completed,mobile_app,153,Paula,Blanco,paula.blanco153@example.com,Monterrey,Mexico,2024-09-28,5946,213,Ergonomic Office Chair,Furniture,110.0,219.0,1,219.0,15.0
1531,2024-11-03,completed,mobile_app,153,Paula,Blanco,paula.blanco153@example.com,Monterrey,Mexico,2024-09-28,5947,209,True Wireless Earbuds Pro,Electronics,38.0,84.99,2,84.99,0.0
1532,2025-04-20,returned,mobile_app,211,Victoria,Ortega,victoria.ortega211@example.com,Rio de Janeiro,Brazil,2025-03-13,5948,221,Organic Cotton Hoodie,Apparel,18.0,45.0,2,45.0,0.0
1532,2025-04-20,returned,mobile_app,211,Victoria,Ortega,victoria.ortega211@example.com,Rio de Janeiro,Brazil,2025-03-13,5949,205,Fast Wireless Charging Pad,Electronics,12.0,29.99,1,29.99,0.0
1532,2025-04-20,returned,mobile_app,211,Victoria,Ortega,victoria.ortega211@example.com,Rio de Janeiro,Brazil,2025-03-13,5950,235,UV Sanitizer Travel Case,Accessories,15.0,35.0,2,35.0,0.0
1533,2025-01-31,shipped,web,287,Valentina,Silva,valentina.silva287@example.com,Rosario,Argentina,2025-01-23,5951,227,Compression Sport Socks 3-Pack,Apparel,5.0,15.0,1,15.0,0.0
1533,2025-01-31,shipped,web,287,Valentina,Silva,valentina.silva287@example.com,Rosario,Argentina,2025-01-23,5952,220,Footrest with Massage Texture,Furniture,16.0,36.0,2,36.0,15.0
1533,2025-01-31,shipped,web,287,Valentina,Silva,valentina.silva287@example.com,Rosario,Argentina,2025-01-23,5953,229,Stainless Steel Water Bottle,Accessories,6.5,19.99,2,19.99,0.0
1534,2025-08-11,shipped,web,171,Isabella,Castro,isabella.castro171@example.com,Buenos Aires,Argentina,2025-07-03,5954,212,Streaming Microphone Kit,Electronics,45.0,99.0,1,99.0,10.0
1535,2026-01-10,completed,mobile_app,258,Joaquin,Herrera,joaquin.herrera258@example.com,Guadalajara,Mexico,2025-11-02,5955,215,Monitor Riser with Drawer,Furniture,22.0,49.99,1,49.99,15.0
1535,2026-01-10,completed,mobile_app,258,Joaquin,Herrera,joaquin.herrera258@example.com,Guadalajara,Mexico,2025-11-02,5956,202,Smart Fitness Watch v2,Electronics,45.0,89.99,2,89.99,0.0
1536,2026-03-27,processing,mobile_app,229,Julian,Alvarez,julian.alvarez229@example.com,Santiago,Chile,2025-11-26,5957,225,Windbreaker Light Jacket,Apparel,28.0,65.0,1,65.0,0.0
1537,2024-11-15,completed,web,142,Valentina,Ortega,valentina.ortega142@example.com,Madrid,Spain,2024-09-26,5958,201,Wireless Noise-Canceling Headphones,Electronics,65.0,129.99,2,129.99,5.0
1538,2024-06-24,shipped,web,157,Esteban,Alvarez,esteban.alvarez157@example.com,Lima,Peru,2024-05-03,5959,229,Stainless Steel Water Bottle,Accessories,6.5,19.99,2,19.99,0.0
1539,2024-04-18,completed,web,226,Tomas,Herrera,tomas.herrera226@example.com,Cordoba,Argentina,2024-01-25,5960,203,Mechanical RGB Keyboard,Electronics,40.0,79.5,1,79.5,20.0
1540,2024-11-27,completed,mobile_app,198,Alejandro,Perez,alejandro.perez198@example.com,Valencia,Spain,2024-09-07,5961,235,UV Sanitizer Travel Case,Accessories,15.0,35.0,1,35.0,5.0
1540,2024-11-27,completed,mobile_app,198,Alejandro,Perez,alejandro.perez198@example.com,Valencia,Spain,2024-09-07,5962,234,Silicone Keyring Organizer,Accessories,4.0,12.0,1,12.0,0.0
1540,2024-11-27,completed,mobile_app,198,Alejandro,Perez,alejandro.perez198@example.com,Valencia,Spain,2024-09-07,5963,203,Mechanical RGB Keyboard,Electronics,40.0,79.5,2,79.5,0.0
1541,2025-08-07,completed,in_store,233,Elena,Perez,elena.perez233@example.com,Medellin,Colombia,2025-03-22,5964,225,Windbreaker Light Jacket,Apparel,28.0,65.0,1,65.0,15.0
1542,2025-06-03,completed,mobile_app,113,Valeria,Rojas,valeria.rojas113@example.com,Barcelona,Spain,2025-04-15,5965,220,Footrest with Massage Texture,Furniture,16.0,36.0,2,36.0,0.0
1543,2024-10-12,completed,web,219,Valeria,Flores,valeria.flores219@example.com,Guadalajara,Mexico,2024-08-30,5966,204,Ultra HD 27-inch Monitor,Electronics,160.0,289.0,2,289.0,5.0
1543,2024-10-12,completed,web,219,Valeria,Flores,valeria.flores219@example.com,Guadalajara,Mexico,2024-08-30,5967,234,Silicone Keyring Organizer,Accessories,4.0,12.0,2,12.0,0.0
1544,2025-01-25,processing,mobile_app,216,Lucia,Perez,lucia.perez216@example.com,Barcelona,Spain,2025-01-01,5968,235,UV Sanitizer Travel Case,Accessories,15.0,35.0,1,35.0,5.0
1545,2025-03-13,completed,web,183,Victoria,Blanco,victoria.blanco183@example.com,Barcelona,Spain,2024-11-17,5969,213,Ergonomic Office Chair,Furniture,110.0,219.0,1,219.0,0.0
1545,2025-03-13,completed,web,183,Victoria,Blanco,victoria.blanco183@example.com,Barcelona,Spain,2024-11-17,5970,230,Polarized Sport Sunglasses,Accessories,15.0,39.99,1,39.99,15.0
1546,2024-10-28,completed,web,142,Valentina,Ortega,valentina.ortega142@example.com,Madrid,Spain,2024-09-26,5971,224,Performance Athletic T-Shirt,Apparel,10.0,28.0,1,28.0,0.0
1546,2024-10-28,completed,web,142,Valentina,Ortega,valentina.ortega142@example.com,Madrid,Spain,2024-09-26,5972,206,Bluetooth Portable Speaker,Electronics,25.0,59.99,1,59.99,20.0
1547,2025-09-27,completed,mobile_app,231,Camila,Rojas,camila.rojas231@example.com,Monterrey,Mexico,2025-08-17,5973,211,Smart Home Security Camera,Electronics,35.0,74.99,2,74.99,10.0
1548,2024-10-06,completed,web,269,Daniel,Gonzalez,daniel.gonzalez269@example.com,Bogota,Colombia,2024-08-28,5974,204,Ultra HD 27-inch Monitor,Electronics,160.0,289.0,1,289.0,0.0
1549,2025-05-18,completed,mobile_app,287,Valentina,Silva,valentina.silva287@example.com,Rosario,Argentina,2025-01-23,5975,209,True Wireless Earbuds Pro,Electronics,38.0,84.99,3,84.99,0.0
1550,2025-06-24,completed,mobile_app,260,Isabella,Morales,isabella.morales260@example.com,Sao Paulo,Brazil,2025-04-20,5976,232,Laptop Sleeve Protective Case,Accessories,12.0,27.99,2,27.99,0.0
1550,2025-06-24,completed,mobile_app,260,Isabella,Morales,isabella.morales260@example.com,Sao Paulo,Brazil,2025-04-20,5977,235,UV Sanitizer Travel Case,Accessories,15.0,35.0,1,35.0,5.0
1551,2024-10-17,completed,mobile_app,161,Felipe,Contreras,felipe.contreras161@example.com,Barcelona,Spain,2024-08-22,5978,227,Compression Sport Socks 3-Pack,Apparel,5.0,15.0,1,15.0,0.0
1551,2024-10-17,completed,mobile_app,161,Felipe,Contreras,felipe.contreras161@example.com,Barcelona,Spain,2024-08-22,5979,229,Stainless Steel Water Bottle,Accessories,6.5,19.99,1,19.99,0.0
1552,2026-03-30,completed,mobile_app,163,Martin,Herrera,martin.herrera163@example.com,Rosario,Argentina,2025-11-16,5980,214,Adjustable Standing Desk,Furniture,180.0,349.99,1,349.99,0.0
1552,2026-03-30,completed,mobile_app,163,Martin,Herrera,martin.herrera163@example.com,Rosario,Argentina,2025-11-16,5981,204,Ultra HD 27-inch Monitor,Electronics,160.0,289.0,1,289.0,0.0
1553,2025-07-29,cancelled,mobile_app,138,Daniel,Alvarez,daniel.alvarez138@example.com,Rosario,Argentina,2025-07-20,5982,220,Footrest with Massage Texture,Furniture,16.0,36.0,1,36.0,5.0
1553,2025-07-29,cancelled,mobile_app,138,Daniel,Alvarez,daniel.alvarez138@example.com,Rosario,Argentina,2025-07-20,5983,222,Water-Resistant Backpack,Apparel,24.0,59.99,3,59.99,0.0
1553,2025-07-29,cancelled,mobile_app,138,Daniel,Alvarez,daniel.alvarez138@example.com,Rosario,Argentina,2025-07-20,5984,206,Bluetooth Portable Speaker,Electronics,25.0,59.99,1,59.99,10.0
1554,2025-12-01,completed,web,270,Sebastian,Fernandez,sebastian.fernandez270@example.com,Medellin,Colombia,2025-07-07,5985,224,Performance Athletic T-Shirt,Apparel,10.0,28.0,1,28.0,0.0
1554,2025-12-01,completed,web,270,Sebastian,Fernandez,sebastian.fernandez270@example.com,Medellin,Colombia,2025-07-07,5986,203,Mechanical RGB Keyboard,Electronics,40.0,79.5,2,79.5,20.0
1554,2025-12-01,completed,web,270,Sebastian,Fernandez,sebastian.fernandez270@example.com,Medellin,Colombia,2025-07-07,5987,206,Bluetooth Portable Speaker,Electronics,25.0,59.99,1,59.99,5.0
1554,2025-12-01,completed,web,270,Sebastian,Fernandez,sebastian.fernandez270@example.com,Medellin,Colombia,2025-07-07,5988,220,Footrest with Massage Texture,Furniture,16.0,36.0,2,36.0,0.0
1555,2024-08-04,completed,web,175,Julian,Blanco,julian.blanco175@example.com,Madrid,Spain,2024-04-05,5989,218,Memory Foam Lumbar Pillow,Furniture,14.0,32.0,1,32.0,10.0
1555,2024-08-04,completed,web,175,Julian,Blanco,julian.blanco175@example.com,Madrid,Spain,2024-04-05,5990,222,Water-Resistant Backpack,Apparel,24.0,59.99,1,59.99,0.0
1556,2025-06-05,completed,mobile_app,257,Felipe,Espinoza,felipe.espinoza257@example.com,Santiago,Chile,2025-05-21,5991,234,Silicone Keyring Organizer,Accessories,4.0,12.0,1,12.0,0.0
1556,2025-06-05,completed,mobile_app,257,Felipe,Espinoza,felipe.espinoza257@example.com,Santiago,Chile,2025-05-21,5992,206,Bluetooth Portable Speaker,Electronics,25.0,59.99,1,59.99,20.0
1557,2024-04-13,completed,mobile_app,281,Sebastian,Romero,sebastian.romero281@example.com,Arequipa,Peru,2024-01-30,5993,217,Desk Lamp with Wireless Charger,Furniture,20.0,45.0,2,45.0,10.0
1557,2024-04-13,completed,mobile_app,281,Sebastian,Romero,sebastian.romero281@example.com,Arequipa,Peru,2024-01-30,5994,234,Silicone Keyring Organizer,Accessories,4.0,12.0,1,12.0,0.0
1557,2024-04-13,completed,mobile_app,281,Sebastian,Romero,sebastian.romero281@example.com,Arequipa,Peru,2024-01-30,5995,223,Breathable Running Shoes,Apparel,35.0,85.0,1,85.0,15.0
1558,2025-05-01,completed,mobile_app,228,Sebastian,Gonzalez,sebastian.gonzalez228@example.com,Rosario,Argentina,2024-12-25,5996,219,Under-Desk Cable Tray,Furniture,10.0,24.5,3,24.5,0.0
1559,2024-11-08,completed,mobile_app,101,Julian,Torres,julian.torres101@example.com,Madrid,Spain,2024-10-08,5997,208,High-Speed External SSD 1TB,Electronics,55.0,119.99,2,119.99,5.0
1559,2024-11-08,completed,mobile_app,101,Julian,Torres,julian.torres101@example.com,Madrid,Spain,2024-10-08,5998,214,Adjustable Standing Desk,Furniture,180.0,349.99,1,349.99,0.0
1560,2025-12-23,returned,web,190,Elena,Delgado,elena.delgado190@example.com,Montevideo,Uruguay,2025-08-01,5999,213,Ergonomic Office Chair,Furniture,110.0,219.0,1,219.0,0.0
1561,2025-04-13,completed,mobile_app,118,Agustina,Herrera,agustina.herrera118@example.com,Mexico City,Mexico,2025-01-24,6000,201,Wireless Noise-Canceling Headphones,Electronics,65.0,129.99,1,129.99,0.0
1561,2025-04-13,completed,mobile_app,118,Agustina,Herrera,agustina.herrera118@example.com,Mexico City,Mexico,2025-01-24,6001,208,High-Speed External SSD 1TB,Electronics,55.0,119.99,1,119.99,10.0
1562,2025-11-10,completed,web,258,Joaquin,Herrera,joaquin.herrera258@example.com,Guadalajara,Mexico,2025-11-02,6002,222,Water-Resistant Backpack,Apparel,24.0,59.99,2,59.99,5.0
1563,2024-10-10,returned,web,222,Renata,Delgado,renata.delgado222@example.com,Cordoba,Argentina,2024-09-30,6003,230,Polarized Sport Sunglasses,Accessories,15.0,39.99,2,39.99,5.0
1563,2024-10-10,returned,web,222,Renata,Delgado,renata.delgado222@example.com,Cordoba,Argentina,2024-09-30,6004,235,UV Sanitizer Travel Case,Accessories,15.0,35.0,2,35.0,5.0
1564,2025-01-08,completed,web,291,Victoria,Blanco,victoria.blanco291@example.com,Barcelona,Spain,2024-12-24,6005,221,Organic Cotton Hoodie,Apparel,18.0,45.0,1,45.0,10.0
1564,2025-01-08,completed,web,291,Victoria,Blanco,victoria.blanco291@example.com,Barcelona,Spain,2024-12-24,6006,235,UV Sanitizer Travel Case,Accessories,15.0,35.0,1,35.0,20.0
1565,2024-08-14,completed,web,191,Martin,Fernandez,martin.fernandez191@example.com,Rosario,Argentina,2024-07-28,6007,222,Water-Resistant Backpack,Apparel,24.0,59.99,2,59.99,10.0
1565,2024-08-14,completed,web,191,Martin,Fernandez,martin.fernandez191@example.com,Rosario,Argentina,2024-07-28,6008,225,Windbreaker Light Jacket,Apparel,28.0,65.0,1,65.0,0.0
1565,2024-08-14,completed,web,191,Martin,Fernandez,martin.fernandez191@example.com,Rosario,Argentina,2024-07-28,6009,235,UV Sanitizer Travel Case,Accessories,15.0,35.0,1,35.0,20.0
1566,2024-10-10,processing,web,293,Lucas,Rodriguez,lucas.rodriguez293@example.com,Cordoba,Argentina,2024-07-23,6010,218,Memory Foam Lumbar Pillow,Furniture,14.0,32.0,1,32.0,0.0
1566,2024-10-10,processing,web,293,Lucas,Rodriguez,lucas.rodriguez293@example.com,Cordoba,Argentina,2024-07-23,6011,227,Compression Sport Socks 3-Pack,Apparel,5.0,15.0,1,15.0,0.0
1567,2025-03-20,completed,web,178,Esteban,Silva,esteban.silva178@example.com,Monterrey,Mexico,2025-01-23,6012,224,Performance Athletic T-Shirt,Apparel,10.0,28.0,2,28.0,0.0
1568,2026-01-15,completed,mobile_app,300,Clara,Mendoza,clara.mendoza300@example.com,Montevideo,Uruguay,2025-11-24,6013,231,Minimalist Leather Wallet,Accessories,14.0,34.5,1,34.5,0.0
1568,2026-01-15,completed,mobile_app,300,Clara,Mendoza,clara.mendoza300@example.com,Montevideo,Uruguay,2025-11-24,6014,233,Universal Travel Power Adapter,Accessories,9.0,22.5,2,22.5,0.0
1569,2025-04-14,completed,in_store,288,Gabriel,Castro,gabriel.castro288@example.com,Lima,Peru,2024-11-30,6015,207,USB-C Multiport Adapter Hub,Electronics,18.0,42.0,2,42.0,10.0
1570,2024-04-07,completed,in_store,274,Catalina,Ortega,catalina.ortega274@example.com,Valparaiso,Chile,2024-03-04,6016,225,Windbreaker Light Jacket,Apparel,28.0,65.0,1,65.0,10.0
1571,2024-05-24,completed,web,130,Daniel,Vargas,daniel.vargas130@example.com,Rosario,Argentina,2024-05-22,6017,206,Bluetooth Portable Speaker,Electronics,25.0,59.99,1,59.99,0.0
1571,2024-05-24,completed,web,130,Daniel,Vargas,daniel.vargas130@example.com,Rosario,Argentina,2024-05-22,6018,222,Water-Resistant Backpack,Apparel,24.0,59.99,1,59.99,20.0
1572,2024-11-16,completed,mobile_app,269,Daniel,Gonzalez,daniel.gonzalez269@example.com,Bogota,Colombia,2024-08-28,6019,214,Adjustable Standing Desk,Furniture,180.0,349.99,1,349.99,0.0
1572,2024-11-16,completed,mobile_app,269,Daniel,Gonzalez,daniel.gonzalez269@example.com,Bogota,Colombia,2024-08-28,6020,221,Organic Cotton Hoodie,Apparel,18.0,45.0,1,45.0,0.0
1573,2024-10-07,cancelled,web,298,Valeria,Cabrera,valeria.cabrera298@example.com,Mexico City,Mexico,2024-06-16,6021,211,Smart Home Security Camera,Electronics,35.0,74.99,1,74.99,0.0
1574,2025-09-11,completed,web,260,Isabella,Morales,isabella.morales260@example.com,Sao Paulo,Brazil,2025-04-20,6022,223,Breathable Running Shoes,Apparel,35.0,85.0,1,85.0,0.0
1575,2025-11-14,completed,web,137,Mateo,Navarro,mateo.navarro137@example.com,Santiago,Chile,2025-09-02,6023,220,Footrest with Massage Texture,Furniture,16.0,36.0,1,36.0,0.0
1576,2025-02-25,completed,web,239,Gabriel,Delgado,gabriel.delgado239@example.com,Mexico City,Mexico,2024-11-03,6024,204,Ultra HD 27-inch Monitor,Electronics,160.0,289.0,1,289.0,0.0
1577,2025-01-21,completed,web,123,Valentina,Ortega,valentina.ortega123@example.com,Santiago,Chile,2024-10-03,6025,229,Stainless Steel Water Bottle,Accessories,6.5,19.99,1,19.99,0.0
1577,2025-01-21,completed,web,123,Valentina,Ortega,valentina.ortega123@example.com,Santiago,Chile,2024-10-03,6026,223,Breathable Running Shoes,Apparel,35.0,85.0,2,85.0,15.0
1578,2026-03-30,completed,in_store,295,Isabella,Vargas,isabella.vargas295@example.com,Arequipa,Peru,2025-11-16,6027,209,True Wireless Earbuds Pro,Electronics,38.0,84.99,2,84.99,15.0
1578,2026-03-30,completed,in_store,295,Isabella,Vargas,isabella.vargas295@example.com,Arequipa,Peru,2025-11-16,6028,206,Bluetooth Portable Speaker,Electronics,25.0,59.99,1,59.99,5.0
1579,2026-03-08,completed,web,180,Lucia,Romero,lucia.romero180@example.com,Rio de Janeiro,Brazil,2025-11-08,6029,210,Ergonomic Vertical Mouse,Electronics,20.0,49.99,1,49.99,15.0
1579,2026-03-08,completed,web,180,Lucia,Romero,lucia.romero180@example.com,Rio de Janeiro,Brazil,2025-11-08,6030,217,Desk Lamp with Wireless Charger,Furniture,20.0,45.0,2,45.0,0.0
1579,2026-03-08,completed,web,180,Lucia,Romero,lucia.romero180@example.com,Rio de Janeiro,Brazil,2025-11-08,6031,224,Performance Athletic T-Shirt,Apparel,10.0,28.0,2,28.0,0.0
1580,2025-08-28,completed,web,184,Lucas,Silva,lucas.silva184@example.com,Montevideo,Uruguay,2025-05-03,6032,208,High-Speed External SSD 1TB,Electronics,55.0,119.99,1,119.99,5.0
1581,2025-12-28,shipped,web,144,Agustina,Contreras,agustina.contreras144@example.com,Bogota,Colombia,2025-10-16,6033,209,True Wireless Earbuds Pro,Electronics,38.0,84.99,1,84.99,20.0
1581,2025-12-28,shipped,web,144,Agustina,Contreras,agustina.contreras144@example.com,Bogota,Colombia,2025-10-16,6034,233,Universal Travel Power Adapter,Accessories,9.0,22.5,1,22.5,0.0
1582,2024-10-28,completed,mobile_app,128,Esteban,Espinoza,esteban.espinoza128@example.com,Medellin,Colombia,2024-08-05,6035,220,Footrest with Massage Texture,Furniture,16.0,36.0,1,36.0,5.0
1583,2024-12-02,completed,mobile_app,252,Tomas,Herrera,tomas.herrera252@example.com,Bogota,Colombia,2024-08-18,6036,211,Smart Home Security Camera,Electronics,35.0,74.99,3,74.99,5.0
1584,2024-06-18,completed,in_store,117,Emilia,Herrera,emilia.herrera117@example.com,Bogota,Colombia,2024-03-22,6037,228,Lightweight Travel Duffel Bag,Apparel,22.0,52.0,1,52.0,0.0
1584,2024-06-18,completed,in_store,117,Emilia,Herrera,emilia.herrera117@example.com,Bogota,Colombia,2024-03-22,6038,222,Water-Resistant Backpack,Apparel,24.0,59.99,1,59.99,15.0
1585,2026-03-30,completed,web,120,Mariana,Perez,mariana.perez120@example.com,Buenos Aires,Argentina,2025-11-17,6039,230,Polarized Sport Sunglasses,Accessories,15.0,39.99,1,39.99,20.0
1585,2026-03-30,completed,web,120,Mariana,Perez,mariana.perez120@example.com,Buenos Aires,Argentina,2025-11-17,6040,221,Organic Cotton Hoodie,Apparel,18.0,45.0,1,45.0,0.0
1586,2024-06-26,completed,web,204,Esteban,Torres,esteban.torres204@example.com,Rio de Janeiro,Brazil,2024-06-08,6041,225,Windbreaker Light Jacket,Apparel,28.0,65.0,1,65.0,15.0
1586,2024-06-26,completed,web,204,Esteban,Torres,esteban.torres204@example.com,Rio de Janeiro,Brazil,2024-06-08,6042,221,Organic Cotton Hoodie,Apparel,18.0,45.0,1,45.0,0.0
1587,2026-01-29,shipped,mobile_app,136,Julian,Morales,julian.morales136@example.com,Valparaiso,Chile,2025-09-02,6043,210,Ergonomic Vertical Mouse,Electronics,20.0,49.99,1,49.99,10.0
1587,2026-01-29,shipped,mobile_app,136,Julian,Morales,julian.morales136@example.com,Valparaiso,Chile,2025-09-02,6044,229,Stainless Steel Water Bottle,Accessories,6.5,19.99,1,19.99,0.0
1587,2026-01-29,shipped,mobile_app,136,Julian,Morales,julian.morales136@example.com,Valparaiso,Chile,2025-09-02,6045,235,UV Sanitizer Travel Case,Accessories,15.0,35.0,1,35.0,15.0
1588,2025-11-01,completed,in_store,182,Lucia,Castro,lucia.castro182@example.com,Barcelona,Spain,2025-08-16,6046,228,Lightweight Travel Duffel Bag,Apparel,22.0,52.0,1,52.0,0.0
1589,2025-03-02,completed,mobile_app,123,Valentina,Ortega,valentina.ortega123@example.com,Santiago,Chile,2024-10-03,6047,226,Thermal Winter Beanie,Apparel,6.0,18.0,1,18.0,0.0
1589,2025-03-02,completed,mobile_app,123,Valentina,Ortega,valentina.ortega123@example.com,Santiago,Chile,2024-10-03,6048,209,True Wireless Earbuds Pro,Electronics,38.0,84.99,1,84.99,0.0
1589,2025-03-02,completed,mobile_app,123,Valentina,Ortega,valentina.ortega123@example.com,Santiago,Chile,2024-10-03,6049,219,Under-Desk Cable Tray,Furniture,10.0,24.5,1,24.5,0.0
1589,2025-03-02,completed,mobile_app,123,Valentina,Ortega,valentina.ortega123@example.com,Santiago,Chile,2024-10-03,6050,204,Ultra HD 27-inch Monitor,Electronics,160.0,289.0,1,289.0,0.0
1590,2026-01-01,completed,web,129,Julian,Acosta,julian.acosta129@example.com,Santiago,Chile,2025-10-20,6051,226,Thermal Winter Beanie,Apparel,6.0,18.0,1,18.0,0.0
1591,2026-01-05,completed,web,283,Tomas,Ortega,tomas.ortega283@example.com,Guadalajara,Mexico,2025-09-29,6052,214,Adjustable Standing Desk,Furniture,180.0,349.99,1,349.99,5.0
1592,2025-10-21,completed,web,136,Julian,Morales,julian.morales136@example.com,Valparaiso,Chile,2025-09-02,6053,224,Performance Athletic T-Shirt,Apparel,10.0,28.0,1,28.0,0.0
1592,2025-10-21,completed,web,136,Julian,Morales,julian.morales136@example.com,Valparaiso,Chile,2025-09-02,6054,227,Compression Sport Socks 3-Pack,Apparel,5.0,15.0,2,15.0,0.0
1592,2025-10-21,completed,web,136,Julian,Morales,julian.morales136@example.com,Valparaiso,Chile,2025-09-02,6055,210,Ergonomic Vertical Mouse,Electronics,20.0,49.99,1,49.99,0.0
1593,2024-06-20,completed,in_store,119,Sebastian,Ortega,sebastian.ortega119@example.com,Cali,Colombia,2024-06-15,6056,228,Lightweight Travel Duffel Bag,Apparel,22.0,52.0,1,52.0,20.0
1593,2024-06-20,completed,in_store,119,Sebastian,Ortega,sebastian.ortega119@example.com,Cali,Colombia,2024-06-15,6057,209,True Wireless Earbuds Pro,Electronics,38.0,84.99,1,84.99,5.0
1593,2024-06-20,completed,in_store,119,Sebastian,Ortega,sebastian.ortega119@example.com,Cali,Colombia,2024-06-15,6058,206,Bluetooth Portable Speaker,Electronics,25.0,59.99,2,59.99,15.0
1594,2025-06-17,returned,web,255,Agustina,Gonzalez,agustina.gonzalez255@example.com,Lima,Peru,2025-02-28,6059,228,Lightweight Travel Duffel Bag,Apparel,22.0,52.0,1,52.0,0.0
1594,2025-06-17,returned,web,255,Agustina,Gonzalez,agustina.gonzalez255@example.com,Lima,Peru,2025-02-28,6060,229,Stainless Steel Water Bottle,Accessories,6.5,19.99,1,19.99,0.0
1595,2025-03-02,completed,mobile_app,255,Agustina,Gonzalez,agustina.gonzalez255@example.com,Lima,Peru,2025-02-28,6061,216,Compact Bookcase 4-Tier,Furniture,40.0,89.5,1,89.5,10.0
1595,2025-03-02,completed,mobile_app,255,Agustina,Gonzalez,agustina.gonzalez255@example.com,Lima,Peru,2025-02-28,6062,233,Universal Travel Power Adapter,Accessories,9.0,22.5,1,22.5,0.0
1595,2025-03-02,completed,mobile_app,255,Agustina,Gonzalez,agustina.gonzalez255@example.com,Lima,Peru,2025-02-28,6063,218,Memory Foam Lumbar Pillow,Furniture,14.0,32.0,1,32.0,0.0
1596,2026-01-15,processing,web,246,Diego,Romero,diego.romero246@example.com,Montevideo,Uruguay,2025-09-13,6064,231,Minimalist Leather Wallet,Accessories,14.0,34.5,3,34.5,0.0
1597,2026-01-15,shipped,in_store,137,Mateo,Navarro,mateo.navarro137@example.com,Santiago,Chile,2025-09-02,6065,234,Silicone Keyring Organizer,Accessories,4.0,12.0,1,12.0,0.0
1598,2025-06-13,completed,mobile_app,257,Felipe,Espinoza,felipe.espinoza257@example.com,Santiago,Chile,2025-05-21,6066,205,Fast Wireless Charging Pad,Electronics,12.0,29.99,2,29.99,0.0
1598,2025-06-13,completed,mobile_app,257,Felipe,Espinoza,felipe.espinoza257@example.com,Santiago,Chile,2025-05-21,6067,235,UV Sanitizer Travel Case,Accessories,15.0,35.0,1,35.0,0.0
1599,2025-12-30,shipped,web,188,Camila,Bravo,camila.bravo188@example.com,Cordoba,Argentina,2025-08-15,6068,233,Universal Travel Power Adapter,Accessories,9.0,22.5,1,22.5,0.0
1599,2025-12-30,shipped,web,188,Camila,Bravo,camila.bravo188@example.com,Cordoba,Argentina,2025-08-15,6069,231,Minimalist Leather Wallet,Accessories,14.0,34.5,1,34.5,0.0
1600,2025-05-06,completed,web,176,Clara,Herrera,clara.herrera176@example.com,Monterrey,Mexico,2025-02-20,6070,220,Footrest with Massage Texture,Furniture,16.0,36.0,1,36.0,5.0
1600,2025-05-06,completed,web,176,Clara,Herrera,clara.herrera176@example.com,Monterrey,Mexico,2025-02-20,6071,217,Desk Lamp with Wireless Charger,Furniture,20.0,45.0,1,45.0,10.0
1601,2024-06-04,processing,mobile_app,114,Catalina,Torres,catalina.torres114@example.com,Santiago,Chile,2024-03-21,6072,232,Laptop Sleeve Protective Case,Accessories,12.0,27.99,1,27.99,0.0
1602,2024-02-18,completed,web,230,Tomas,Blanco,tomas.blanco230@example.com,Medellin,Colombia,2024-01-29,6073,218,Memory Foam Lumbar Pillow,Furniture,14.0,32.0,1,32.0,0.0
1603,2024-02-29,completed,web,104,Nicolas,Romero,nicolas.romero104@example.com,Barcelona,Spain,2024-01-31,6074,210,Ergonomic Vertical Mouse,Electronics,20.0,49.99,2,49.99,0.0
1603,2024-02-29,completed,web,104,Nicolas,Romero,nicolas.romero104@example.com,Barcelona,Spain,2024-01-31,6075,229,Stainless Steel Water Bottle,Accessories,6.5,19.99,2,19.99,0.0
1603,2024-02-29,completed,web,104,Nicolas,Romero,nicolas.romero104@example.com,Barcelona,Spain,2024-01-31,6076,224,Performance Athletic T-Shirt,Apparel,10.0,28.0,1,28.0,0.0
1604,2025-04-12,completed,web,147,Clara,Rodriguez,clara.rodriguez147@example.com,San Jose,Costa Rica,2024-11-27,6077,210,Ergonomic Vertical Mouse,Electronics,20.0,49.99,1,49.99,5.0
1604,2025-04-12,completed,web,147,Clara,Rodriguez,clara.rodriguez147@example.com,San Jose,Costa Rica,2024-11-27,6078,232,Laptop Sleeve Protective Case,Accessories,12.0,27.99,1,27.99,0.0
1604,2025-04-12,completed,web,147,Clara,Rodriguez,clara.rodriguez147@example.com,San Jose,Costa Rica,2024-11-27,6079,227,Compression Sport Socks 3-Pack,Apparel,5.0,15.0,1,15.0,0.0
1604,2025-04-12,completed,web,147,Clara,Rodriguez,clara.rodriguez147@example.com,San Jose,Costa Rica,2024-11-27,6080,225,Windbreaker Light Jacket,Apparel,28.0,65.0,1,65.0,20.0
1605,2024-04-07,returned,web,189,Valeria,Silva,valeria.silva189@example.com,San Jose,Costa Rica,2024-03-24,6081,208,High-Speed External SSD 1TB,Electronics,55.0,119.99,1,119.99,5.0
1605,2024-04-07,returned,web,189,Valeria,Silva,valeria.silva189@example.com,San Jose,Costa Rica,2024-03-24,6082,204,Ultra HD 27-inch Monitor,Electronics,160.0,289.0,1,289.0,5.0
1606,2026-03-15,completed,web,292,Isabella,Contreras,isabella.contreras292@example.com,Valencia,Spain,2025-10-29,6083,225,Windbreaker Light Jacket,Apparel,28.0,65.0,1,65.0,10.0
1606,2026-03-15,completed,web,292,Isabella,Contreras,isabella.contreras292@example.com,Valencia,Spain,2025-10-29,6084,231,Minimalist Leather Wallet,Accessories,14.0,34.5,2,34.5,0.0
1607,2024-06-15,completed,in_store,174,Daniel,Blanco,daniel.blanco174@example.com,Mexico City,Mexico,2024-02-21,6085,234,Silicone Keyring Organizer,Accessories,4.0,12.0,1,12.0,0.0
1608,2024-04-29,completed,mobile_app,111,Andres,Fernandez,andres.fernandez111@example.com,Mexico City,Mexico,2024-04-04,6086,228,Lightweight Travel Duffel Bag,Apparel,22.0,52.0,1,52.0,15.0
1609,2024-07-16,completed,web,170,Joaquin,Flores,joaquin.flores170@example.com,Medellin,Colombia,2024-04-21,6087,217,Desk Lamp with Wireless Charger,Furniture,20.0,45.0,2,45.0,15.0
1609,2024-07-16,completed,web,170,Joaquin,Flores,joaquin.flores170@example.com,Medellin,Colombia,2024-04-21,6088,226,Thermal Winter Beanie,Apparel,6.0,18.0,1,18.0,0.0
1609,2024-07-16,completed,web,170,Joaquin,Flores,joaquin.flores170@example.com,Medellin,Colombia,2024-04-21,6089,230,Polarized Sport Sunglasses,Accessories,15.0,39.99,1,39.99,20.0
1610,2024-08-09,completed,in_store,150,Isabella,Bravo,isabella.bravo150@example.com,Valencia,Spain,2024-03-28,6090,212,Streaming Microphone Kit,Electronics,45.0,99.0,1,99.0,15.0
1610,2024-08-09,completed,in_store,150,Isabella,Bravo,isabella.bravo150@example.com,Valencia,Spain,2024-03-28,6091,221,Organic Cotton Hoodie,Apparel,18.0,45.0,1,45.0,0.0
1611,2024-05-16,completed,mobile_app,104,Nicolas,Romero,nicolas.romero104@example.com,Barcelona,Spain,2024-01-31,6092,229,Stainless Steel Water Bottle,Accessories,6.5,19.99,1,19.99,0.0
1612,2025-06-29,completed,web,286,Julian,Romero,julian.romero286@example.com,Guadalajara,Mexico,2025-04-17,6093,206,Bluetooth Portable Speaker,Electronics,25.0,59.99,1,59.99,10.0
1613,2024-10-23,completed,mobile_app,269,Daniel,Gonzalez,daniel.gonzalez269@example.com,Bogota,Colombia,2024-08-28,6094,208,High-Speed External SSD 1TB,Electronics,55.0,119.99,1,119.99,10.0
1614,2025-08-25,returned,in_store,134,Isabella,Vargas,isabella.vargas134@example.com,Sao Paulo,Brazil,2025-05-20,6095,212,Streaming Microphone Kit,Electronics,45.0,99.0,1,99.0,15.0
1614,2025-08-25,returned,in_store,134,Isabella,Vargas,isabella.vargas134@example.com,Sao Paulo,Brazil,2025-05-20,6096,208,High-Speed External SSD 1TB,Electronics,55.0,119.99,2,119.99,15.0
1614,2025-08-25,returned,in_store,134,Isabella,Vargas,isabella.vargas134@example.com,Sao Paulo,Brazil,2025-05-20,6097,217,Desk Lamp with Wireless Charger,Furniture,20.0,45.0,1,45.0,0.0
1615,2024-10-08,cancelled,in_store,297,Felipe,Rojas,felipe.rojas297@example.com,Cali,Colombia,2024-06-20,6098,221,Organic Cotton Hoodie,Apparel,18.0,45.0,1,45.0,0.0
1615,2024-10-08,cancelled,in_store,297,Felipe,Rojas,felipe.rojas297@example.com,Cali,Colombia,2024-06-20,6099,217,Desk Lamp with Wireless Charger,Furniture,20.0,45.0,1,45.0,0.0
1616,2024-12-16,completed,web,198,Alejandro,Perez,alejandro.perez198@example.com,Valencia,Spain,2024-09-07,6100,217,Desk Lamp with Wireless Charger,Furniture,20.0,45.0,1,45.0,0.0
1617,2024-03-17,returned,mobile_app,226,Tomas,Herrera,tomas.herrera226@example.com,Cordoba,Argentina,2024-01-25,6101,232,Laptop Sleeve Protective Case,Accessories,12.0,27.99,1,27.99,0.0
1618,2025-02-22,completed,mobile_app,239,Gabriel,Delgado,gabriel.delgado239@example.com,Mexico City,Mexico,2024-11-03,6102,229,Stainless Steel Water Bottle,Accessories,6.5,19.99,1,19.99,0.0
1618,2025-02-22,completed,mobile_app,239,Gabriel,Delgado,gabriel.delgado239@example.com,Mexico City,Mexico,2024-11-03,6103,217,Desk Lamp with Wireless Charger,Furniture,20.0,45.0,1,45.0,10.0
1619,2025-03-29,shipped,mobile_app,287,Valentina,Silva,valentina.silva287@example.com,Rosario,Argentina,2025-01-23,6104,232,Laptop Sleeve Protective Case,Accessories,12.0,27.99,1,27.99,0.0
1620,2025-06-01,completed,in_store,264,Andres,Ortega,andres.ortega264@example.com,San Jose,Costa Rica,2025-05-31,6105,210,Ergonomic Vertical Mouse,Electronics,20.0,49.99,1,49.99,5.0
1621,2025-06-08,completed,in_store,248,Daniel,Delgado,daniel.delgado248@example.com,Buenos Aires,Argentina,2025-06-07,6106,232,Laptop Sleeve Protective Case,Accessories,12.0,27.99,1,27.99,0.0
1621,2025-06-08,completed,in_store,248,Daniel,Delgado,daniel.delgado248@example.com,Buenos Aires,Argentina,2025-06-07,6107,231,Minimalist Leather Wallet,Accessories,14.0,34.5,1,34.5,20.0
1621,2025-06-08,completed,in_store,248,Daniel,Delgado,daniel.delgado248@example.com,Buenos Aires,Argentina,2025-06-07,6108,228,Lightweight Travel Duffel Bag,Apparel,22.0,52.0,2,52.0,10.0
1622,2024-12-13,completed,in_store,158,Isabella,Herrera,isabella.herrera158@example.com,Valencia,Spain,2024-12-12,6109,231,Minimalist Leather Wallet,Accessories,14.0,34.5,2,34.5,0.0
1622,2024-12-13,completed,in_store,158,Isabella,Herrera,isabella.herrera158@example.com,Valencia,Spain,2024-12-12,6110,208,High-Speed External SSD 1TB,Electronics,55.0,119.99,1,119.99,0.0
1622,2024-12-13,completed,in_store,158,Isabella,Herrera,isabella.herrera158@example.com,Valencia,Spain,2024-12-12,6111,235,UV Sanitizer Travel Case,Accessories,15.0,35.0,1,35.0,15.0
1623,2024-10-16,completed,mobile_app,266,Victoria,Acosta,victoria.acosta266@example.com,Lima,Peru,2024-09-22,6112,222,Water-Resistant Backpack,Apparel,24.0,59.99,2,59.99,0.0
1623,2024-10-16,completed,mobile_app,266,Victoria,Acosta,victoria.acosta266@example.com,Lima,Peru,2024-09-22,6113,206,Bluetooth Portable Speaker,Electronics,25.0,59.99,1,59.99,0.0
1623,2024-10-16,completed,mobile_app,266,Victoria,Acosta,victoria.acosta266@example.com,Lima,Peru,2024-09-22,6114,230,Polarized Sport Sunglasses,Accessories,15.0,39.99,1,39.99,5.0
1624,2025-08-25,completed,in_store,270,Sebastian,Fernandez,sebastian.fernandez270@example.com,Medellin,Colombia,2025-07-07,6115,207,USB-C Multiport Adapter Hub,Electronics,18.0,42.0,1,42.0,0.0
1625,2024-11-30,returned,mobile_app,225,Diego,Ortega,diego.ortega225@example.com,Cali,Colombia,2024-11-08,6116,209,True Wireless Earbuds Pro,Electronics,38.0,84.99,1,84.99,15.0
1625,2024-11-30,returned,mobile_app,225,Diego,Ortega,diego.ortega225@example.com,Cali,Colombia,2024-11-08,6117,203,Mechanical RGB Keyboard,Electronics,40.0,79.5,3,79.5,0.0
1626,2024-05-04,completed,mobile_app,226,Tomas,Herrera,tomas.herrera226@example.com,Cordoba,Argentina,2024-01-25,6118,232,Laptop Sleeve Protective Case,Accessories,12.0,27.99,3,27.99,0.0
1626,2024-05-04,completed,mobile_app,226,Tomas,Herrera,tomas.herrera226@example.com,Cordoba,Argentina,2024-01-25,6119,235,UV Sanitizer Travel Case,Accessories,15.0,35.0,2,35.0,0.0
1627,2024-11-03,completed,web,110,Gabriel,Rojas,gabriel.rojas110@example.com,Guadalajara,Mexico,2024-08-08,6120,203,Mechanical RGB Keyboard,Electronics,40.0,79.5,1,79.5,20.0
1627,2024-11-03,completed,web,110,Gabriel,Rojas,gabriel.rojas110@example.com,Guadalajara,Mexico,2024-08-08,6121,226,Thermal Winter Beanie,Apparel,6.0,18.0,1,18.0,0.0
1628,2025-05-27,cancelled,mobile_app,234,Valeria,Alvarez,valeria.alvarez234@example.com,Mexico City,Mexico,2025-01-29,6122,215,Monitor Riser with Drawer,Furniture,22.0,49.99,2,49.99,0.0
1629,2025-04-13,completed,mobile_app,289,Gabriel,Navarro,gabriel.navarro289@example.com,Rosario,Argentina,2025-03-07,6123,203,Mechanical RGB Keyboard,Electronics,40.0,79.5,1,79.5,15.0
1630,2025-05-24,completed,mobile_app,134,Isabella,Vargas,isabella.vargas134@example.com,Sao Paulo,Brazil,2025-05-20,6124,220,Footrest with Massage Texture,Furniture,16.0,36.0,2,36.0,0.0
1631,2025-12-27,completed,web,217,Diego,Delgado,diego.delgado217@example.com,Cordoba,Argentina,2025-11-13,6125,207,USB-C Multiport Adapter Hub,Electronics,18.0,42.0,1,42.0,10.0
1631,2025-12-27,completed,web,217,Diego,Delgado,diego.delgado217@example.com,Cordoba,Argentina,2025-11-13,6126,208,High-Speed External SSD 1TB,Electronics,55.0,119.99,1,119.99,20.0
1631,2025-12-27,completed,web,217,Diego,Delgado,diego.delgado217@example.com,Cordoba,Argentina,2025-11-13,6127,232,Laptop Sleeve Protective Case,Accessories,12.0,27.99,1,27.99,0.0
1632,2025-05-31,completed,web,187,Valeria,Gonzalez,valeria.gonzalez187@example.com,Cordoba,Argentina,2025-02-17,6128,235,UV Sanitizer Travel Case,Accessories,15.0,35.0,2,35.0,10.0
1632,2025-05-31,completed,web,187,Valeria,Gonzalez,valeria.gonzalez187@example.com,Cordoba,Argentina,2025-02-17,6129,209,True Wireless Earbuds Pro,Electronics,38.0,84.99,1,84.99,0.0
1632,2025-05-31,completed,web,187,Valeria,Gonzalez,valeria.gonzalez187@example.com,Cordoba,Argentina,2025-02-17,6130,221,Organic Cotton Hoodie,Apparel,18.0,45.0,1,45.0,0.0
1632,2025-05-31,completed,web,187,Valeria,Gonzalez,valeria.gonzalez187@example.com,Cordoba,Argentina,2025-02-17,6131,214,Adjustable Standing Desk,Furniture,180.0,349.99,2,349.99,0.0
1633,2025-12-13,completed,web,279,Victoria,Flores,victoria.flores279@example.com,Rio de Janeiro,Brazil,2025-09-09,6132,203,Mechanical RGB Keyboard,Electronics,40.0,79.5,1,79.5,20.0
1634,2026-02-19,shipped,web,262,Daniel,Vargas,daniel.vargas262@example.com,Lima,Peru,2025-11-14,6133,232,Laptop Sleeve Protective Case,Accessories,12.0,27.99,1,27.99,0.0
1635,2024-05-30,completed,in_store,102,Isabella,Herrera,isabella.herrera102@example.com,Guadalajara,Mexico,2024-04-14,6134,219,Under-Desk Cable Tray,Furniture,10.0,24.5,1,24.5,0.0
1635,2024-05-30,completed,in_store,102,Isabella,Herrera,isabella.herrera102@example.com,Guadalajara,Mexico,2024-04-14,6135,227,Compression Sport Socks 3-Pack,Apparel,5.0,15.0,2,15.0,0.0
1636,2024-11-02,completed,web,222,Renata,Delgado,renata.delgado222@example.com,Cordoba,Argentina,2024-09-30,6136,234,Silicone Keyring Organizer,Accessories,4.0,12.0,1,12.0,0.0
1636,2024-11-02,completed,web,222,Renata,Delgado,renata.delgado222@example.com,Cordoba,Argentina,2024-09-30,6137,229,Stainless Steel Water Bottle,Accessories,6.5,19.99,2,19.99,0.0
1637,2025-05-31,completed,web,257,Felipe,Espinoza,felipe.espinoza257@example.com,Santiago,Chile,2025-05-21,6138,206,Bluetooth Portable Speaker,Electronics,25.0,59.99,1,59.99,0.0
1637,2025-05-31,completed,web,257,Felipe,Espinoza,felipe.espinoza257@example.com,Santiago,Chile,2025-05-21,6139,220,Footrest with Massage Texture,Furniture,16.0,36.0,1,36.0,0.0
1638,2025-11-18,completed,mobile_app,131,Isabella,Flores,isabella.flores131@example.com,Rio de Janeiro,Brazil,2025-07-05,6140,235,UV Sanitizer Travel Case,Accessories,15.0,35.0,1,35.0,5.0
1639,2024-08-09,completed,web,298,Valeria,Cabrera,valeria.cabrera298@example.com,Mexico City,Mexico,2024-06-16,6141,210,Ergonomic Vertical Mouse,Electronics,20.0,49.99,1,49.99,5.0
1640,2025-02-09,completed,in_store,228,Sebastian,Gonzalez,sebastian.gonzalez228@example.com,Rosario,Argentina,2024-12-25,6142,204,Ultra HD 27-inch Monitor,Electronics,160.0,289.0,1,289.0,0.0
1640,2025-02-09,completed,in_store,228,Sebastian,Gonzalez,sebastian.gonzalez228@example.com,Rosario,Argentina,2024-12-25,6143,224,Performance Athletic T-Shirt,Apparel,10.0,28.0,1,28.0,0.0
1640,2025-02-09,completed,in_store,228,Sebastian,Gonzalez,sebastian.gonzalez228@example.com,Rosario,Argentina,2024-12-25,6144,219,Under-Desk Cable Tray,Furniture,10.0,24.5,2,24.5,0.0
1641,2026-03-13,completed,web,295,Isabella,Vargas,isabella.vargas295@example.com,Arequipa,Peru,2025-11-16,6145,235,UV Sanitizer Travel Case,Accessories,15.0,35.0,1,35.0,0.0
1641,2026-03-13,completed,web,295,Isabella,Vargas,isabella.vargas295@example.com,Arequipa,Peru,2025-11-16,6146,212,Streaming Microphone Kit,Electronics,45.0,99.0,1,99.0,0.0
1642,2024-08-15,processing,mobile_app,119,Sebastian,Ortega,sebastian.ortega119@example.com,Cali,Colombia,2024-06-15,6147,221,Organic Cotton Hoodie,Apparel,18.0,45.0,1,45.0,15.0
1642,2024-08-15,processing,mobile_app,119,Sebastian,Ortega,sebastian.ortega119@example.com,Cali,Colombia,2024-06-15,6148,227,Compression Sport Socks 3-Pack,Apparel,5.0,15.0,2,15.0,0.0
1643,2024-09-21,completed,web,159,Sofia,Bravo,sofia.bravo159@example.com,Rio de Janeiro,Brazil,2024-08-23,6149,227,Compression Sport Socks 3-Pack,Apparel,5.0,15.0,2,15.0,0.0
1644,2024-11-24,completed,mobile_app,197,Catalina,Castro,catalina.castro197@example.com,Sao Paulo,Brazil,2024-09-28,6150,204,Ultra HD 27-inch Monitor,Electronics,160.0,289.0,1,289.0,10.0
1644,2024-11-24,completed,mobile_app,197,Catalina,Castro,catalina.castro197@example.com,Sao Paulo,Brazil,2024-09-28,6151,228,Lightweight Travel Duffel Bag,Apparel,22.0,52.0,1,52.0,5.0
1645,2024-04-20,completed,in_store,196,Valeria,Bravo,valeria.bravo196@example.com,Mexico City,Mexico,2024-03-16,6152,223,Breathable Running Shoes,Apparel,35.0,85.0,3,85.0,0.0
1646,2024-04-13,completed,in_store,186,Martin,Gonzalez,martin.gonzalez186@example.com,Monterrey,Mexico,2024-03-11,6153,218,Memory Foam Lumbar Pillow,Furniture,14.0,32.0,1,32.0,5.0
1646,2024-04-13,completed,in_store,186,Martin,Gonzalez,martin.gonzalez186@example.com,Monterrey,Mexico,2024-03-11,6154,209,True Wireless Earbuds Pro,Electronics,38.0,84.99,1,84.99,0.0
1647,2026-02-12,completed,web,295,Isabella,Vargas,isabella.vargas295@example.com,Arequipa,Peru,2025-11-16,6155,211,Smart Home Security Camera,Electronics,35.0,74.99,1,74.99,20.0
1647,2026-02-12,completed,web,295,Isabella,Vargas,isabella.vargas295@example.com,Arequipa,Peru,2025-11-16,6156,215,Monitor Riser with Drawer,Furniture,22.0,49.99,1,49.99,20.0
1648,2025-07-24,completed,web,156,Joaquin,Delgado,joaquin.delgado156@example.com,Cali,Colombia,2025-03-24,6157,228,Lightweight Travel Duffel Bag,Apparel,22.0,52.0,1,52.0,0.0
1649,2024-08-07,completed,mobile_app,164,Paula,Castro,paula.castro164@example.com,Rio de Janeiro,Brazil,2024-05-15,6158,210,Ergonomic Vertical Mouse,Electronics,20.0,49.99,2,49.99,0.0
1650,2025-05-27,completed,mobile_app,207,Agustina,Rojas,agustina.rojas207@example.com,Sao Paulo,Brazil,2025-05-15,6159,233,Universal Travel Power Adapter,Accessories,9.0,22.5,1,22.5,0.0
1650,2025-05-27,completed,mobile_app,207,Agustina,Rojas,agustina.rojas207@example.com,Sao Paulo,Brazil,2025-05-15,6160,203,Mechanical RGB Keyboard,Electronics,40.0,79.5,1,79.5,20.0
1651,2025-10-05,completed,mobile_app,279,Victoria,Flores,victoria.flores279@example.com,Rio de Janeiro,Brazil,2025-09-09,6161,201,Wireless Noise-Canceling Headphones,Electronics,65.0,129.99,1,129.99,5.0
1652,2025-04-27,completed,web,156,Joaquin,Delgado,joaquin.delgado156@example.com,Cali,Colombia,2025-03-24,6162,206,Bluetooth Portable Speaker,Electronics,25.0,59.99,1,59.99,15.0
1653,2025-05-22,processing,mobile_app,179,Sofia,Navarro,sofia.navarro179@example.com,Rosario,Argentina,2025-04-10,6163,202,Smart Fitness Watch v2,Electronics,45.0,89.99,2,89.99,5.0
1653,2025-05-22,processing,mobile_app,179,Sofia,Navarro,sofia.navarro179@example.com,Rosario,Argentina,2025-04-10,6164,230,Polarized Sport Sunglasses,Accessories,15.0,39.99,1,39.99,20.0
1653,2025-05-22,processing,mobile_app,179,Sofia,Navarro,sofia.navarro179@example.com,Rosario,Argentina,2025-04-10,6165,209,True Wireless Earbuds Pro,Electronics,38.0,84.99,1,84.99,5.0
1654,2024-01-31,returned,web,281,Sebastian,Romero,sebastian.romero281@example.com,Arequipa,Peru,2024-01-30,6166,222,Water-Resistant Backpack,Apparel,24.0,59.99,1,59.99,0.0
1655,2024-08-23,cancelled,mobile_app,210,Gabriel,Vargas,gabriel.vargas210@example.com,Rosario,Argentina,2024-06-14,6167,214,Adjustable Standing Desk,Furniture,180.0,349.99,1,349.99,0.0
1655,2024-08-23,cancelled,mobile_app,210,Gabriel,Vargas,gabriel.vargas210@example.com,Rosario,Argentina,2024-06-14,6168,206,Bluetooth Portable Speaker,Electronics,25.0,59.99,1,59.99,0.0
1656,2025-12-05,completed,web,232,Sebastian,Silva,sebastian.silva232@example.com,Mexico City,Mexico,2025-09-02,6169,230,Polarized Sport Sunglasses,Accessories,15.0,39.99,1,39.99,0.0
1657,2025-01-03,returned,mobile_app,194,Julian,Mendoza,julian.mendoza194@example.com,Lima,Peru,2024-11-19,6170,214,Adjustable Standing Desk,Furniture,180.0,349.99,3,349.99,0.0
1657,2025-01-03,returned,mobile_app,194,Julian,Mendoza,julian.mendoza194@example.com,Lima,Peru,2024-11-19,6171,209,True Wireless Earbuds Pro,Electronics,38.0,84.99,1,84.99,15.0
1658,2025-06-24,cancelled,web,223,Valentina,Espinoza,valentina.espinoza223@example.com,Mexico City,Mexico,2025-01-26,6172,215,Monitor Riser with Drawer,Furniture,22.0,49.99,1,49.99,0.0
1658,2025-06-24,cancelled,web,223,Valentina,Espinoza,valentina.espinoza223@example.com,Mexico City,Mexico,2025-01-26,6173,221,Organic Cotton Hoodie,Apparel,18.0,45.0,1,45.0,5.0
1659,2025-07-17,completed,web,171,Isabella,Castro,isabella.castro171@example.com,Buenos Aires,Argentina,2025-07-03,6174,232,Laptop Sleeve Protective Case,Accessories,12.0,27.99,1,27.99,0.0
1660,2025-07-13,processing,mobile_app,132,Sebastian,Flores,sebastian.flores132@example.com,Montevideo,Uruguay,2025-03-14,6175,235,UV Sanitizer Travel Case,Accessories,15.0,35.0,1,35.0,0.0
1660,2025-07-13,processing,mobile_app,132,Sebastian,Flores,sebastian.flores132@example.com,Montevideo,Uruguay,2025-03-14,6176,219,Under-Desk Cable Tray,Furniture,10.0,24.5,2,24.5,0.0
1661,2025-07-22,completed,mobile_app,278,Andres,Navarro,andres.navarro278@example.com,Valparaiso,Chile,2025-07-05,6177,226,Thermal Winter Beanie,Apparel,6.0,18.0,2,18.0,0.0
1662,2024-03-12,completed,web,174,Daniel,Blanco,daniel.blanco174@example.com,Mexico City,Mexico,2024-02-21,6178,210,Ergonomic Vertical Mouse,Electronics,20.0,49.99,1,49.99,20.0
1663,2025-02-09,returned,web,153,Paula,Blanco,paula.blanco153@example.com,Monterrey,Mexico,2024-09-28,6179,235,UV Sanitizer Travel Case,Accessories,15.0,35.0,2,35.0,5.0
1664,2024-07-10,completed,in_store,189,Valeria,Silva,valeria.silva189@example.com,San Jose,Costa Rica,2024-03-24,6180,219,Under-Desk Cable Tray,Furniture,10.0,24.5,1,24.5,0.0
1664,2024-07-10,completed,in_store,189,Valeria,Silva,valeria.silva189@example.com,San Jose,Costa Rica,2024-03-24,6181,213,Ergonomic Office Chair,Furniture,110.0,219.0,2,219.0,0.0
1665,2025-04-25,completed,mobile_app,234,Valeria,Alvarez,valeria.alvarez234@example.com,Mexico City,Mexico,2025-01-29,6182,221,Organic Cotton Hoodie,Apparel,18.0,45.0,1,45.0,15.0
1666,2026-01-23,completed,mobile_app,279,Victoria,Flores,victoria.flores279@example.com,Rio de Janeiro,Brazil,2025-09-09,6183,209,True Wireless Earbuds Pro,Electronics,38.0,84.99,1,84.99,0.0
1666,2026-01-23,completed,mobile_app,279,Victoria,Flores,victoria.flores279@example.com,Rio de Janeiro,Brazil,2025-09-09,6184,220,Footrest with Massage Texture,Furniture,16.0,36.0,1,36.0,0.0
1667,2024-03-05,completed,web,174,Daniel,Blanco,daniel.blanco174@example.com,Mexico City,Mexico,2024-02-21,6185,211,Smart Home Security Camera,Electronics,35.0,74.99,1,74.99,0.0
1668,2026-02-14,completed,web,283,Tomas,Ortega,tomas.ortega283@example.com,Guadalajara,Mexico,2025-09-29,6186,210,Ergonomic Vertical Mouse,Electronics,20.0,49.99,1,49.99,0.0
1668,2026-02-14,completed,web,283,Tomas,Ortega,tomas.ortega283@example.com,Guadalajara,Mexico,2025-09-29,6187,211,Smart Home Security Camera,Electronics,35.0,74.99,1,74.99,5.0
1668,2026-02-14,completed,web,283,Tomas,Ortega,tomas.ortega283@example.com,Guadalajara,Mexico,2025-09-29,6188,216,Compact Bookcase 4-Tier,Furniture,40.0,89.5,1,89.5,0.0
1668,2026-02-14,completed,web,283,Tomas,Ortega,tomas.ortega283@example.com,Guadalajara,Mexico,2025-09-29,6189,208,High-Speed External SSD 1TB,Electronics,55.0,119.99,1,119.99,15.0
1669,2025-05-29,completed,web,109,Renata,Rodriguez,renata.rodriguez109@example.com,Monterrey,Mexico,2025-03-08,6190,235,UV Sanitizer Travel Case,Accessories,15.0,35.0,3,35.0,10.0
1670,2025-02-24,completed,mobile_app,178,Esteban,Silva,esteban.silva178@example.com,Monterrey,Mexico,2025-01-23,6191,210,Ergonomic Vertical Mouse,Electronics,20.0,49.99,1,49.99,15.0
1670,2025-02-24,completed,mobile_app,178,Esteban,Silva,esteban.silva178@example.com,Monterrey,Mexico,2025-01-23,6192,230,Polarized Sport Sunglasses,Accessories,15.0,39.99,1,39.99,10.0
1670,2025-02-24,completed,mobile_app,178,Esteban,Silva,esteban.silva178@example.com,Monterrey,Mexico,2025-01-23,6193,221,Organic Cotton Hoodie,Apparel,18.0,45.0,1,45.0,15.0
1671,2025-06-22,completed,in_store,176,Clara,Herrera,clara.herrera176@example.com,Monterrey,Mexico,2025-02-20,6194,210,Ergonomic Vertical Mouse,Electronics,20.0,49.99,1,49.99,0.0
1671,2025-06-22,completed,in_store,176,Clara,Herrera,clara.herrera176@example.com,Monterrey,Mexico,2025-02-20,6195,229,Stainless Steel Water Bottle,Accessories,6.5,19.99,1,19.99,0.0
1671,2025-06-22,completed,in_store,176,Clara,Herrera,clara.herrera176@example.com,Monterrey,Mexico,2025-02-20,6196,222,Water-Resistant Backpack,Apparel,24.0,59.99,1,59.99,0.0
1671,2025-06-22,completed,in_store,176,Clara,Herrera,clara.herrera176@example.com,Monterrey,Mexico,2025-02-20,6197,208,High-Speed External SSD 1TB,Electronics,55.0,119.99,1,119.99,10.0
1672,2024-08-26,completed,web,157,Esteban,Alvarez,esteban.alvarez157@example.com,Lima,Peru,2024-05-03,6198,213,Ergonomic Office Chair,Furniture,110.0,219.0,1,219.0,0.0
1673,2024-08-31,completed,web,297,Felipe,Rojas,felipe.rojas297@example.com,Cali,Colombia,2024-06-20,6199,229,Stainless Steel Water Bottle,Accessories,6.5,19.99,1,19.99,0.0
1674,2025-02-12,completed,web,123,Valentina,Ortega,valentina.ortega123@example.com,Santiago,Chile,2024-10-03,6200,233,Universal Travel Power Adapter,Accessories,9.0,22.5,2,22.5,0.0
1674,2025-02-12,completed,web,123,Valentina,Ortega,valentina.ortega123@example.com,Santiago,Chile,2024-10-03,6201,204,Ultra HD 27-inch Monitor,Electronics,160.0,289.0,1,289.0,0.0
1675,2025-12-17,completed,web,284,Catalina,Rodriguez,catalina.rodriguez284@example.com,Santiago,Chile,2025-08-29,6202,219,Under-Desk Cable Tray,Furniture,10.0,24.5,1,24.5,0.0
1676,2025-08-03,completed,web,179,Sofia,Navarro,sofia.navarro179@example.com,Rosario,Argentina,2025-04-10,6203,229,Stainless Steel Water Bottle,Accessories,6.5,19.99,1,19.99,0.0
1677,2025-09-06,completed,web,207,Agustina,Rojas,agustina.rojas207@example.com,Sao Paulo,Brazil,2025-05-15,6204,228,Lightweight Travel Duffel Bag,Apparel,22.0,52.0,2,52.0,10.0
1677,2025-09-06,completed,web,207,Agustina,Rojas,agustina.rojas207@example.com,Sao Paulo,Brazil,2025-05-15,6205,227,Compression Sport Socks 3-Pack,Apparel,5.0,15.0,1,15.0,0.0
1677,2025-09-06,completed,web,207,Agustina,Rojas,agustina.rojas207@example.com,Sao Paulo,Brazil,2025-05-15,6206,209,True Wireless Earbuds Pro,Electronics,38.0,84.99,1,84.99,5.0
1678,2024-12-12,completed,mobile_app,235,Esteban,Bravo,esteban.bravo235@example.com,Buenos Aires,Argentina,2024-09-17,6207,206,Bluetooth Portable Speaker,Electronics,25.0,59.99,1,59.99,0.0
1678,2024-12-12,completed,mobile_app,235,Esteban,Bravo,esteban.bravo235@example.com,Buenos Aires,Argentina,2024-09-17,6208,201,Wireless Noise-Canceling Headphones,Electronics,65.0,129.99,1,129.99,10.0
1679,2025-01-23,shipped,web,219,Valeria,Flores,valeria.flores219@example.com,Guadalajara,Mexico,2024-08-30,6209,225,Windbreaker Light Jacket,Apparel,28.0,65.0,1,65.0,5.0
1680,2024-06-21,completed,web,111,Andres,Fernandez,andres.fernandez111@example.com,Mexico City,Mexico,2024-04-04,6210,230,Polarized Sport Sunglasses,Accessories,15.0,39.99,1,39.99,0.0
1680,2024-06-21,completed,web,111,Andres,Fernandez,andres.fernandez111@example.com,Mexico City,Mexico,2024-04-04,6211,215,Monitor Riser with Drawer,Furniture,22.0,49.99,1,49.99,0.0
1681,2025-09-29,completed,mobile_app,264,Andres,Ortega,andres.ortega264@example.com,San Jose,Costa Rica,2025-05-31,6212,219,Under-Desk Cable Tray,Furniture,10.0,24.5,1,24.5,0.0
1681,2025-09-29,completed,mobile_app,264,Andres,Ortega,andres.ortega264@example.com,San Jose,Costa Rica,2025-05-31,6213,227,Compression Sport Socks 3-Pack,Apparel,5.0,15.0,2,15.0,0.0
1682,2024-11-24,completed,web,266,Victoria,Acosta,victoria.acosta266@example.com,Lima,Peru,2024-09-22,6214,232,Laptop Sleeve Protective Case,Accessories,12.0,27.99,1,27.99,0.0
1682,2024-11-24,completed,web,266,Victoria,Acosta,victoria.acosta266@example.com,Lima,Peru,2024-09-22,6215,205,Fast Wireless Charging Pad,Electronics,12.0,29.99,1,29.99,0.0
1683,2025-01-07,completed,web,224,Agustina,Silva,agustina.silva224@example.com,Arequipa,Peru,2024-08-15,6216,231,Minimalist Leather Wallet,Accessories,14.0,34.5,1,34.5,15.0
1683,2025-01-07,completed,web,224,Agustina,Silva,agustina.silva224@example.com,Arequipa,Peru,2024-08-15,6217,208,High-Speed External SSD 1TB,Electronics,55.0,119.99,1,119.99,20.0
1684,2025-02-08,completed,web,167,Camila,Torres,camila.torres167@example.com,Valparaiso,Chile,2024-12-28,6218,230,Polarized Sport Sunglasses,Accessories,15.0,39.99,2,39.99,0.0
1685,2024-10-13,completed,web,192,Emilia,Espinoza,emilia.espinoza192@example.com,Medellin,Colombia,2024-09-01,6219,223,Breathable Running Shoes,Apparel,35.0,85.0,1,85.0,0.0
1686,2024-01-22,completed,web,236,Lucas,Espinoza,lucas.espinoza236@example.com,Valparaiso,Chile,2024-01-02,6220,212,Streaming Microphone Kit,Electronics,45.0,99.0,1,99.0,0.0
1686,2024-01-22,completed,web,236,Lucas,Espinoza,lucas.espinoza236@example.com,Valparaiso,Chile,2024-01-02,6221,207,USB-C Multiport Adapter Hub,Electronics,18.0,42.0,1,42.0,20.0
1687,2024-09-29,completed,in_store,181,Felipe,Acosta,felipe.acosta181@example.com,Guadalajara,Mexico,2024-07-13,6222,224,Performance Athletic T-Shirt,Apparel,10.0,28.0,1,28.0,0.0
1687,2024-09-29,completed,in_store,181,Felipe,Acosta,felipe.acosta181@example.com,Guadalajara,Mexico,2024-07-13,6223,207,USB-C Multiport Adapter Hub,Electronics,18.0,42.0,1,42.0,0.0
1688,2024-03-07,completed,web,104,Nicolas,Romero,nicolas.romero104@example.com,Barcelona,Spain,2024-01-31,6224,232,Laptop Sleeve Protective Case,Accessories,12.0,27.99,1,27.99,0.0
1689,2024-10-23,completed,web,142,Valentina,Ortega,valentina.ortega142@example.com,Madrid,Spain,2024-09-26,6225,213,Ergonomic Office Chair,Furniture,110.0,219.0,2,219.0,15.0
1689,2024-10-23,completed,web,142,Valentina,Ortega,valentina.ortega142@example.com,Madrid,Spain,2024-09-26,6226,234,Silicone Keyring Organizer,Accessories,4.0,12.0,1,12.0,0.0
1690,2024-07-05,completed,mobile_app,294,Tomas,Rodriguez,tomas.rodriguez294@example.com,San Jose,Costa Rica,2024-06-05,6227,208,High-Speed External SSD 1TB,Electronics,55.0,119.99,1,119.99,0.0
1690,2024-07-05,completed,mobile_app,294,Tomas,Rodriguez,tomas.rodriguez294@example.com,San Jose,Costa Rica,2024-06-05,6228,209,True Wireless Earbuds Pro,Electronics,38.0,84.99,1,84.99,0.0
1690,2024-07-05,completed,mobile_app,294,Tomas,Rodriguez,tomas.rodriguez294@example.com,San Jose,Costa Rica,2024-06-05,6229,202,Smart Fitness Watch v2,Electronics,45.0,89.99,2,89.99,10.0
1691,2025-04-27,completed,in_store,234,Valeria,Alvarez,valeria.alvarez234@example.com,Mexico City,Mexico,2025-01-29,6230,208,High-Speed External SSD 1TB,Electronics,55.0,119.99,1,119.99,20.0
1692,2025-08-11,cancelled,web,278,Andres,Navarro,andres.navarro278@example.com,Valparaiso,Chile,2025-07-05,6231,214,Adjustable Standing Desk,Furniture,180.0,349.99,1,349.99,0.0
1693,2024-02-02,completed,web,209,Elena,Rojas,elena.rojas209@example.com,Barcelona,Spain,2024-01-04,6232,228,Lightweight Travel Duffel Bag,Apparel,22.0,52.0,1,52.0,0.0
1693,2024-02-02,completed,web,209,Elena,Rojas,elena.rojas209@example.com,Barcelona,Spain,2024-01-04,6233,203,Mechanical RGB Keyboard,Electronics,40.0,79.5,2,79.5,10.0
1694,2024-09-03,completed,web,252,Tomas,Herrera,tomas.herrera252@example.com,Bogota,Colombia,2024-08-18,6234,203,Mechanical RGB Keyboard,Electronics,40.0,79.5,1,79.5,20.0
1694,2024-09-03,completed,web,252,Tomas,Herrera,tomas.herrera252@example.com,Bogota,Colombia,2024-08-18,6235,205,Fast Wireless Charging Pad,Electronics,12.0,29.99,1,29.99,0.0
1694,2024-09-03,completed,web,252,Tomas,Herrera,tomas.herrera252@example.com,Bogota,Colombia,2024-08-18,6236,220,Footrest with Massage Texture,Furniture,16.0,36.0,1,36.0,10.0
1695,2024-11-19,completed,in_store,153,Paula,Blanco,paula.blanco153@example.com,Monterrey,Mexico,2024-09-28,6237,206,Bluetooth Portable Speaker,Electronics,25.0,59.99,1,59.99,15.0
1696,2024-12-02,completed,web,172,Daniel,Vargas,daniel.vargas172@example.com,Valparaiso,Chile,2024-07-06,6238,233,Universal Travel Power Adapter,Accessories,9.0,22.5,2,22.5,0.0
1697,2025-07-22,completed,mobile_app,257,Felipe,Espinoza,felipe.espinoza257@example.com,Santiago,Chile,2025-05-21,6239,201,Wireless Noise-Canceling Headphones,Electronics,65.0,129.99,1,129.99,15.0
1698,2024-06-09,completed,in_store,150,Isabella,Bravo,isabella.bravo150@example.com,Valencia,Spain,2024-03-28,6240,207,USB-C Multiport Adapter Hub,Electronics,18.0,42.0,2,42.0,20.0
1698,2024-06-09,completed,in_store,150,Isabella,Bravo,isabella.bravo150@example.com,Valencia,Spain,2024-03-28,6241,214,Adjustable Standing Desk,Furniture,180.0,349.99,1,349.99,0.0
1699,2025-10-27,completed,in_store,279,Victoria,Flores,victoria.flores279@example.com,Rio de Janeiro,Brazil,2025-09-09,6242,212,Streaming Microphone Kit,Electronics,45.0,99.0,1,99.0,0.0
1699,2025-10-27,completed,in_store,279,Victoria,Flores,victoria.flores279@example.com,Rio de Janeiro,Brazil,2025-09-09,6243,223,Breathable Running Shoes,Apparel,35.0,85.0,1,85.0,20.0
1699,2025-10-27,completed,in_store,279,Victoria,Flores,victoria.flores279@example.com,Rio de Janeiro,Brazil,2025-09-09,6244,225,Windbreaker Light Jacket,Apparel,28.0,65.0,3,65.0,0.0
1699,2025-10-27,completed,in_store,279,Victoria,Flores,victoria.flores279@example.com,Rio de Janeiro,Brazil,2025-09-09,6245,228,Lightweight Travel Duffel Bag,Apparel,22.0,52.0,1,52.0,10.0
1700,2024-10-10,shipped,web,135,Mateo,Silva,mateo.silva135@example.com,Mexico City,Mexico,2024-06-05,6246,203,Mechanical RGB Keyboard,Electronics,40.0,79.5,1,79.5,0.0
1700,2024-10-10,shipped,web,135,Mateo,Silva,mateo.silva135@example.com,Mexico City,Mexico,2024-06-05,6247,206,Bluetooth Portable Speaker,Electronics,25.0,59.99,1,59.99,5.0
1701,2025-12-06,cancelled,mobile_app,254,Lucas,Herrera,lucas.herrera254@example.com,Arequipa,Peru,2025-09-17,6248,227,Compression Sport Socks 3-Pack,Apparel,5.0,15.0,1,15.0,0.0
1702,2024-08-02,completed,mobile_app,210,Gabriel,Vargas,gabriel.vargas210@example.com,Rosario,Argentina,2024-06-14,6249,224,Performance Athletic T-Shirt,Apparel,10.0,28.0,3,28.0,0.0
1702,2024-08-02,completed,mobile_app,210,Gabriel,Vargas,gabriel.vargas210@example.com,Rosario,Argentina,2024-06-14,6250,212,Streaming Microphone Kit,Electronics,45.0,99.0,1,99.0,0.0
1702,2024-08-02,completed,mobile_app,210,Gabriel,Vargas,gabriel.vargas210@example.com,Rosario,Argentina,2024-06-14,6251,201,Wireless Noise-Canceling Headphones,Electronics,65.0,129.99,1,129.99,10.0
1703,2024-09-19,completed,web,269,Daniel,Gonzalez,daniel.gonzalez269@example.com,Bogota,Colombia,2024-08-28,6252,207,USB-C Multiport Adapter Hub,Electronics,18.0,42.0,1,42.0,0.0
1704,2024-06-24,completed,web,117,Emilia,Herrera,emilia.herrera117@example.com,Bogota,Colombia,2024-03-22,6253,226,Thermal Winter Beanie,Apparel,6.0,18.0,1,18.0,0.0
1705,2024-05-11,completed,in_store,209,Elena,Rojas,elena.rojas209@example.com,Barcelona,Spain,2024-01-04,6254,218,Memory Foam Lumbar Pillow,Furniture,14.0,32.0,1,32.0,15.0
1705,2024-05-11,completed,in_store,209,Elena,Rojas,elena.rojas209@example.com,Barcelona,Spain,2024-01-04,6255,226,Thermal Winter Beanie,Apparel,6.0,18.0,1,18.0,0.0
1706,2024-10-11,completed,web,204,Esteban,Torres,esteban.torres204@example.com,Rio de Janeiro,Brazil,2024-06-08,6256,230,Polarized Sport Sunglasses,Accessories,15.0,39.99,1,39.99,0.0
1707,2024-06-01,completed,mobile_app,226,Tomas,Herrera,tomas.herrera226@example.com,Cordoba,Argentina,2024-01-25,6257,202,Smart Fitness Watch v2,Electronics,45.0,89.99,2,89.99,5.0
1707,2024-06-01,completed,mobile_app,226,Tomas,Herrera,tomas.herrera226@example.com,Cordoba,Argentina,2024-01-25,6258,207,USB-C Multiport Adapter Hub,Electronics,18.0,42.0,1,42.0,0.0
1707,2024-06-01,completed,mobile_app,226,Tomas,Herrera,tomas.herrera226@example.com,Cordoba,Argentina,2024-01-25,6259,204,Ultra HD 27-inch Monitor,Electronics,160.0,289.0,1,289.0,15.0
1708,2025-06-12,completed,mobile_app,184,Lucas,Silva,lucas.silva184@example.com,Montevideo,Uruguay,2025-05-03,6260,205,Fast Wireless Charging Pad,Electronics,12.0,29.99,2,29.99,0.0
1708,2025-06-12,completed,mobile_app,184,Lucas,Silva,lucas.silva184@example.com,Montevideo,Uruguay,2025-05-03,6261,234,Silicone Keyring Organizer,Accessories,4.0,12.0,2,12.0,0.0
1709,2026-01-21,returned,mobile_app,152,Andres,Vargas,andres.vargas152@example.com,Guadalajara,Mexico,2025-11-06,6262,217,Desk Lamp with Wireless Charger,Furniture,20.0,45.0,1,45.0,20.0
1709,2026-01-21,returned,mobile_app,152,Andres,Vargas,andres.vargas152@example.com,Guadalajara,Mexico,2025-11-06,6263,235,UV Sanitizer Travel Case,Accessories,15.0,35.0,1,35.0,0.0
1710,2025-04-30,completed,web,296,Camila,Bravo,camila.bravo296@example.com,Buenos Aires,Argentina,2025-04-21,6264,221,Organic Cotton Hoodie,Apparel,18.0,45.0,2,45.0,5.0
1711,2025-03-02,completed,web,218,Camila,Perez,camila.perez218@example.com,Rio de Janeiro,Brazil,2025-02-20,6265,220,Footrest with Massage Texture,Furniture,16.0,36.0,1,36.0,0.0
1711,2025-03-02,completed,web,218,Camila,Perez,camila.perez218@example.com,Rio de Janeiro,Brazil,2025-02-20,6266,211,Smart Home Security Camera,Electronics,35.0,74.99,1,74.99,5.0
1712,2024-12-07,completed,in_store,225,Diego,Ortega,diego.ortega225@example.com,Cali,Colombia,2024-11-08,6267,235,UV Sanitizer Travel Case,Accessories,15.0,35.0,1,35.0,20.0
1712,2024-12-07,completed,in_store,225,Diego,Ortega,diego.ortega225@example.com,Cali,Colombia,2024-11-08,6268,231,Minimalist Leather Wallet,Accessories,14.0,34.5,1,34.5,0.0
1713,2024-03-17,completed,mobile_app,201,Renata,Contreras,renata.contreras201@example.com,Sao Paulo,Brazil,2024-01-09,6269,223,Breathable Running Shoes,Apparel,35.0,85.0,1,85.0,0.0
1713,2024-03-17,completed,mobile_app,201,Renata,Contreras,renata.contreras201@example.com,Sao Paulo,Brazil,2024-01-09,6270,219,Under-Desk Cable Tray,Furniture,10.0,24.5,1,24.5,0.0
1713,2024-03-17,completed,mobile_app,201,Renata,Contreras,renata.contreras201@example.com,Sao Paulo,Brazil,2024-01-09,6271,221,Organic Cotton Hoodie,Apparel,18.0,45.0,1,45.0,20.0
1713,2024-03-17,completed,mobile_app,201,Renata,Contreras,renata.contreras201@example.com,Sao Paulo,Brazil,2024-01-09,6272,204,Ultra HD 27-inch Monitor,Electronics,160.0,289.0,1,289.0,0.0
1714,2025-07-18,completed,web,296,Camila,Bravo,camila.bravo296@example.com,Buenos Aires,Argentina,2025-04-21,6273,223,Breathable Running Shoes,Apparel,35.0,85.0,1,85.0,0.0
1715,2025-09-08,completed,web,270,Sebastian,Fernandez,sebastian.fernandez270@example.com,Medellin,Colombia,2025-07-07,6274,206,Bluetooth Portable Speaker,Electronics,25.0,59.99,2,59.99,0.0
1715,2025-09-08,completed,web,270,Sebastian,Fernandez,sebastian.fernandez270@example.com,Medellin,Colombia,2025-07-07,6275,205,Fast Wireless Charging Pad,Electronics,12.0,29.99,1,29.99,0.0
1716,2024-12-07,completed,web,106,Valeria,Rodriguez,valeria.rodriguez106@example.com,Rio de Janeiro,Brazil,2024-07-22,6276,228,Lightweight Travel Duffel Bag,Apparel,22.0,52.0,2,52.0,0.0
1716,2024-12-07,completed,web,106,Valeria,Rodriguez,valeria.rodriguez106@example.com,Rio de Janeiro,Brazil,2024-07-22,6277,233,Universal Travel Power Adapter,Accessories,9.0,22.5,1,22.5,0.0
1717,2025-03-03,completed,web,221,Sofia,Morales,sofia.morales221@example.com,Medellin,Colombia,2025-02-25,6278,221,Organic Cotton Hoodie,Apparel,18.0,45.0,2,45.0,0.0
1717,2025-03-03,completed,web,221,Sofia,Morales,sofia.morales221@example.com,Medellin,Colombia,2025-02-25,6279,207,USB-C Multiport Adapter Hub,Electronics,18.0,42.0,1,42.0,0.0
1718,2025-06-25,completed,in_store,187,Valeria,Gonzalez,valeria.gonzalez187@example.com,Cordoba,Argentina,2025-02-17,6280,211,Smart Home Security Camera,Electronics,35.0,74.99,1,74.99,5.0
1718,2025-06-25,completed,in_store,187,Valeria,Gonzalez,valeria.gonzalez187@example.com,Cordoba,Argentina,2025-02-17,6281,220,Footrest with Massage Texture,Furniture,16.0,36.0,1,36.0,15.0
1719,2026-03-30,completed,web,120,Mariana,Perez,mariana.perez120@example.com,Buenos Aires,Argentina,2025-11-17,6282,220,Footrest with Massage Texture,Furniture,16.0,36.0,3,36.0,5.0
1720,2025-01-05,processing,mobile_app,158,Isabella,Herrera,isabella.herrera158@example.com,Valencia,Spain,2024-12-12,6283,222,Water-Resistant Backpack,Apparel,24.0,59.99,1,59.99,10.0
1721,2024-05-03,completed,web,236,Lucas,Espinoza,lucas.espinoza236@example.com,Valparaiso,Chile,2024-01-02,6284,205,Fast Wireless Charging Pad,Electronics,12.0,29.99,1,29.99,0.0
1722,2025-06-02,completed,mobile_app,178,Esteban,Silva,esteban.silva178@example.com,Monterrey,Mexico,2025-01-23,6285,221,Organic Cotton Hoodie,Apparel,18.0,45.0,1,45.0,0.0
1722,2025-06-02,completed,mobile_app,178,Esteban,Silva,esteban.silva178@example.com,Monterrey,Mexico,2025-01-23,6286,213,Ergonomic Office Chair,Furniture,110.0,219.0,1,219.0,5.0
1723,2024-12-26,completed,web,272,Joaquin,Espinoza,joaquin.espinoza272@example.com,Guadalajara,Mexico,2024-08-07,6287,234,Silicone Keyring Organizer,Accessories,4.0,12.0,1,12.0,0.0
1723,2024-12-26,completed,web,272,Joaquin,Espinoza,joaquin.espinoza272@example.com,Guadalajara,Mexico,2024-08-07,6288,212,Streaming Microphone Kit,Electronics,45.0,99.0,1,99.0,20.0
1724,2025-04-23,completed,mobile_app,291,Victoria,Blanco,victoria.blanco291@example.com,Barcelona,Spain,2024-12-24,6289,228,Lightweight Travel Duffel Bag,Apparel,22.0,52.0,1,52.0,0.0
1724,2025-04-23,completed,mobile_app,291,Victoria,Blanco,victoria.blanco291@example.com,Barcelona,Spain,2024-12-24,6290,204,Ultra HD 27-inch Monitor,Electronics,160.0,289.0,1,289.0,0.0
1725,2026-02-14,completed,mobile_app,139,Agustina,Rodriguez,agustina.rodriguez139@example.com,Mexico City,Mexico,2025-11-29,6291,205,Fast Wireless Charging Pad,Electronics,12.0,29.99,1,29.99,0.0
1726,2025-12-19,completed,mobile_app,206,Felipe,Fernandez,felipe.fernandez206@example.com,Buenos Aires,Argentina,2025-10-11,6292,216,Compact Bookcase 4-Tier,Furniture,40.0,89.5,1,89.5,0.0
1727,2026-01-18,completed,web,139,Agustina,Rodriguez,agustina.rodriguez139@example.com,Mexico City,Mexico,2025-11-29,6293,220,Footrest with Massage Texture,Furniture,16.0,36.0,1,36.0,5.0
1727,2026-01-18,completed,web,139,Agustina,Rodriguez,agustina.rodriguez139@example.com,Mexico City,Mexico,2025-11-29,6294,230,Polarized Sport Sunglasses,Accessories,15.0,39.99,1,39.99,0.0
1728,2025-12-17,completed,web,152,Andres,Vargas,andres.vargas152@example.com,Guadalajara,Mexico,2025-11-06,6295,218,Memory Foam Lumbar Pillow,Furniture,14.0,32.0,1,32.0,0.0
1729,2024-06-22,processing,mobile_app,265,Elena,Blanco,elena.blanco265@example.com,Lima,Peru,2024-06-11,6296,204,Ultra HD 27-inch Monitor,Electronics,160.0,289.0,1,289.0,0.0
1729,2024-06-22,processing,mobile_app,265,Elena,Blanco,elena.blanco265@example.com,Lima,Peru,2024-06-11,6297,206,Bluetooth Portable Speaker,Electronics,25.0,59.99,2,59.99,5.0
1730,2024-12-13,completed,in_store,194,Julian,Mendoza,julian.mendoza194@example.com,Lima,Peru,2024-11-19,6298,216,Compact Bookcase 4-Tier,Furniture,40.0,89.5,2,89.5,10.0
1730,2024-12-13,completed,in_store,194,Julian,Mendoza,julian.mendoza194@example.com,Lima,Peru,2024-11-19,6299,208,High-Speed External SSD 1TB,Electronics,55.0,119.99,1,119.99,10.0
1730,2024-12-13,completed,in_store,194,Julian,Mendoza,julian.mendoza194@example.com,Lima,Peru,2024-11-19,6300,233,Universal Travel Power Adapter,Accessories,9.0,22.5,2,22.5,0.0
1731,2024-11-21,completed,web,235,Esteban,Bravo,esteban.bravo235@example.com,Buenos Aires,Argentina,2024-09-17,6301,208,High-Speed External SSD 1TB,Electronics,55.0,119.99,2,119.99,0.0
1732,2024-07-27,processing,web,185,Martin,Alvarez,martin.alvarez185@example.com,Monterrey,Mexico,2024-02-28,6302,216,Compact Bookcase 4-Tier,Furniture,40.0,89.5,1,89.5,0.0
1732,2024-07-27,processing,web,185,Martin,Alvarez,martin.alvarez185@example.com,Monterrey,Mexico,2024-02-28,6303,228,Lightweight Travel Duffel Bag,Apparel,22.0,52.0,1,52.0,0.0
1732,2024-07-27,processing,web,185,Martin,Alvarez,martin.alvarez185@example.com,Monterrey,Mexico,2024-02-28,6304,214,Adjustable Standing Desk,Furniture,180.0,349.99,1,349.99,0.0
1733,2024-04-20,completed,mobile_app,251,Julian,Cabrera,julian.cabrera251@example.com,Medellin,Colombia,2024-04-05,6305,208,High-Speed External SSD 1TB,Electronics,55.0,119.99,1,119.99,5.0
1734,2024-12-03,completed,web,222,Renata,Delgado,renata.delgado222@example.com,Cordoba,Argentina,2024-09-30,6306,224,Performance Athletic T-Shirt,Apparel,10.0,28.0,2,28.0,0.0
1735,2024-07-31,processing,mobile_app,106,Valeria,Rodriguez,valeria.rodriguez106@example.com,Rio de Janeiro,Brazil,2024-07-22,6307,204,Ultra HD 27-inch Monitor,Electronics,160.0,289.0,1,289.0,5.0
1735,2024-07-31,processing,mobile_app,106,Valeria,Rodriguez,valeria.rodriguez106@example.com,Rio de Janeiro,Brazil,2024-07-22,6308,216,Compact Bookcase 4-Tier,Furniture,40.0,89.5,1,89.5,15.0
1736,2025-12-20,completed,web,193,Sebastian,Navarro,sebastian.navarro193@example.com,Guadalajara,Mexico,2025-11-18,6309,225,Windbreaker Light Jacket,Apparel,28.0,65.0,2,65.0,0.0
1736,2025-12-20,completed,web,193,Sebastian,Navarro,sebastian.navarro193@example.com,Guadalajara,Mexico,2025-11-18,6310,201,Wireless Noise-Canceling Headphones,Electronics,65.0,129.99,1,129.99,20.0
1736,2025-12-20,completed,web,193,Sebastian,Navarro,sebastian.navarro193@example.com,Guadalajara,Mexico,2025-11-18,6311,226,Thermal Winter Beanie,Apparel,6.0,18.0,2,18.0,0.0
1737,2025-04-09,completed,mobile_app,177,Paula,Acosta,paula.acosta177@example.com,Buenos Aires,Argentina,2025-02-14,6312,227,Compression Sport Socks 3-Pack,Apparel,5.0,15.0,1,15.0,0.0
1737,2025-04-09,completed,mobile_app,177,Paula,Acosta,paula.acosta177@example.com,Buenos Aires,Argentina,2025-02-14,6313,203,Mechanical RGB Keyboard,Electronics,40.0,79.5,1,79.5,20.0
1738,2024-05-25,processing,mobile_app,226,Tomas,Herrera,tomas.herrera226@example.com,Cordoba,Argentina,2024-01-25,6314,222,Water-Resistant Backpack,Apparel,24.0,59.99,2,59.99,15.0
1738,2024-05-25,processing,mobile_app,226,Tomas,Herrera,tomas.herrera226@example.com,Cordoba,Argentina,2024-01-25,6315,228,Lightweight Travel Duffel Bag,Apparel,22.0,52.0,1,52.0,0.0
1738,2024-05-25,processing,mobile_app,226,Tomas,Herrera,tomas.herrera226@example.com,Cordoba,Argentina,2024-01-25,6316,207,USB-C Multiport Adapter Hub,Electronics,18.0,42.0,1,42.0,10.0
1739,2025-06-13,processing,web,287,Valentina,Silva,valentina.silva287@example.com,Rosario,Argentina,2025-01-23,6317,202,Smart Fitness Watch v2,Electronics,45.0,89.99,1,89.99,0.0
1739,2025-06-13,processing,web,287,Valentina,Silva,valentina.silva287@example.com,Rosario,Argentina,2025-01-23,6318,204,Ultra HD 27-inch Monitor,Electronics,160.0,289.0,1,289.0,20.0
1740,2024-07-16,completed,mobile_app,265,Elena,Blanco,elena.blanco265@example.com,Lima,Peru,2024-06-11,6319,220,Footrest with Massage Texture,Furniture,16.0,36.0,1,36.0,0.0
1741,2025-11-30,completed,mobile_app,129,Julian,Acosta,julian.acosta129@example.com,Santiago,Chile,2025-10-20,6320,209,True Wireless Earbuds Pro,Electronics,38.0,84.99,2,84.99,0.0
1741,2025-11-30,completed,mobile_app,129,Julian,Acosta,julian.acosta129@example.com,Santiago,Chile,2025-10-20,6321,227,Compression Sport Socks 3-Pack,Apparel,5.0,15.0,1,15.0,0.0
1742,2025-04-11,completed,web,289,Gabriel,Navarro,gabriel.navarro289@example.com,Rosario,Argentina,2025-03-07,6322,221,Organic Cotton Hoodie,Apparel,18.0,45.0,1,45.0,5.0
1742,2025-04-11,completed,web,289,Gabriel,Navarro,gabriel.navarro289@example.com,Rosario,Argentina,2025-03-07,6323,219,Under-Desk Cable Tray,Furniture,10.0,24.5,1,24.5,0.0
1743,2024-04-15,completed,web,201,Renata,Contreras,renata.contreras201@example.com,Sao Paulo,Brazil,2024-01-09,6324,202,Smart Fitness Watch v2,Electronics,45.0,89.99,2,89.99,15.0
1744,2025-07-19,completed,mobile_app,257,Felipe,Espinoza,felipe.espinoza257@example.com,Santiago,Chile,2025-05-21,6325,211,Smart Home Security Camera,Electronics,35.0,74.99,1,74.99,10.0
1745,2024-08-20,completed,web,210,Gabriel,Vargas,gabriel.vargas210@example.com,Rosario,Argentina,2024-06-14,6326,211,Smart Home Security Camera,Electronics,35.0,74.99,1,74.99,5.0
1745,2024-08-20,completed,web,210,Gabriel,Vargas,gabriel.vargas210@example.com,Rosario,Argentina,2024-06-14,6327,208,High-Speed External SSD 1TB,Electronics,55.0,119.99,2,119.99,5.0
1745,2024-08-20,completed,web,210,Gabriel,Vargas,gabriel.vargas210@example.com,Rosario,Argentina,2024-06-14,6328,201,Wireless Noise-Canceling Headphones,Electronics,65.0,129.99,1,129.99,15.0
1745,2024-08-20,completed,web,210,Gabriel,Vargas,gabriel.vargas210@example.com,Rosario,Argentina,2024-06-14,6329,234,Silicone Keyring Organizer,Accessories,4.0,12.0,1,12.0,0.0
1746,2024-05-16,processing,mobile_app,169,Emilia,Contreras,emilia.contreras169@example.com,Mexico City,Mexico,2024-03-03,6330,228,Lightweight Travel Duffel Bag,Apparel,22.0,52.0,2,52.0,10.0
1747,2025-06-05,processing,in_store,156,Joaquin,Delgado,joaquin.delgado156@example.com,Cali,Colombia,2025-03-24,6331,212,Streaming Microphone Kit,Electronics,45.0,99.0,1,99.0,0.0
1748,2024-12-25,completed,web,108,Isabella,Ortega,isabella.ortega108@example.com,Montevideo,Uruguay,2024-10-11,6332,216,Compact Bookcase 4-Tier,Furniture,40.0,89.5,1,89.5,15.0
1748,2024-12-25,completed,web,108,Isabella,Ortega,isabella.ortega108@example.com,Montevideo,Uruguay,2024-10-11,6333,224,Performance Athletic T-Shirt,Apparel,10.0,28.0,1,28.0,0.0
1749,2024-07-29,completed,web,103,Emilia,Flores,emilia.flores103@example.com,Rio de Janeiro,Brazil,2024-03-30,6334,226,Thermal Winter Beanie,Apparel,6.0,18.0,1,18.0,0.0
1749,2024-07-29,completed,web,103,Emilia,Flores,emilia.flores103@example.com,Rio de Janeiro,Brazil,2024-03-30,6335,214,Adjustable Standing Desk,Furniture,180.0,349.99,1,349.99,0.0
1749,2024-07-29,completed,web,103,Emilia,Flores,emilia.flores103@example.com,Rio de Janeiro,Brazil,2024-03-30,6336,225,Windbreaker Light Jacket,Apparel,28.0,65.0,1,65.0,0.0
1749,2024-07-29,completed,web,103,Emilia,Flores,emilia.flores103@example.com,Rio de Janeiro,Brazil,2024-03-30,6337,228,Lightweight Travel Duffel Bag,Apparel,22.0,52.0,1,52.0,0.0
1750,2025-05-27,completed,in_store,221,Sofia,Morales,sofia.morales221@example.com,Medellin,Colombia,2025-02-25,6338,203,Mechanical RGB Keyboard,Electronics,40.0,79.5,1,79.5,0.0
1750,2025-05-27,completed,in_store,221,Sofia,Morales,sofia.morales221@example.com,Medellin,Colombia,2025-02-25,6339,201,Wireless Noise-Canceling Headphones,Electronics,65.0,129.99,3,129.99,15.0
1750,2025-05-27,completed,in_store,221,Sofia,Morales,sofia.morales221@example.com,Medellin,Colombia,2025-02-25,6340,217,Desk Lamp with Wireless Charger,Furniture,20.0,45.0,1,45.0,10.0
1750,2025-05-27,completed,in_store,221,Sofia,Morales,sofia.morales221@example.com,Medellin,Colombia,2025-02-25,6341,233,Universal Travel Power Adapter,Accessories,9.0,22.5,1,22.5,0.0
1751,2025-09-02,completed,mobile_app,146,Mariana,Morales,mariana.morales146@example.com,Rio de Janeiro,Brazil,2025-06-27,6342,222,Water-Resistant Backpack,Apparel,24.0,59.99,1,59.99,0.0
1751,2025-09-02,completed,mobile_app,146,Mariana,Morales,mariana.morales146@example.com,Rio de Janeiro,Brazil,2025-06-27,6343,230,Polarized Sport Sunglasses,Accessories,15.0,39.99,1,39.99,5.0
1752,2025-11-08,completed,web,137,Mateo,Navarro,mateo.navarro137@example.com,Santiago,Chile,2025-09-02,6344,209,True Wireless Earbuds Pro,Electronics,38.0,84.99,1,84.99,20.0
1753,2024-10-07,completed,web,172,Daniel,Vargas,daniel.vargas172@example.com,Valparaiso,Chile,2024-07-06,6345,217,Desk Lamp with Wireless Charger,Furniture,20.0,45.0,1,45.0,0.0
1753,2024-10-07,completed,web,172,Daniel,Vargas,daniel.vargas172@example.com,Valparaiso,Chile,2024-07-06,6346,234,Silicone Keyring Organizer,Accessories,4.0,12.0,1,12.0,0.0
1753,2024-10-07,completed,web,172,Daniel,Vargas,daniel.vargas172@example.com,Valparaiso,Chile,2024-07-06,6347,221,Organic Cotton Hoodie,Apparel,18.0,45.0,3,45.0,20.0
1754,2026-03-30,returned,mobile_app,139,Agustina,Rodriguez,agustina.rodriguez139@example.com,Mexico City,Mexico,2025-11-29,6348,204,Ultra HD 27-inch Monitor,Electronics,160.0,289.0,1,289.0,0.0
1754,2026-03-30,returned,mobile_app,139,Agustina,Rodriguez,agustina.rodriguez139@example.com,Mexico City,Mexico,2025-11-29,6349,213,Ergonomic Office Chair,Furniture,110.0,219.0,1,219.0,5.0
1755,2025-02-08,processing,mobile_app,167,Camila,Torres,camila.torres167@example.com,Valparaiso,Chile,2024-12-28,6350,232,Laptop Sleeve Protective Case,Accessories,12.0,27.99,1,27.99,0.0
1756,2025-01-23,completed,mobile_app,192,Emilia,Espinoza,emilia.espinoza192@example.com,Medellin,Colombia,2024-09-01,6351,210,Ergonomic Vertical Mouse,Electronics,20.0,49.99,1,49.99,0.0
1756,2025-01-23,completed,mobile_app,192,Emilia,Espinoza,emilia.espinoza192@example.com,Medellin,Colombia,2024-09-01,6352,208,High-Speed External SSD 1TB,Electronics,55.0,119.99,2,119.99,0.0
1757,2026-02-24,completed,mobile_app,144,Agustina,Contreras,agustina.contreras144@example.com,Bogota,Colombia,2025-10-16,6353,214,Adjustable Standing Desk,Furniture,180.0,349.99,2,349.99,0.0
1757,2026-02-24,completed,mobile_app,144,Agustina,Contreras,agustina.contreras144@example.com,Bogota,Colombia,2025-10-16,6354,201,Wireless Noise-Canceling Headphones,Electronics,65.0,129.99,1,129.99,0.0
1757,2026-02-24,completed,mobile_app,144,Agustina,Contreras,agustina.contreras144@example.com,Bogota,Colombia,2025-10-16,6355,234,Silicone Keyring Organizer,Accessories,4.0,12.0,1,12.0,0.0
1758,2025-01-19,completed,web,228,Sebastian,Gonzalez,sebastian.gonzalez228@example.com,Rosario,Argentina,2024-12-25,6356,208,High-Speed External SSD 1TB,Electronics,55.0,119.99,1,119.99,10.0
1759,2024-10-27,completed,web,128,Esteban,Espinoza,esteban.espinoza128@example.com,Medellin,Colombia,2024-08-05,6357,231,Minimalist Leather Wallet,Accessories,14.0,34.5,1,34.5,0.0
1760,2024-01-28,completed,web,253,Renata,Castro,renata.castro253@example.com,Guadalajara,Mexico,2024-01-26,6358,229,Stainless Steel Water Bottle,Accessories,6.5,19.99,2,19.99,0.0
1760,2024-01-28,completed,web,253,Renata,Castro,renata.castro253@example.com,Guadalajara,Mexico,2024-01-26,6359,221,Organic Cotton Hoodie,Apparel,18.0,45.0,3,45.0,20.0
1761,2025-10-17,completed,web,246,Diego,Romero,diego.romero246@example.com,Montevideo,Uruguay,2025-09-13,6360,219,Under-Desk Cable Tray,Furniture,10.0,24.5,1,24.5,0.0
1761,2025-10-17,completed,web,246,Diego,Romero,diego.romero246@example.com,Montevideo,Uruguay,2025-09-13,6361,221,Organic Cotton Hoodie,Apparel,18.0,45.0,1,45.0,10.0
1761,2025-10-17,completed,web,246,Diego,Romero,diego.romero246@example.com,Montevideo,Uruguay,2025-09-13,6362,204,Ultra HD 27-inch Monitor,Electronics,160.0,289.0,1,289.0,5.0
1762,2024-08-28,completed,in_store,166,Isabella,Acosta,isabella.acosta166@example.com,Valparaiso,Chile,2024-07-13,6363,206,Bluetooth Portable Speaker,Electronics,25.0,59.99,1,59.99,20.0
1762,2024-08-28,completed,in_store,166,Isabella,Acosta,isabella.acosta166@example.com,Valparaiso,Chile,2024-07-13,6364,202,Smart Fitness Watch v2,Electronics,45.0,89.99,1,89.99,15.0
1762,2024-08-28,completed,in_store,166,Isabella,Acosta,isabella.acosta166@example.com,Valparaiso,Chile,2024-07-13,6365,214,Adjustable Standing Desk,Furniture,180.0,349.99,2,349.99,15.0
1763,2025-11-18,completed,mobile_app,140,Esteban,Blanco,esteban.blanco140@example.com,Rosario,Argentina,2025-10-18,6366,220,Footrest with Massage Texture,Furniture,16.0,36.0,1,36.0,20.0
1763,2025-11-18,completed,mobile_app,140,Esteban,Blanco,esteban.blanco140@example.com,Rosario,Argentina,2025-10-18,6367,209,True Wireless Earbuds Pro,Electronics,38.0,84.99,1,84.99,0.0
1763,2025-11-18,completed,mobile_app,140,Esteban,Blanco,esteban.blanco140@example.com,Rosario,Argentina,2025-10-18,6368,223,Breathable Running Shoes,Apparel,35.0,85.0,1,85.0,5.0
1764,2024-12-08,completed,mobile_app,222,Renata,Delgado,renata.delgado222@example.com,Cordoba,Argentina,2024-09-30,6369,228,Lightweight Travel Duffel Bag,Apparel,22.0,52.0,2,52.0,10.0
1765,2025-04-28,returned,mobile_app,148,Paula,Rodriguez,paula.rodriguez148@example.com,Mexico City,Mexico,2025-01-06,6370,233,Universal Travel Power Adapter,Accessories,9.0,22.5,1,22.5,0.0
1766,2024-10-27,returned,in_store,219,Valeria,Flores,valeria.flores219@example.com,Guadalajara,Mexico,2024-08-30,6371,232,Laptop Sleeve Protective Case,Accessories,12.0,27.99,1,27.99,0.0
1766,2024-10-27,returned,in_store,219,Valeria,Flores,valeria.flores219@example.com,Guadalajara,Mexico,2024-08-30,6372,234,Silicone Keyring Organizer,Accessories,4.0,12.0,1,12.0,0.0
1767,2024-08-03,completed,web,175,Julian,Blanco,julian.blanco175@example.com,Madrid,Spain,2024-04-05,6373,231,Minimalist Leather Wallet,Accessories,14.0,34.5,3,34.5,15.0
1767,2024-08-03,completed,web,175,Julian,Blanco,julian.blanco175@example.com,Madrid,Spain,2024-04-05,6374,220,Footrest with Massage Texture,Furniture,16.0,36.0,2,36.0,20.0
1767,2024-08-03,completed,web,175,Julian,Blanco,julian.blanco175@example.com,Madrid,Spain,2024-04-05,6375,210,Ergonomic Vertical Mouse,Electronics,20.0,49.99,1,49.99,5.0
1768,2025-07-16,completed,mobile_app,176,Clara,Herrera,clara.herrera176@example.com,Monterrey,Mexico,2025-02-20,6376,203,Mechanical RGB Keyboard,Electronics,40.0,79.5,1,79.5,10.0
1769,2024-04-19,completed,mobile_app,209,Elena,Rojas,elena.rojas209@example.com,Barcelona,Spain,2024-01-04,6377,217,Desk Lamp with Wireless Charger,Furniture,20.0,45.0,1,45.0,0.0
1769,2024-04-19,completed,mobile_app,209,Elena,Rojas,elena.rojas209@example.com,Barcelona,Spain,2024-01-04,6378,223,Breathable Running Shoes,Apparel,35.0,85.0,2,85.0,0.0
1770,2024-09-18,completed,web,130,Daniel,Vargas,daniel.vargas130@example.com,Rosario,Argentina,2024-05-22,6379,203,Mechanical RGB Keyboard,Electronics,40.0,79.5,2,79.5,0.0
1770,2024-09-18,completed,web,130,Daniel,Vargas,daniel.vargas130@example.com,Rosario,Argentina,2024-05-22,6380,206,Bluetooth Portable Speaker,Electronics,25.0,59.99,1,59.99,15.0
1770,2024-09-18,completed,web,130,Daniel,Vargas,daniel.vargas130@example.com,Rosario,Argentina,2024-05-22,6381,227,Compression Sport Socks 3-Pack,Apparel,5.0,15.0,1,15.0,0.0
1771,2024-12-01,returned,web,272,Joaquin,Espinoza,joaquin.espinoza272@example.com,Guadalajara,Mexico,2024-08-07,6382,212,Streaming Microphone Kit,Electronics,45.0,99.0,1,99.0,0.0
1772,2026-01-04,cancelled,web,292,Isabella,Contreras,isabella.contreras292@example.com,Valencia,Spain,2025-10-29,6383,202,Smart Fitness Watch v2,Electronics,45.0,89.99,1,89.99,0.0
1773,2024-03-15,returned,mobile_app,104,Nicolas,Romero,nicolas.romero104@example.com,Barcelona,Spain,2024-01-31,6384,226,Thermal Winter Beanie,Apparel,6.0,18.0,1,18.0,0.0
1773,2024-03-15,returned,mobile_app,104,Nicolas,Romero,nicolas.romero104@example.com,Barcelona,Spain,2024-01-31,6385,232,Laptop Sleeve Protective Case,Accessories,12.0,27.99,2,27.99,0.0
1774,2026-02-03,cancelled,in_store,258,Joaquin,Herrera,joaquin.herrera258@example.com,Guadalajara,Mexico,2025-11-02,6386,226,Thermal Winter Beanie,Apparel,6.0,18.0,1,18.0,0.0
1774,2026-02-03,cancelled,in_store,258,Joaquin,Herrera,joaquin.herrera258@example.com,Guadalajara,Mexico,2025-11-02,6387,220,Footrest with Massage Texture,Furniture,16.0,36.0,1,36.0,20.0
1774,2026-02-03,cancelled,in_store,258,Joaquin,Herrera,joaquin.herrera258@example.com,Guadalajara,Mexico,2025-11-02,6388,206,Bluetooth Portable Speaker,Electronics,25.0,59.99,1,59.99,0.0
1774,2026-02-03,cancelled,in_store,258,Joaquin,Herrera,joaquin.herrera258@example.com,Guadalajara,Mexico,2025-11-02,6389,209,True Wireless Earbuds Pro,Electronics,38.0,84.99,2,84.99,0.0
1775,2024-09-22,returned,web,224,Agustina,Silva,agustina.silva224@example.com,Arequipa,Peru,2024-08-15,6390,235,UV Sanitizer Travel Case,Accessories,15.0,35.0,1,35.0,0.0
1776,2024-10-13,completed,mobile_app,298,Valeria,Cabrera,valeria.cabrera298@example.com,Mexico City,Mexico,2024-06-16,6391,208,High-Speed External SSD 1TB,Electronics,55.0,119.99,1,119.99,0.0
1777,2024-05-13,completed,mobile_app,290,Sebastian,Gonzalez,sebastian.gonzalez290@example.com,Arequipa,Peru,2024-01-20,6392,229,Stainless Steel Water Bottle,Accessories,6.5,19.99,1,19.99,0.0
1778,2026-01-21,completed,mobile_app,152,Andres,Vargas,andres.vargas152@example.com,Guadalajara,Mexico,2025-11-06,6393,201,Wireless Noise-Canceling Headphones,Electronics,65.0,129.99,1,129.99,20.0
1779,2026-01-18,completed,mobile_app,283,Tomas,Ortega,tomas.ortega283@example.com,Guadalajara,Mexico,2025-09-29,6394,219,Under-Desk Cable Tray,Furniture,10.0,24.5,1,24.5,0.0
1779,2026-01-18,completed,mobile_app,283,Tomas,Ortega,tomas.ortega283@example.com,Guadalajara,Mexico,2025-09-29,6395,203,Mechanical RGB Keyboard,Electronics,40.0,79.5,1,79.5,10.0
1780,2025-08-20,completed,in_store,286,Julian,Romero,julian.romero286@example.com,Guadalajara,Mexico,2025-04-17,6396,202,Smart Fitness Watch v2,Electronics,45.0,89.99,1,89.99,0.0
1781,2025-11-28,completed,mobile_app,242,Alejandro,Castro,alejandro.castro242@example.com,Valparaiso,Chile,2025-11-11,6397,231,Minimalist Leather Wallet,Accessories,14.0,34.5,1,34.5,10.0
1782,2024-12-20,completed,in_store,266,Victoria,Acosta,victoria.acosta266@example.com,Lima,Peru,2024-09-22,6398,211,Smart Home Security Camera,Electronics,35.0,74.99,1,74.99,0.0
1783,2025-05-25,completed,web,221,Sofia,Morales,sofia.morales221@example.com,Medellin,Colombia,2025-02-25,6399,222,Water-Resistant Backpack,Apparel,24.0,59.99,1,59.99,0.0
1783,2025-05-25,completed,web,221,Sofia,Morales,sofia.morales221@example.com,Medellin,Colombia,2025-02-25,6400,230,Polarized Sport Sunglasses,Accessories,15.0,39.99,1,39.99,5.0
1784,2025-08-16,completed,web,207,Agustina,Rojas,agustina.rojas207@example.com,Sao Paulo,Brazil,2025-05-15,6401,219,Under-Desk Cable Tray,Furniture,10.0,24.5,1,24.5,0.0
1784,2025-08-16,completed,web,207,Agustina,Rojas,agustina.rojas207@example.com,Sao Paulo,Brazil,2025-05-15,6402,206,Bluetooth Portable Speaker,Electronics,25.0,59.99,1,59.99,0.0
1785,2025-07-25,completed,mobile_app,141,Gabriel,Torres,gabriel.torres141@example.com,Bogota,Colombia,2025-03-21,6403,232,Laptop Sleeve Protective Case,Accessories,12.0,27.99,1,27.99,0.0
1785,2025-07-25,completed,mobile_app,141,Gabriel,Torres,gabriel.torres141@example.com,Bogota,Colombia,2025-03-21,6404,220,Footrest with Massage Texture,Furniture,16.0,36.0,1,36.0,0.0
1785,2025-07-25,completed,mobile_app,141,Gabriel,Torres,gabriel.torres141@example.com,Bogota,Colombia,2025-03-21,6405,216,Compact Bookcase 4-Tier,Furniture,40.0,89.5,1,89.5,0.0
1786,2024-10-12,completed,mobile_app,192,Emilia,Espinoza,emilia.espinoza192@example.com,Medellin,Colombia,2024-09-01,6406,205,Fast Wireless Charging Pad,Electronics,12.0,29.99,1,29.99,0.0
1787,2024-07-20,completed,mobile_app,130,Daniel,Vargas,daniel.vargas130@example.com,Rosario,Argentina,2024-05-22,6407,217,Desk Lamp with Wireless Charger,Furniture,20.0,45.0,3,45.0,20.0
1788,2024-08-09,shipped,mobile_app,191,Martin,Fernandez,martin.fernandez191@example.com,Rosario,Argentina,2024-07-28,6408,210,Ergonomic Vertical Mouse,Electronics,20.0,49.99,2,49.99,20.0
1789,2025-09-29,processing,web,232,Sebastian,Silva,sebastian.silva232@example.com,Mexico City,Mexico,2025-09-02,6409,229,Stainless Steel Water Bottle,Accessories,6.5,19.99,3,19.99,0.0
1789,2025-09-29,processing,web,232,Sebastian,Silva,sebastian.silva232@example.com,Mexico City,Mexico,2025-09-02,6410,230,Polarized Sport Sunglasses,Accessories,15.0,39.99,2,39.99,10.0
1789,2025-09-29,processing,web,232,Sebastian,Silva,sebastian.silva232@example.com,Mexico City,Mexico,2025-09-02,6411,208,High-Speed External SSD 1TB,Electronics,55.0,119.99,2,119.99,0.0
1790,2025-07-26,completed,web,244,Nicolas,Mendoza,nicolas.mendoza244@example.com,Santiago,Chile,2025-07-15,6412,208,High-Speed External SSD 1TB,Electronics,55.0,119.99,2,119.99,0.0
1791,2025-06-04,processing,mobile_app,141,Gabriel,Torres,gabriel.torres141@example.com,Bogota,Colombia,2025-03-21,6413,232,Laptop Sleeve Protective Case,Accessories,12.0,27.99,1,27.99,0.0
1791,2025-06-04,processing,mobile_app,141,Gabriel,Torres,gabriel.torres141@example.com,Bogota,Colombia,2025-03-21,6414,207,USB-C Multiport Adapter Hub,Electronics,18.0,42.0,1,42.0,20.0
1792,2025-10-04,completed,mobile_app,136,Julian,Morales,julian.morales136@example.com,Valparaiso,Chile,2025-09-02,6415,201,Wireless Noise-Canceling Headphones,Electronics,65.0,129.99,1,129.99,0.0
1792,2025-10-04,completed,mobile_app,136,Julian,Morales,julian.morales136@example.com,Valparaiso,Chile,2025-09-02,6416,216,Compact Bookcase 4-Tier,Furniture,40.0,89.5,1,89.5,0.0
1792,2025-10-04,completed,mobile_app,136,Julian,Morales,julian.morales136@example.com,Valparaiso,Chile,2025-09-02,6417,231,Minimalist Leather Wallet,Accessories,14.0,34.5,1,34.5,5.0
1792,2025-10-04,completed,mobile_app,136,Julian,Morales,julian.morales136@example.com,Valparaiso,Chile,2025-09-02,6418,222,Water-Resistant Backpack,Apparel,24.0,59.99,1,59.99,15.0
1793,2025-12-25,shipped,in_store,163,Martin,Herrera,martin.herrera163@example.com,Rosario,Argentina,2025-11-16,6419,215,Monitor Riser with Drawer,Furniture,22.0,49.99,2,49.99,5.0
1793,2025-12-25,shipped,in_store,163,Martin,Herrera,martin.herrera163@example.com,Rosario,Argentina,2025-11-16,6420,209,True Wireless Earbuds Pro,Electronics,38.0,84.99,2,84.99,5.0
1794,2025-06-23,completed,mobile_app,233,Elena,Perez,elena.perez233@example.com,Medellin,Colombia,2025-03-22,6421,201,Wireless Noise-Canceling Headphones,Electronics,65.0,129.99,1,129.99,10.0
1795,2025-02-15,completed,web,118,Agustina,Herrera,agustina.herrera118@example.com,Mexico City,Mexico,2025-01-24,6422,211,Smart Home Security Camera,Electronics,35.0,74.99,1,74.99,5.0
1796,2025-11-26,returned,mobile_app,295,Isabella,Vargas,isabella.vargas295@example.com,Arequipa,Peru,2025-11-16,6423,204,Ultra HD 27-inch Monitor,Electronics,160.0,289.0,3,289.0,15.0
1797,2025-11-18,completed,mobile_app,270,Sebastian,Fernandez,sebastian.fernandez270@example.com,Medellin,Colombia,2025-07-07,6424,220,Footrest with Massage Texture,Furniture,16.0,36.0,1,36.0,0.0
1798,2024-03-27,completed,mobile_app,189,Valeria,Silva,valeria.silva189@example.com,San Jose,Costa Rica,2024-03-24,6425,210,Ergonomic Vertical Mouse,Electronics,20.0,49.99,1,49.99,0.0
1798,2024-03-27,completed,mobile_app,189,Valeria,Silva,valeria.silva189@example.com,San Jose,Costa Rica,2024-03-24,6426,226,Thermal Winter Beanie,Apparel,6.0,18.0,2,18.0,0.0
1799,2025-08-12,cancelled,web,260,Isabella,Morales,isabella.morales260@example.com,Sao Paulo,Brazil,2025-04-20,6427,226,Thermal Winter Beanie,Apparel,6.0,18.0,1,18.0,0.0
1799,2025-08-12,cancelled,web,260,Isabella,Morales,isabella.morales260@example.com,Sao Paulo,Brazil,2025-04-20,6428,213,Ergonomic Office Chair,Furniture,110.0,219.0,1,219.0,5.0
1799,2025-08-12,cancelled,web,260,Isabella,Morales,isabella.morales260@example.com,Sao Paulo,Brazil,2025-04-20,6429,220,Footrest with Massage Texture,Furniture,16.0,36.0,1,36.0,15.0
1800,2025-05-19,completed,web,133,Esteban,Bravo,esteban.bravo133@example.com,Santiago,Chile,2025-01-05,6430,233,Universal Travel Power Adapter,Accessories,9.0,22.5,1,22.5,0.0
1801,2025-04-27,shipped,mobile_app,234,Valeria,Alvarez,valeria.alvarez234@example.com,Mexico City,Mexico,2025-01-29,6431,202,Smart Fitness Watch v2,Electronics,45.0,89.99,2,89.99,10.0
1802,2024-10-24,completed,in_store,252,Tomas,Herrera,tomas.herrera252@example.com,Bogota,Colombia,2024-08-18,6432,228,Lightweight Travel Duffel Bag,Apparel,22.0,52.0,3,52.0,0.0
1803,2024-12-16,completed,web,288,Gabriel,Castro,gabriel.castro288@example.com,Lima,Peru,2024-11-30,6433,223,Breathable Running Shoes,Apparel,35.0,85.0,1,85.0,15.0
1803,2024-12-16,completed,web,288,Gabriel,Castro,gabriel.castro288@example.com,Lima,Peru,2024-11-30,6434,208,High-Speed External SSD 1TB,Electronics,55.0,119.99,2,119.99,5.0
1804,2025-07-11,processing,web,177,Paula,Acosta,paula.acosta177@example.com,Buenos Aires,Argentina,2025-02-14,6435,216,Compact Bookcase 4-Tier,Furniture,40.0,89.5,2,89.5,0.0
1804,2025-07-11,processing,web,177,Paula,Acosta,paula.acosta177@example.com,Buenos Aires,Argentina,2025-02-14,6436,235,UV Sanitizer Travel Case,Accessories,15.0,35.0,1,35.0,0.0
1805,2025-01-18,cancelled,web,271,Mateo,Vargas,mateo.vargas271@example.com,Guadalajara,Mexico,2024-08-24,6437,234,Silicone Keyring Organizer,Accessories,4.0,12.0,1,12.0,0.0
1805,2025-01-18,cancelled,web,271,Mateo,Vargas,mateo.vargas271@example.com,Guadalajara,Mexico,2024-08-24,6438,216,Compact Bookcase 4-Tier,Furniture,40.0,89.5,1,89.5,0.0
1806,2026-02-25,completed,web,300,Clara,Mendoza,clara.mendoza300@example.com,Montevideo,Uruguay,2025-11-24,6439,228,Lightweight Travel Duffel Bag,Apparel,22.0,52.0,2,52.0,0.0
1807,2024-08-28,completed,web,124,Clara,Contreras,clara.contreras124@example.com,Rio de Janeiro,Brazil,2024-08-12,6440,229,Stainless Steel Water Bottle,Accessories,6.5,19.99,1,19.99,0.0
1807,2024-08-28,completed,web,124,Clara,Contreras,clara.contreras124@example.com,Rio de Janeiro,Brazil,2024-08-12,6441,205,Fast Wireless Charging Pad,Electronics,12.0,29.99,1,29.99,0.0
1808,2024-08-27,completed,in_store,251,Julian,Cabrera,julian.cabrera251@example.com,Medellin,Colombia,2024-04-05,6442,217,Desk Lamp with Wireless Charger,Furniture,20.0,45.0,1,45.0,15.0
1809,2024-04-26,cancelled,mobile_app,209,Elena,Rojas,elena.rojas209@example.com,Barcelona,Spain,2024-01-04,6443,227,Compression Sport Socks 3-Pack,Apparel,5.0,15.0,1,15.0,0.0
1809,2024-04-26,cancelled,mobile_app,209,Elena,Rojas,elena.rojas209@example.com,Barcelona,Spain,2024-01-04,6444,211,Smart Home Security Camera,Electronics,35.0,74.99,1,74.99,15.0
1810,2025-03-26,processing,mobile_app,218,Camila,Perez,camila.perez218@example.com,Rio de Janeiro,Brazil,2025-02-20,6445,208,High-Speed External SSD 1TB,Electronics,55.0,119.99,1,119.99,15.0
1810,2025-03-26,processing,mobile_app,218,Camila,Perez,camila.perez218@example.com,Rio de Janeiro,Brazil,2025-02-20,6446,214,Adjustable Standing Desk,Furniture,180.0,349.99,1,349.99,10.0
1810,2025-03-26,processing,mobile_app,218,Camila,Perez,camila.perez218@example.com,Rio de Janeiro,Brazil,2025-02-20,6447,230,Polarized Sport Sunglasses,Accessories,15.0,39.99,1,39.99,0.0
1811,2025-06-13,completed,web,255,Agustina,Gonzalez,agustina.gonzalez255@example.com,Lima,Peru,2025-02-28,6448,219,Under-Desk Cable Tray,Furniture,10.0,24.5,1,24.5,0.0
1812,2025-11-18,completed,web,140,Esteban,Blanco,esteban.blanco140@example.com,Rosario,Argentina,2025-10-18,6449,220,Footrest with Massage Texture,Furniture,16.0,36.0,2,36.0,0.0
1812,2025-11-18,completed,web,140,Esteban,Blanco,esteban.blanco140@example.com,Rosario,Argentina,2025-10-18,6450,219,Under-Desk Cable Tray,Furniture,10.0,24.5,2,24.5,0.0
1812,2025-11-18,completed,web,140,Esteban,Blanco,esteban.blanco140@example.com,Rosario,Argentina,2025-10-18,6451,232,Laptop Sleeve Protective Case,Accessories,12.0,27.99,1,27.99,0.0
1812,2025-11-18,completed,web,140,Esteban,Blanco,esteban.blanco140@example.com,Rosario,Argentina,2025-10-18,6452,202,Smart Fitness Watch v2,Electronics,45.0,89.99,2,89.99,0.0
1813,2024-05-13,completed,in_store,173,Sebastian,Ortega,sebastian.ortega173@example.com,Cordoba,Argentina,2024-03-18,6453,208,High-Speed External SSD 1TB,Electronics,55.0,119.99,1,119.99,0.0
1813,2024-05-13,completed,in_store,173,Sebastian,Ortega,sebastian.ortega173@example.com,Cordoba,Argentina,2024-03-18,6454,223,Breathable Running Shoes,Apparel,35.0,85.0,1,85.0,10.0
1814,2026-03-30,completed,web,180,Lucia,Romero,lucia.romero180@example.com,Rio de Janeiro,Brazil,2025-11-08,6455,231,Minimalist Leather Wallet,Accessories,14.0,34.5,2,34.5,10.0
1814,2026-03-30,completed,web,180,Lucia,Romero,lucia.romero180@example.com,Rio de Janeiro,Brazil,2025-11-08,6456,209,True Wireless Earbuds Pro,Electronics,38.0,84.99,1,84.99,20.0
1815,2025-04-26,completed,in_store,216,Lucia,Perez,lucia.perez216@example.com,Barcelona,Spain,2025-01-01,6457,227,Compression Sport Socks 3-Pack,Apparel,5.0,15.0,1,15.0,0.0
1816,2026-02-05,completed,web,202,Emilia,Blanco,emilia.blanco202@example.com,Bogota,Colombia,2025-11-10,6458,229,Stainless Steel Water Bottle,Accessories,6.5,19.99,1,19.99,0.0
1816,2026-02-05,completed,web,202,Emilia,Blanco,emilia.blanco202@example.com,Bogota,Colombia,2025-11-10,6459,218,Memory Foam Lumbar Pillow,Furniture,14.0,32.0,1,32.0,20.0
1816,2026-02-05,completed,web,202,Emilia,Blanco,emilia.blanco202@example.com,Bogota,Colombia,2025-11-10,6460,206,Bluetooth Portable Speaker,Electronics,25.0,59.99,2,59.99,0.0
1816,2026-02-05,completed,web,202,Emilia,Blanco,emilia.blanco202@example.com,Bogota,Colombia,2025-11-10,6461,211,Smart Home Security Camera,Electronics,35.0,74.99,1,74.99,0.0
1817,2024-11-02,completed,web,265,Elena,Blanco,elena.blanco265@example.com,Lima,Peru,2024-06-11,6462,235,UV Sanitizer Travel Case,Accessories,15.0,35.0,2,35.0,10.0
1817,2024-11-02,completed,web,265,Elena,Blanco,elena.blanco265@example.com,Lima,Peru,2024-06-11,6463,204,Ultra HD 27-inch Monitor,Electronics,160.0,289.0,2,289.0,0.0
1817,2024-11-02,completed,web,265,Elena,Blanco,elena.blanco265@example.com,Lima,Peru,2024-06-11,6464,234,Silicone Keyring Organizer,Accessories,4.0,12.0,1,12.0,0.0
1817,2024-11-02,completed,web,265,Elena,Blanco,elena.blanco265@example.com,Lima,Peru,2024-06-11,6465,213,Ergonomic Office Chair,Furniture,110.0,219.0,1,219.0,0.0
1818,2025-08-25,completed,in_store,171,Isabella,Castro,isabella.castro171@example.com,Buenos Aires,Argentina,2025-07-03,6466,229,Stainless Steel Water Bottle,Accessories,6.5,19.99,1,19.99,0.0
1818,2025-08-25,completed,in_store,171,Isabella,Castro,isabella.castro171@example.com,Buenos Aires,Argentina,2025-07-03,6467,206,Bluetooth Portable Speaker,Electronics,25.0,59.99,1,59.99,0.0
1818,2025-08-25,completed,in_store,171,Isabella,Castro,isabella.castro171@example.com,Buenos Aires,Argentina,2025-07-03,6468,235,UV Sanitizer Travel Case,Accessories,15.0,35.0,1,35.0,0.0
1819,2025-12-05,completed,mobile_app,188,Camila,Bravo,camila.bravo188@example.com,Cordoba,Argentina,2025-08-15,6469,234,Silicone Keyring Organizer,Accessories,4.0,12.0,1,12.0,0.0
1820,2024-08-06,completed,web,166,Isabella,Acosta,isabella.acosta166@example.com,Valparaiso,Chile,2024-07-13,6470,219,Under-Desk Cable Tray,Furniture,10.0,24.5,1,24.5,0.0
1820,2024-08-06,completed,web,166,Isabella,Acosta,isabella.acosta166@example.com,Valparaiso,Chile,2024-07-13,6471,210,Ergonomic Vertical Mouse,Electronics,20.0,49.99,2,49.99,0.0
1821,2025-07-24,cancelled,web,179,Sofia,Navarro,sofia.navarro179@example.com,Rosario,Argentina,2025-04-10,6472,221,Organic Cotton Hoodie,Apparel,18.0,45.0,1,45.0,15.0
1822,2025-03-23,completed,web,115,Catalina,Mendoza,catalina.mendoza115@example.com,San Jose,Costa Rica,2025-01-05,6473,227,Compression Sport Socks 3-Pack,Apparel,5.0,15.0,2,15.0,0.0
1823,2025-04-04,completed,web,167,Camila,Torres,camila.torres167@example.com,Valparaiso,Chile,2024-12-28,6474,216,Compact Bookcase 4-Tier,Furniture,40.0,89.5,1,89.5,20.0
1824,2024-05-07,completed,web,230,Tomas,Blanco,tomas.blanco230@example.com,Medellin,Colombia,2024-01-29,6475,230,Polarized Sport Sunglasses,Accessories,15.0,39.99,1,39.99,0.0
1825,2024-08-23,completed,mobile_app,224,Agustina,Silva,agustina.silva224@example.com,Arequipa,Peru,2024-08-15,6476,202,Smart Fitness Watch v2,Electronics,45.0,89.99,1,89.99,10.0
1826,2024-12-30,completed,in_store,273,Mateo,Romero,mateo.romero273@example.com,Valparaiso,Chile,2024-12-04,6477,209,True Wireless Earbuds Pro,Electronics,38.0,84.99,1,84.99,5.0
1826,2024-12-30,completed,in_store,273,Mateo,Romero,mateo.romero273@example.com,Valparaiso,Chile,2024-12-04,6478,220,Footrest with Massage Texture,Furniture,16.0,36.0,1,36.0,15.0
1827,2026-01-18,completed,web,229,Julian,Alvarez,julian.alvarez229@example.com,Santiago,Chile,2025-11-26,6479,211,Smart Home Security Camera,Electronics,35.0,74.99,1,74.99,5.0
1827,2026-01-18,completed,web,229,Julian,Alvarez,julian.alvarez229@example.com,Santiago,Chile,2025-11-26,6480,216,Compact Bookcase 4-Tier,Furniture,40.0,89.5,3,89.5,10.0
1828,2025-01-12,completed,mobile_app,216,Lucia,Perez,lucia.perez216@example.com,Barcelona,Spain,2025-01-01,6481,219,Under-Desk Cable Tray,Furniture,10.0,24.5,2,24.5,0.0
1828,2025-01-12,completed,mobile_app,216,Lucia,Perez,lucia.perez216@example.com,Barcelona,Spain,2025-01-01,6482,211,Smart Home Security Camera,Electronics,35.0,74.99,1,74.99,10.0
1828,2025-01-12,completed,mobile_app,216,Lucia,Perez,lucia.perez216@example.com,Barcelona,Spain,2025-01-01,6483,201,Wireless Noise-Canceling Headphones,Electronics,65.0,129.99,1,129.99,15.0
1828,2025-01-12,completed,mobile_app,216,Lucia,Perez,lucia.perez216@example.com,Barcelona,Spain,2025-01-01,6484,204,Ultra HD 27-inch Monitor,Electronics,160.0,289.0,1,289.0,0.0
1829,2026-01-08,completed,mobile_app,262,Daniel,Vargas,daniel.vargas262@example.com,Lima,Peru,2025-11-14,6485,211,Smart Home Security Camera,Electronics,35.0,74.99,1,74.99,10.0
1830,2025-04-11,completed,mobile_app,118,Agustina,Herrera,agustina.herrera118@example.com,Mexico City,Mexico,2025-01-24,6486,209,True Wireless Earbuds Pro,Electronics,38.0,84.99,2,84.99,0.0
1830,2025-04-11,completed,mobile_app,118,Agustina,Herrera,agustina.herrera118@example.com,Mexico City,Mexico,2025-01-24,6487,218,Memory Foam Lumbar Pillow,Furniture,14.0,32.0,1,32.0,20.0
1831,2025-11-12,returned,web,182,Lucia,Castro,lucia.castro182@example.com,Barcelona,Spain,2025-08-16,6488,229,Stainless Steel Water Bottle,Accessories,6.5,19.99,1,19.99,0.0
1831,2025-11-12,returned,web,182,Lucia,Castro,lucia.castro182@example.com,Barcelona,Spain,2025-08-16,6489,218,Memory Foam Lumbar Pillow,Furniture,14.0,32.0,1,32.0,10.0
1831,2025-11-12,returned,web,182,Lucia,Castro,lucia.castro182@example.com,Barcelona,Spain,2025-08-16,6490,216,Compact Bookcase 4-Tier,Furniture,40.0,89.5,1,89.5,15.0
1831,2025-11-12,returned,web,182,Lucia,Castro,lucia.castro182@example.com,Barcelona,Spain,2025-08-16,6491,221,Organic Cotton Hoodie,Apparel,18.0,45.0,1,45.0,0.0
1832,2024-11-17,completed,web,256,Esteban,Contreras,esteban.contreras256@example.com,Montevideo,Uruguay,2024-07-18,6492,227,Compression Sport Socks 3-Pack,Apparel,5.0,15.0,2,15.0,0.0
1832,2024-11-17,completed,web,256,Esteban,Contreras,esteban.contreras256@example.com,Montevideo,Uruguay,2024-07-18,6493,232,Laptop Sleeve Protective Case,Accessories,12.0,27.99,1,27.99,0.0
1833,2025-07-07,completed,web,267,Andres,Herrera,andres.herrera267@example.com,Rosario,Argentina,2025-06-17,6494,229,Stainless Steel Water Bottle,Accessories,6.5,19.99,3,19.99,0.0
1833,2025-07-07,completed,web,267,Andres,Herrera,andres.herrera267@example.com,Rosario,Argentina,2025-06-17,6495,208,High-Speed External SSD 1TB,Electronics,55.0,119.99,1,119.99,10.0
1833,2025-07-07,completed,web,267,Andres,Herrera,andres.herrera267@example.com,Rosario,Argentina,2025-06-17,6496,223,Breathable Running Shoes,Apparel,35.0,85.0,1,85.0,0.0
1834,2024-06-23,completed,mobile_app,297,Felipe,Rojas,felipe.rojas297@example.com,Cali,Colombia,2024-06-20,6497,213,Ergonomic Office Chair,Furniture,110.0,219.0,1,219.0,0.0
1835,2024-12-30,shipped,web,291,Victoria,Blanco,victoria.blanco291@example.com,Barcelona,Spain,2024-12-24,6498,223,Breathable Running Shoes,Apparel,35.0,85.0,1,85.0,10.0
1835,2024-12-30,shipped,web,291,Victoria,Blanco,victoria.blanco291@example.com,Barcelona,Spain,2024-12-24,6499,213,Ergonomic Office Chair,Furniture,110.0,219.0,1,219.0,20.0
1836,2025-10-25,completed,mobile_app,284,Catalina,Rodriguez,catalina.rodriguez284@example.com,Santiago,Chile,2025-08-29,6500,203,Mechanical RGB Keyboard,Electronics,40.0,79.5,1,79.5,20.0
1836,2025-10-25,completed,mobile_app,284,Catalina,Rodriguez,catalina.rodriguez284@example.com,Santiago,Chile,2025-08-29,6501,218,Memory Foam Lumbar Pillow,Furniture,14.0,32.0,1,32.0,0.0
1836,2025-10-25,completed,mobile_app,284,Catalina,Rodriguez,catalina.rodriguez284@example.com,Santiago,Chile,2025-08-29,6502,232,Laptop Sleeve Protective Case,Accessories,12.0,27.99,2,27.99,0.0
1836,2025-10-25,completed,mobile_app,284,Catalina,Rodriguez,catalina.rodriguez284@example.com,Santiago,Chile,2025-08-29,6503,214,Adjustable Standing Desk,Furniture,180.0,349.99,1,349.99,5.0
1837,2026-03-07,completed,mobile_app,144,Agustina,Contreras,agustina.contreras144@example.com,Bogota,Colombia,2025-10-16,6504,212,Streaming Microphone Kit,Electronics,45.0,99.0,1,99.0,15.0
1837,2026-03-07,completed,mobile_app,144,Agustina,Contreras,agustina.contreras144@example.com,Bogota,Colombia,2025-10-16,6505,205,Fast Wireless Charging Pad,Electronics,12.0,29.99,1,29.99,0.0
1838,2025-05-23,completed,mobile_app,167,Camila,Torres,camila.torres167@example.com,Valparaiso,Chile,2024-12-28,6506,218,Memory Foam Lumbar Pillow,Furniture,14.0,32.0,2,32.0,0.0
1838,2025-05-23,completed,mobile_app,167,Camila,Torres,camila.torres167@example.com,Valparaiso,Chile,2024-12-28,6507,213,Ergonomic Office Chair,Furniture,110.0,219.0,3,219.0,15.0
1839,2024-07-19,returned,web,274,Catalina,Ortega,catalina.ortega274@example.com,Valparaiso,Chile,2024-03-04,6508,230,Polarized Sport Sunglasses,Accessories,15.0,39.99,2,39.99,15.0
1839,2024-07-19,returned,web,274,Catalina,Ortega,catalina.ortega274@example.com,Valparaiso,Chile,2024-03-04,6509,201,Wireless Noise-Canceling Headphones,Electronics,65.0,129.99,1,129.99,15.0
1840,2024-06-12,completed,mobile_app,114,Catalina,Torres,catalina.torres114@example.com,Santiago,Chile,2024-03-21,6510,234,Silicone Keyring Organizer,Accessories,4.0,12.0,1,12.0,0.0
1841,2026-03-30,shipped,web,193,Sebastian,Navarro,sebastian.navarro193@example.com,Guadalajara,Mexico,2025-11-18,6511,215,Monitor Riser with Drawer,Furniture,22.0,49.99,2,49.99,10.0
1841,2026-03-30,shipped,web,193,Sebastian,Navarro,sebastian.navarro193@example.com,Guadalajara,Mexico,2025-11-18,6512,204,Ultra HD 27-inch Monitor,Electronics,160.0,289.0,1,289.0,0.0
1841,2026-03-30,shipped,web,193,Sebastian,Navarro,sebastian.navarro193@example.com,Guadalajara,Mexico,2025-11-18,6513,218,Memory Foam Lumbar Pillow,Furniture,14.0,32.0,1,32.0,0.0
1842,2026-02-09,completed,in_store,121,Sebastian,Espinoza,sebastian.espinoza121@example.com,Valencia,Spain,2025-09-15,6514,228,Lightweight Travel Duffel Bag,Apparel,22.0,52.0,3,52.0,0.0
1843,2025-08-11,completed,web,151,Victoria,Acosta,victoria.acosta151@example.com,Valencia,Spain,2025-06-29,6515,207,USB-C Multiport Adapter Hub,Electronics,18.0,42.0,1,42.0,5.0
1844,2025-05-30,completed,web,107,Felipe,Contreras,felipe.contreras107@example.com,Rio de Janeiro,Brazil,2025-03-05,6516,216,Compact Bookcase 4-Tier,Furniture,40.0,89.5,3,89.5,20.0
1845,2024-06-15,completed,web,114,Catalina,Torres,catalina.torres114@example.com,Santiago,Chile,2024-03-21,6517,229,Stainless Steel Water Bottle,Accessories,6.5,19.99,1,19.99,0.0
1845,2024-06-15,completed,web,114,Catalina,Torres,catalina.torres114@example.com,Santiago,Chile,2024-03-21,6518,207,USB-C Multiport Adapter Hub,Electronics,18.0,42.0,1,42.0,0.0
1845,2024-06-15,completed,web,114,Catalina,Torres,catalina.torres114@example.com,Santiago,Chile,2024-03-21,6519,208,High-Speed External SSD 1TB,Electronics,55.0,119.99,1,119.99,20.0
1846,2025-07-22,completed,web,278,Andres,Navarro,andres.navarro278@example.com,Valparaiso,Chile,2025-07-05,6520,229,Stainless Steel Water Bottle,Accessories,6.5,19.99,1,19.99,0.0
1846,2025-07-22,completed,web,278,Andres,Navarro,andres.navarro278@example.com,Valparaiso,Chile,2025-07-05,6521,204,Ultra HD 27-inch Monitor,Electronics,160.0,289.0,1,289.0,0.0
1846,2025-07-22,completed,web,278,Andres,Navarro,andres.navarro278@example.com,Valparaiso,Chile,2025-07-05,6522,220,Footrest with Massage Texture,Furniture,16.0,36.0,1,36.0,10.0
1847,2024-06-05,completed,mobile_app,114,Catalina,Torres,catalina.torres114@example.com,Santiago,Chile,2024-03-21,6523,227,Compression Sport Socks 3-Pack,Apparel,5.0,15.0,1,15.0,0.0
1848,2025-09-20,completed,web,254,Lucas,Herrera,lucas.herrera254@example.com,Arequipa,Peru,2025-09-17,6524,228,Lightweight Travel Duffel Bag,Apparel,22.0,52.0,1,52.0,15.0
1848,2025-09-20,completed,web,254,Lucas,Herrera,lucas.herrera254@example.com,Arequipa,Peru,2025-09-17,6525,207,USB-C Multiport Adapter Hub,Electronics,18.0,42.0,2,42.0,5.0
1849,2025-06-15,completed,web,233,Elena,Perez,elena.perez233@example.com,Medellin,Colombia,2025-03-22,6526,201,Wireless Noise-Canceling Headphones,Electronics,65.0,129.99,1,129.99,0.0
1850,2024-10-07,completed,web,252,Tomas,Herrera,tomas.herrera252@example.com,Bogota,Colombia,2024-08-18,6527,217,Desk Lamp with Wireless Charger,Furniture,20.0,45.0,1,45.0,15.0
1850,2024-10-07,completed,web,252,Tomas,Herrera,tomas.herrera252@example.com,Bogota,Colombia,2024-08-18,6528,223,Breathable Running Shoes,Apparel,35.0,85.0,1,85.0,0.0
1851,2025-12-22,completed,web,163,Martin,Herrera,martin.herrera163@example.com,Rosario,Argentina,2025-11-16,6529,228,Lightweight Travel Duffel Bag,Apparel,22.0,52.0,1,52.0,15.0
1852,2024-09-05,completed,mobile_app,294,Tomas,Rodriguez,tomas.rodriguez294@example.com,San Jose,Costa Rica,2024-06-05,6530,210,Ergonomic Vertical Mouse,Electronics,20.0,49.99,1,49.99,0.0
1852,2024-09-05,completed,mobile_app,294,Tomas,Rodriguez,tomas.rodriguez294@example.com,San Jose,Costa Rica,2024-06-05,6531,231,Minimalist Leather Wallet,Accessories,14.0,34.5,1,34.5,0.0
1852,2024-09-05,completed,mobile_app,294,Tomas,Rodriguez,tomas.rodriguez294@example.com,San Jose,Costa Rica,2024-06-05,6532,220,Footrest with Massage Texture,Furniture,16.0,36.0,1,36.0,15.0
1853,2024-04-11,completed,web,274,Catalina,Ortega,catalina.ortega274@example.com,Valparaiso,Chile,2024-03-04,6533,204,Ultra HD 27-inch Monitor,Electronics,160.0,289.0,1,289.0,0.0
1853,2024-04-11,completed,web,274,Catalina,Ortega,catalina.ortega274@example.com,Valparaiso,Chile,2024-03-04,6534,228,Lightweight Travel Duffel Bag,Apparel,22.0,52.0,1,52.0,0.0
1854,2025-04-22,completed,in_store,118,Agustina,Herrera,agustina.herrera118@example.com,Mexico City,Mexico,2025-01-24,6535,230,Polarized Sport Sunglasses,Accessories,15.0,39.99,2,39.99,10.0
1854,2025-04-22,completed,in_store,118,Agustina,Herrera,agustina.herrera118@example.com,Mexico City,Mexico,2025-01-24,6536,222,Water-Resistant Backpack,Apparel,24.0,59.99,3,59.99,10.0
1855,2025-06-02,completed,web,177,Paula,Acosta,paula.acosta177@example.com,Buenos Aires,Argentina,2025-02-14,6537,203,Mechanical RGB Keyboard,Electronics,40.0,79.5,1,79.5,0.0
1856,2025-07-28,cancelled,web,264,Andres,Ortega,andres.ortega264@example.com,San Jose,Costa Rica,2025-05-31,6538,214,Adjustable Standing Desk,Furniture,180.0,349.99,1,349.99,20.0
1856,2025-07-28,cancelled,web,264,Andres,Ortega,andres.ortega264@example.com,San Jose,Costa Rica,2025-05-31,6539,216,Compact Bookcase 4-Tier,Furniture,40.0,89.5,3,89.5,0.0
1857,2024-04-26,completed,mobile_app,290,Sebastian,Gonzalez,sebastian.gonzalez290@example.com,Arequipa,Peru,2024-01-20,6540,201,Wireless Noise-Canceling Headphones,Electronics,65.0,129.99,1,129.99,0.0
1858,2024-09-09,completed,web,192,Emilia,Espinoza,emilia.espinoza192@example.com,Medellin,Colombia,2024-09-01,6541,229,Stainless Steel Water Bottle,Accessories,6.5,19.99,1,19.99,0.0
1859,2026-02-11,completed,web,250,Mateo,Mendoza,mateo.mendoza250@example.com,Sao Paulo,Brazil,2025-11-10,6542,219,Under-Desk Cable Tray,Furniture,10.0,24.5,1,24.5,0.0
1860,2024-04-10,completed,mobile_app,168,Elena,Romero,elena.romero168@example.com,Lima,Peru,2024-02-25,6543,213,Ergonomic Office Chair,Furniture,110.0,219.0,1,219.0,20.0
1861,2024-03-22,completed,in_store,168,Elena,Romero,elena.romero168@example.com,Lima,Peru,2024-02-25,6544,208,High-Speed External SSD 1TB,Electronics,55.0,119.99,1,119.99,0.0
1862,2025-08-05,completed,web,179,Sofia,Navarro,sofia.navarro179@example.com,Rosario,Argentina,2025-04-10,6545,211,Smart Home Security Camera,Electronics,35.0,74.99,2,74.99,0.0
1862,2025-08-05,completed,web,179,Sofia,Navarro,sofia.navarro179@example.com,Rosario,Argentina,2025-04-10,6546,234,Silicone Keyring Organizer,Accessories,4.0,12.0,1,12.0,0.0
1862,2025-08-05,completed,web,179,Sofia,Navarro,sofia.navarro179@example.com,Rosario,Argentina,2025-04-10,6547,228,Lightweight Travel Duffel Bag,Apparel,22.0,52.0,2,52.0,0.0
1863,2024-04-19,completed,web,149,Esteban,Mendoza,esteban.mendoza149@example.com,Cordoba,Argentina,2024-02-29,6548,221,Organic Cotton Hoodie,Apparel,18.0,45.0,3,45.0,0.0
1863,2024-04-19,completed,web,149,Esteban,Mendoza,esteban.mendoza149@example.com,Cordoba,Argentina,2024-02-29,6549,228,Lightweight Travel Duffel Bag,Apparel,22.0,52.0,2,52.0,20.0
1864,2025-12-21,completed,web,258,Joaquin,Herrera,joaquin.herrera258@example.com,Guadalajara,Mexico,2025-11-02,6550,221,Organic Cotton Hoodie,Apparel,18.0,45.0,1,45.0,20.0
1864,2025-12-21,completed,web,258,Joaquin,Herrera,joaquin.herrera258@example.com,Guadalajara,Mexico,2025-11-02,6551,216,Compact Bookcase 4-Tier,Furniture,40.0,89.5,1,89.5,0.0
1865,2026-01-14,completed,web,231,Camila,Rojas,camila.rojas231@example.com,Monterrey,Mexico,2025-08-17,6552,231,Minimalist Leather Wallet,Accessories,14.0,34.5,1,34.5,5.0
1865,2026-01-14,completed,web,231,Camila,Rojas,camila.rojas231@example.com,Monterrey,Mexico,2025-08-17,6553,205,Fast Wireless Charging Pad,Electronics,12.0,29.99,2,29.99,0.0
1866,2025-01-31,completed,mobile_app,266,Victoria,Acosta,victoria.acosta266@example.com,Lima,Peru,2024-09-22,6554,212,Streaming Microphone Kit,Electronics,45.0,99.0,1,99.0,10.0
1866,2025-01-31,completed,mobile_app,266,Victoria,Acosta,victoria.acosta266@example.com,Lima,Peru,2024-09-22,6555,221,Organic Cotton Hoodie,Apparel,18.0,45.0,1,45.0,15.0
1867,2025-04-03,completed,mobile_app,227,Emilia,Castro,emilia.castro227@example.com,Santiago,Chile,2024-12-02,6556,203,Mechanical RGB Keyboard,Electronics,40.0,79.5,1,79.5,0.0
1868,2025-03-03,completed,web,216,Lucia,Perez,lucia.perez216@example.com,Barcelona,Spain,2025-01-01,6557,225,Windbreaker Light Jacket,Apparel,28.0,65.0,1,65.0,20.0
1869,2024-05-21,completed,web,196,Valeria,Bravo,valeria.bravo196@example.com,Mexico City,Mexico,2024-03-16,6558,206,Bluetooth Portable Speaker,Electronics,25.0,59.99,1,59.99,10.0
1870,2024-09-25,completed,web,191,Martin,Fernandez,martin.fernandez191@example.com,Rosario,Argentina,2024-07-28,6559,222,Water-Resistant Backpack,Apparel,24.0,59.99,1,59.99,5.0
1870,2024-09-25,completed,web,191,Martin,Fernandez,martin.fernandez191@example.com,Rosario,Argentina,2024-07-28,6560,228,Lightweight Travel Duffel Bag,Apparel,22.0,52.0,1,52.0,20.0
1871,2025-03-17,completed,web,228,Sebastian,Gonzalez,sebastian.gonzalez228@example.com,Rosario,Argentina,2024-12-25,6561,229,Stainless Steel Water Bottle,Accessories,6.5,19.99,1,19.99,0.0
1872,2024-10-12,completed,web,266,Victoria,Acosta,victoria.acosta266@example.com,Lima,Peru,2024-09-22,6562,233,Universal Travel Power Adapter,Accessories,9.0,22.5,1,22.5,0.0
1873,2024-07-02,completed,web,265,Elena,Blanco,elena.blanco265@example.com,Lima,Peru,2024-06-11,6563,205,Fast Wireless Charging Pad,Electronics,12.0,29.99,1,29.99,0.0
1874,2025-01-21,completed,web,240,Martin,Mendoza,martin.mendoza240@example.com,Valparaiso,Chile,2024-11-30,6564,217,Desk Lamp with Wireless Charger,Furniture,20.0,45.0,1,45.0,20.0
1874,2025-01-21,completed,web,240,Martin,Mendoza,martin.mendoza240@example.com,Valparaiso,Chile,2024-11-30,6565,220,Footrest with Massage Texture,Furniture,16.0,36.0,1,36.0,0.0
1875,2024-04-05,shipped,in_store,149,Esteban,Mendoza,esteban.mendoza149@example.com,Cordoba,Argentina,2024-02-29,6566,217,Desk Lamp with Wireless Charger,Furniture,20.0,45.0,2,45.0,0.0
1875,2024-04-05,shipped,in_store,149,Esteban,Mendoza,esteban.mendoza149@example.com,Cordoba,Argentina,2024-02-29,6567,201,Wireless Noise-Canceling Headphones,Electronics,65.0,129.99,2,129.99,20.0
1876,2024-09-20,completed,in_store,204,Esteban,Torres,esteban.torres204@example.com,Rio de Janeiro,Brazil,2024-06-08,6568,231,Minimalist Leather Wallet,Accessories,14.0,34.5,3,34.5,0.0
1876,2024-09-20,completed,in_store,204,Esteban,Torres,esteban.torres204@example.com,Rio de Janeiro,Brazil,2024-06-08,6569,233,Universal Travel Power Adapter,Accessories,9.0,22.5,2,22.5,0.0
1877,2024-10-21,processing,in_store,159,Sofia,Bravo,sofia.bravo159@example.com,Rio de Janeiro,Brazil,2024-08-23,6570,215,Monitor Riser with Drawer,Furniture,22.0,49.99,1,49.99,20.0
1878,2026-03-11,processing,mobile_app,242,Alejandro,Castro,alejandro.castro242@example.com,Valparaiso,Chile,2025-11-11,6571,206,Bluetooth Portable Speaker,Electronics,25.0,59.99,1,59.99,0.0
1879,2024-09-29,completed,mobile_app,210,Gabriel,Vargas,gabriel.vargas210@example.com,Rosario,Argentina,2024-06-14,6572,202,Smart Fitness Watch v2,Electronics,45.0,89.99,1,89.99,10.0
1880,2025-03-25,processing,web,133,Esteban,Bravo,esteban.bravo133@example.com,Santiago,Chile,2025-01-05,6573,223,Breathable Running Shoes,Apparel,35.0,85.0,1,85.0,5.0
1880,2025-03-25,processing,web,133,Esteban,Bravo,esteban.bravo133@example.com,Santiago,Chile,2025-01-05,6574,222,Water-Resistant Backpack,Apparel,24.0,59.99,1,59.99,5.0
1881,2025-09-06,completed,web,296,Camila,Bravo,camila.bravo296@example.com,Buenos Aires,Argentina,2025-04-21,6575,203,Mechanical RGB Keyboard,Electronics,40.0,79.5,1,79.5,0.0
1881,2025-09-06,completed,web,296,Camila,Bravo,camila.bravo296@example.com,Buenos Aires,Argentina,2025-04-21,6576,209,True Wireless Earbuds Pro,Electronics,38.0,84.99,1,84.99,20.0
1882,2025-07-25,completed,web,255,Agustina,Gonzalez,agustina.gonzalez255@example.com,Lima,Peru,2025-02-28,6577,226,Thermal Winter Beanie,Apparel,6.0,18.0,1,18.0,0.0
1883,2025-05-12,completed,web,199,Mariana,Mendoza,mariana.mendoza199@example.com,Monterrey,Mexico,2025-03-24,6578,229,Stainless Steel Water Bottle,Accessories,6.5,19.99,1,19.99,0.0
1884,2025-02-16,completed,web,178,Esteban,Silva,esteban.silva178@example.com,Monterrey,Mexico,2025-01-23,6579,212,Streaming Microphone Kit,Electronics,45.0,99.0,2,99.0,10.0
1884,2025-02-16,completed,web,178,Esteban,Silva,esteban.silva178@example.com,Monterrey,Mexico,2025-01-23,6580,203,Mechanical RGB Keyboard,Electronics,40.0,79.5,1,79.5,0.0
1885,2025-07-17,completed,web,151,Victoria,Acosta,victoria.acosta151@example.com,Valencia,Spain,2025-06-29,6581,219,Under-Desk Cable Tray,Furniture,10.0,24.5,1,24.5,0.0
1886,2025-05-21,completed,web,118,Agustina,Herrera,agustina.herrera118@example.com,Mexico City,Mexico,2025-01-24,6582,211,Smart Home Security Camera,Electronics,35.0,74.99,2,74.99,5.0
1886,2025-05-21,completed,web,118,Agustina,Herrera,agustina.herrera118@example.com,Mexico City,Mexico,2025-01-24,6583,221,Organic Cotton Hoodie,Apparel,18.0,45.0,1,45.0,0.0
1887,2025-10-05,completed,mobile_app,134,Isabella,Vargas,isabella.vargas134@example.com,Sao Paulo,Brazil,2025-05-20,6584,225,Windbreaker Light Jacket,Apparel,28.0,65.0,1,65.0,0.0
1887,2025-10-05,completed,mobile_app,134,Isabella,Vargas,isabella.vargas134@example.com,Sao Paulo,Brazil,2025-05-20,6585,214,Adjustable Standing Desk,Furniture,180.0,349.99,1,349.99,20.0
1888,2024-10-18,completed,mobile_app,282,Joaquin,Fernandez,joaquin.fernandez282@example.com,Santiago,Chile,2024-06-18,6586,220,Footrest with Massage Texture,Furniture,16.0,36.0,1,36.0,15.0
1888,2024-10-18,completed,mobile_app,282,Joaquin,Fernandez,joaquin.fernandez282@example.com,Santiago,Chile,2024-06-18,6587,213,Ergonomic Office Chair,Furniture,110.0,219.0,1,219.0,0.0
1889,2024-05-21,completed,web,102,Isabella,Herrera,isabella.herrera102@example.com,Guadalajara,Mexico,2024-04-14,6588,216,Compact Bookcase 4-Tier,Furniture,40.0,89.5,2,89.5,5.0
1889,2024-05-21,completed,web,102,Isabella,Herrera,isabella.herrera102@example.com,Guadalajara,Mexico,2024-04-14,6589,234,Silicone Keyring Organizer,Accessories,4.0,12.0,1,12.0,0.0
1889,2024-05-21,completed,web,102,Isabella,Herrera,isabella.herrera102@example.com,Guadalajara,Mexico,2024-04-14,6590,222,Water-Resistant Backpack,Apparel,24.0,59.99,1,59.99,15.0
1890,2024-10-25,returned,mobile_app,124,Clara,Contreras,clara.contreras124@example.com,Rio de Janeiro,Brazil,2024-08-12,6591,220,Footrest with Massage Texture,Furniture,16.0,36.0,1,36.0,20.0
1891,2024-09-20,completed,web,145,Martin,Cabrera,martin.cabrera145@example.com,Buenos Aires,Argentina,2024-06-05,6592,228,Lightweight Travel Duffel Bag,Apparel,22.0,52.0,2,52.0,0.0
1891,2024-09-20,completed,web,145,Martin,Cabrera,martin.cabrera145@example.com,Buenos Aires,Argentina,2024-06-05,6593,230,Polarized Sport Sunglasses,Accessories,15.0,39.99,1,39.99,0.0
1891,2024-09-20,completed,web,145,Martin,Cabrera,martin.cabrera145@example.com,Buenos Aires,Argentina,2024-06-05,6594,225,Windbreaker Light Jacket,Apparel,28.0,65.0,1,65.0,0.0
1892,2024-04-23,completed,mobile_app,162,Mateo,Silva,mateo.silva162@example.com,Medellin,Colombia,2024-03-13,6595,205,Fast Wireless Charging Pad,Electronics,12.0,29.99,2,29.99,0.0
1892,2024-04-23,completed,mobile_app,162,Mateo,Silva,mateo.silva162@example.com,Medellin,Colombia,2024-03-13,6596,214,Adjustable Standing Desk,Furniture,180.0,349.99,1,349.99,20.0
1893,2025-12-13,completed,web,242,Alejandro,Castro,alejandro.castro242@example.com,Valparaiso,Chile,2025-11-11,6597,233,Universal Travel Power Adapter,Accessories,9.0,22.5,1,22.5,0.0
1893,2025-12-13,completed,web,242,Alejandro,Castro,alejandro.castro242@example.com,Valparaiso,Chile,2025-11-11,6598,221,Organic Cotton Hoodie,Apparel,18.0,45.0,1,45.0,0.0
1894,2024-02-10,completed,web,230,Tomas,Blanco,tomas.blanco230@example.com,Medellin,Colombia,2024-01-29,6599,230,Polarized Sport Sunglasses,Accessories,15.0,39.99,1,39.99,15.0
1895,2024-06-17,completed,web,203,Camila,Vargas,camila.vargas203@example.com,Rosario,Argentina,2024-04-28,6600,208,High-Speed External SSD 1TB,Electronics,55.0,119.99,1,119.99,0.0
1896,2025-08-30,completed,mobile_app,184,Lucas,Silva,lucas.silva184@example.com,Montevideo,Uruguay,2025-05-03,6601,216,Compact Bookcase 4-Tier,Furniture,40.0,89.5,1,89.5,5.0
1897,2026-01-01,completed,web,136,Julian,Morales,julian.morales136@example.com,Valparaiso,Chile,2025-09-02,6602,202,Smart Fitness Watch v2,Electronics,45.0,89.99,1,89.99,0.0
1898,2025-03-24,completed,in_store,176,Clara,Herrera,clara.herrera176@example.com,Monterrey,Mexico,2025-02-20,6603,205,Fast Wireless Charging Pad,Electronics,12.0,29.99,1,29.99,0.0
1899,2024-06-08,completed,mobile_app,103,Emilia,Flores,emilia.flores103@example.com,Rio de Janeiro,Brazil,2024-03-30,6604,214,Adjustable Standing Desk,Furniture,180.0,349.99,1,349.99,15.0
1900,2025-03-04,completed,in_store,237,Martin,Blanco,martin.blanco237@example.com,Buenos Aires,Argentina,2025-01-07,6605,234,Silicone Keyring Organizer,Accessories,4.0,12.0,1,12.0,0.0
1901,2025-09-25,completed,in_store,284,Catalina,Rodriguez,catalina.rodriguez284@example.com,Santiago,Chile,2025-08-29,6606,204,Ultra HD 27-inch Monitor,Electronics,160.0,289.0,1,289.0,0.0
1902,2024-09-21,shipped,web,298,Valeria,Cabrera,valeria.cabrera298@example.com,Mexico City,Mexico,2024-06-16,6607,224,Performance Athletic T-Shirt,Apparel,10.0,28.0,1,28.0,0.0
1902,2024-09-21,shipped,web,298,Valeria,Cabrera,valeria.cabrera298@example.com,Mexico City,Mexico,2024-06-16,6608,216,Compact Bookcase 4-Tier,Furniture,40.0,89.5,1,89.5,0.0
1902,2024-09-21,shipped,web,298,Valeria,Cabrera,valeria.cabrera298@example.com,Mexico City,Mexico,2024-06-16,6609,213,Ergonomic Office Chair,Furniture,110.0,219.0,1,219.0,0.0
1903,2025-09-07,completed,web,275,Diego,Romero,diego.romero275@example.com,Santiago,Chile,2025-08-21,6610,211,Smart Home Security Camera,Electronics,35.0,74.99,1,74.99,0.0
1903,2025-09-07,completed,web,275,Diego,Romero,diego.romero275@example.com,Santiago,Chile,2025-08-21,6611,203,Mechanical RGB Keyboard,Electronics,40.0,79.5,2,79.5,0.0
1904,2025-09-02,returned,web,244,Nicolas,Mendoza,nicolas.mendoza244@example.com,Santiago,Chile,2025-07-15,6612,226,Thermal Winter Beanie,Apparel,6.0,18.0,1,18.0,0.0
1904,2025-09-02,returned,web,244,Nicolas,Mendoza,nicolas.mendoza244@example.com,Santiago,Chile,2025-07-15,6613,228,Lightweight Travel Duffel Bag,Apparel,22.0,52.0,1,52.0,0.0
1904,2025-09-02,returned,web,244,Nicolas,Mendoza,nicolas.mendoza244@example.com,Santiago,Chile,2025-07-15,6614,208,High-Speed External SSD 1TB,Electronics,55.0,119.99,1,119.99,5.0
1905,2024-12-28,completed,web,268,Paula,Contreras,paula.contreras268@example.com,Cordoba,Argentina,2024-10-08,6615,215,Monitor Riser with Drawer,Furniture,22.0,49.99,1,49.99,20.0
1906,2024-10-09,completed,web,172,Daniel,Vargas,daniel.vargas172@example.com,Valparaiso,Chile,2024-07-06,6616,227,Compression Sport Socks 3-Pack,Apparel,5.0,15.0,3,15.0,0.0
1906,2024-10-09,completed,web,172,Daniel,Vargas,daniel.vargas172@example.com,Valparaiso,Chile,2024-07-06,6617,220,Footrest with Massage Texture,Furniture,16.0,36.0,1,36.0,10.0
1906,2024-10-09,completed,web,172,Daniel,Vargas,daniel.vargas172@example.com,Valparaiso,Chile,2024-07-06,6618,232,Laptop Sleeve Protective Case,Accessories,12.0,27.99,2,27.99,0.0
1907,2025-10-27,completed,web,246,Diego,Romero,diego.romero246@example.com,Montevideo,Uruguay,2025-09-13,6619,225,Windbreaker Light Jacket,Apparel,28.0,65.0,1,65.0,15.0
1907,2025-10-27,completed,web,246,Diego,Romero,diego.romero246@example.com,Montevideo,Uruguay,2025-09-13,6620,209,True Wireless Earbuds Pro,Electronics,38.0,84.99,2,84.99,15.0
1908,2025-12-18,completed,web,182,Lucia,Castro,lucia.castro182@example.com,Barcelona,Spain,2025-08-16,6621,229,Stainless Steel Water Bottle,Accessories,6.5,19.99,1,19.99,0.0
1909,2025-07-30,completed,mobile_app,264,Andres,Ortega,andres.ortega264@example.com,San Jose,Costa Rica,2025-05-31,6622,201,Wireless Noise-Canceling Headphones,Electronics,65.0,129.99,1,129.99,20.0
1909,2025-07-30,completed,mobile_app,264,Andres,Ortega,andres.ortega264@example.com,San Jose,Costa Rica,2025-05-31,6623,215,Monitor Riser with Drawer,Furniture,22.0,49.99,2,49.99,0.0
1910,2024-12-10,shipped,web,161,Felipe,Contreras,felipe.contreras161@example.com,Barcelona,Spain,2024-08-22,6624,204,Ultra HD 27-inch Monitor,Electronics,160.0,289.0,1,289.0,0.0
1910,2024-12-10,shipped,web,161,Felipe,Contreras,felipe.contreras161@example.com,Barcelona,Spain,2024-08-22,6625,209,True Wireless Earbuds Pro,Electronics,38.0,84.99,1,84.99,5.0
1911,2024-10-08,completed,in_store,153,Paula,Blanco,paula.blanco153@example.com,Monterrey,Mexico,2024-09-28,6626,229,Stainless Steel Water Bottle,Accessories,6.5,19.99,1,19.99,0.0
1911,2024-10-08,completed,in_store,153,Paula,Blanco,paula.blanco153@example.com,Monterrey,Mexico,2024-09-28,6627,222,Water-Resistant Backpack,Apparel,24.0,59.99,1,59.99,20.0
1912,2025-11-27,completed,mobile_app,295,Isabella,Vargas,isabella.vargas295@example.com,Arequipa,Peru,2025-11-16,6628,219,Under-Desk Cable Tray,Furniture,10.0,24.5,1,24.5,0.0
1912,2025-11-27,completed,mobile_app,295,Isabella,Vargas,isabella.vargas295@example.com,Arequipa,Peru,2025-11-16,6629,202,Smart Fitness Watch v2,Electronics,45.0,89.99,1,89.99,0.0
1913,2026-01-08,completed,web,163,Martin,Herrera,martin.herrera163@example.com,Rosario,Argentina,2025-11-16,6630,216,Compact Bookcase 4-Tier,Furniture,40.0,89.5,1,89.5,0.0
1913,2026-01-08,completed,web,163,Martin,Herrera,martin.herrera163@example.com,Rosario,Argentina,2025-11-16,6631,215,Monitor Riser with Drawer,Furniture,22.0,49.99,1,49.99,0.0
1913,2026-01-08,completed,web,163,Martin,Herrera,martin.herrera163@example.com,Rosario,Argentina,2025-11-16,6632,225,Windbreaker Light Jacket,Apparel,28.0,65.0,1,65.0,5.0
1914,2025-03-15,completed,mobile_app,118,Agustina,Herrera,agustina.herrera118@example.com,Mexico City,Mexico,2025-01-24,6633,214,Adjustable Standing Desk,Furniture,180.0,349.99,1,349.99,20.0
1914,2025-03-15,completed,mobile_app,118,Agustina,Herrera,agustina.herrera118@example.com,Mexico City,Mexico,2025-01-24,6634,209,True Wireless Earbuds Pro,Electronics,38.0,84.99,2,84.99,0.0
1914,2025-03-15,completed,mobile_app,118,Agustina,Herrera,agustina.herrera118@example.com,Mexico City,Mexico,2025-01-24,6635,206,Bluetooth Portable Speaker,Electronics,25.0,59.99,1,59.99,0.0
1914,2025-03-15,completed,mobile_app,118,Agustina,Herrera,agustina.herrera118@example.com,Mexico City,Mexico,2025-01-24,6636,212,Streaming Microphone Kit,Electronics,45.0,99.0,1,99.0,5.0
1915,2025-12-21,processing,web,180,Lucia,Romero,lucia.romero180@example.com,Rio de Janeiro,Brazil,2025-11-08,6637,212,Streaming Microphone Kit,Electronics,45.0,99.0,1,99.0,0.0
1916,2024-07-18,completed,mobile_app,174,Daniel,Blanco,daniel.blanco174@example.com,Mexico City,Mexico,2024-02-21,6638,231,Minimalist Leather Wallet,Accessories,14.0,34.5,1,34.5,0.0
1917,2026-02-15,completed,mobile_app,202,Emilia,Blanco,emilia.blanco202@example.com,Bogota,Colombia,2025-11-10,6639,233,Universal Travel Power Adapter,Accessories,9.0,22.5,1,22.5,0.0
1918,2025-04-22,completed,web,211,Victoria,Ortega,victoria.ortega211@example.com,Rio de Janeiro,Brazil,2025-03-13,6640,228,Lightweight Travel Duffel Bag,Apparel,22.0,52.0,2,52.0,0.0
1918,2025-04-22,completed,web,211,Victoria,Ortega,victoria.ortega211@example.com,Rio de Janeiro,Brazil,2025-03-13,6641,206,Bluetooth Portable Speaker,Electronics,25.0,59.99,1,59.99,0.0
1919,2025-12-26,completed,web,242,Alejandro,Castro,alejandro.castro242@example.com,Valparaiso,Chile,2025-11-11,6642,230,Polarized Sport Sunglasses,Accessories,15.0,39.99,1,39.99,10.0
1919,2025-12-26,completed,web,242,Alejandro,Castro,alejandro.castro242@example.com,Valparaiso,Chile,2025-11-11,6643,219,Under-Desk Cable Tray,Furniture,10.0,24.5,1,24.5,0.0
1920,2024-04-15,processing,mobile_app,186,Martin,Gonzalez,martin.gonzalez186@example.com,Monterrey,Mexico,2024-03-11,6644,213,Ergonomic Office Chair,Furniture,110.0,219.0,1,219.0,20.0
1921,2026-03-02,completed,mobile_app,229,Julian,Alvarez,julian.alvarez229@example.com,Santiago,Chile,2025-11-26,6645,226,Thermal Winter Beanie,Apparel,6.0,18.0,1,18.0,0.0
1921,2026-03-02,completed,mobile_app,229,Julian,Alvarez,julian.alvarez229@example.com,Santiago,Chile,2025-11-26,6646,224,Performance Athletic T-Shirt,Apparel,10.0,28.0,1,28.0,0.0
1921,2026-03-02,completed,mobile_app,229,Julian,Alvarez,julian.alvarez229@example.com,Santiago,Chile,2025-11-26,6647,225,Windbreaker Light Jacket,Apparel,28.0,65.0,1,65.0,5.0
1922,2024-09-09,completed,mobile_app,110,Gabriel,Rojas,gabriel.rojas110@example.com,Guadalajara,Mexico,2024-08-08,6648,228,Lightweight Travel Duffel Bag,Apparel,22.0,52.0,3,52.0,20.0
1923,2024-10-21,completed,in_store,293,Lucas,Rodriguez,lucas.rodriguez293@example.com,Cordoba,Argentina,2024-07-23,6649,224,Performance Athletic T-Shirt,Apparel,10.0,28.0,1,28.0,0.0
1923,2024-10-21,completed,in_store,293,Lucas,Rodriguez,lucas.rodriguez293@example.com,Cordoba,Argentina,2024-07-23,6650,204,Ultra HD 27-inch Monitor,Electronics,160.0,289.0,2,289.0,15.0
1924,2024-07-17,completed,web,164,Paula,Castro,paula.castro164@example.com,Rio de Janeiro,Brazil,2024-05-15,6651,224,Performance Athletic T-Shirt,Apparel,10.0,28.0,1,28.0,0.0
1924,2024-07-17,completed,web,164,Paula,Castro,paula.castro164@example.com,Rio de Janeiro,Brazil,2024-05-15,6652,202,Smart Fitness Watch v2,Electronics,45.0,89.99,1,89.99,15.0
1924,2024-07-17,completed,web,164,Paula,Castro,paula.castro164@example.com,Rio de Janeiro,Brazil,2024-05-15,6653,210,Ergonomic Vertical Mouse,Electronics,20.0,49.99,1,49.99,0.0
1925,2025-07-27,returned,web,255,Agustina,Gonzalez,agustina.gonzalez255@example.com,Lima,Peru,2025-02-28,6654,206,Bluetooth Portable Speaker,Electronics,25.0,59.99,1,59.99,5.0
1926,2025-12-01,completed,web,202,Emilia,Blanco,emilia.blanco202@example.com,Bogota,Colombia,2025-11-10,6655,211,Smart Home Security Camera,Electronics,35.0,74.99,1,74.99,10.0
1926,2025-12-01,completed,web,202,Emilia,Blanco,emilia.blanco202@example.com,Bogota,Colombia,2025-11-10,6656,228,Lightweight Travel Duffel Bag,Apparel,22.0,52.0,3,52.0,15.0
1926,2025-12-01,completed,web,202,Emilia,Blanco,emilia.blanco202@example.com,Bogota,Colombia,2025-11-10,6657,217,Desk Lamp with Wireless Charger,Furniture,20.0,45.0,2,45.0,10.0
1927,2025-07-25,shipped,in_store,179,Sofia,Navarro,sofia.navarro179@example.com,Rosario,Argentina,2025-04-10,6658,207,USB-C Multiport Adapter Hub,Electronics,18.0,42.0,1,42.0,0.0
1927,2025-07-25,shipped,in_store,179,Sofia,Navarro,sofia.navarro179@example.com,Rosario,Argentina,2025-04-10,6659,223,Breathable Running Shoes,Apparel,35.0,85.0,2,85.0,5.0
1927,2025-07-25,shipped,in_store,179,Sofia,Navarro,sofia.navarro179@example.com,Rosario,Argentina,2025-04-10,6660,210,Ergonomic Vertical Mouse,Electronics,20.0,49.99,1,49.99,0.0
1928,2026-02-19,completed,web,144,Agustina,Contreras,agustina.contreras144@example.com,Bogota,Colombia,2025-10-16,6661,227,Compression Sport Socks 3-Pack,Apparel,5.0,15.0,1,15.0,0.0
1929,2024-12-21,processing,mobile_app,268,Paula,Contreras,paula.contreras268@example.com,Cordoba,Argentina,2024-10-08,6662,224,Performance Athletic T-Shirt,Apparel,10.0,28.0,1,28.0,0.0
1930,2024-07-26,completed,web,135,Mateo,Silva,mateo.silva135@example.com,Mexico City,Mexico,2024-06-05,6663,208,High-Speed External SSD 1TB,Electronics,55.0,119.99,1,119.99,0.0
1930,2024-07-26,completed,web,135,Mateo,Silva,mateo.silva135@example.com,Mexico City,Mexico,2024-06-05,6664,229,Stainless Steel Water Bottle,Accessories,6.5,19.99,1,19.99,0.0
1931,2024-04-03,shipped,web,116,Nicolas,Castro,nicolas.castro116@example.com,Valencia,Spain,2024-02-16,6665,227,Compression Sport Socks 3-Pack,Apparel,5.0,15.0,1,15.0,0.0
1932,2025-05-18,returned,web,260,Isabella,Morales,isabella.morales260@example.com,Sao Paulo,Brazil,2025-04-20,6666,206,Bluetooth Portable Speaker,Electronics,25.0,59.99,1,59.99,0.0
1933,2024-06-18,completed,mobile_app,117,Emilia,Herrera,emilia.herrera117@example.com,Bogota,Colombia,2024-03-22,6667,232,Laptop Sleeve Protective Case,Accessories,12.0,27.99,1,27.99,0.0
1934,2025-02-17,completed,web,126,Tomas,Silva,tomas.silva126@example.com,Medellin,Colombia,2025-02-14,6668,201,Wireless Noise-Canceling Headphones,Electronics,65.0,129.99,1,129.99,10.0
1934,2025-02-17,completed,web,126,Tomas,Silva,tomas.silva126@example.com,Medellin,Colombia,2025-02-14,6669,203,Mechanical RGB Keyboard,Electronics,40.0,79.5,2,79.5,5.0
1935,2025-07-12,shipped,web,255,Agustina,Gonzalez,agustina.gonzalez255@example.com,Lima,Peru,2025-02-28,6670,231,Minimalist Leather Wallet,Accessories,14.0,34.5,1,34.5,15.0
1935,2025-07-12,shipped,web,255,Agustina,Gonzalez,agustina.gonzalez255@example.com,Lima,Peru,2025-02-28,6671,222,Water-Resistant Backpack,Apparel,24.0,59.99,2,59.99,0.0
1935,2025-07-12,shipped,web,255,Agustina,Gonzalez,agustina.gonzalez255@example.com,Lima,Peru,2025-02-28,6672,228,Lightweight Travel Duffel Bag,Apparel,22.0,52.0,2,52.0,0.0
1936,2024-12-05,completed,mobile_app,271,Mateo,Vargas,mateo.vargas271@example.com,Guadalajara,Mexico,2024-08-24,6673,223,Breathable Running Shoes,Apparel,35.0,85.0,2,85.0,20.0
1937,2025-02-15,completed,in_store,126,Tomas,Silva,tomas.silva126@example.com,Medellin,Colombia,2025-02-14,6674,209,True Wireless Earbuds Pro,Electronics,38.0,84.99,1,84.99,0.0
1938,2024-03-14,cancelled,in_store,236,Lucas,Espinoza,lucas.espinoza236@example.com,Valparaiso,Chile,2024-01-02,6675,224,Performance Athletic T-Shirt,Apparel,10.0,28.0,1,28.0,0.0
1938,2024-03-14,cancelled,in_store,236,Lucas,Espinoza,lucas.espinoza236@example.com,Valparaiso,Chile,2024-01-02,6676,229,Stainless Steel Water Bottle,Accessories,6.5,19.99,1,19.99,0.0
1938,2024-03-14,cancelled,in_store,236,Lucas,Espinoza,lucas.espinoza236@example.com,Valparaiso,Chile,2024-01-02,6677,231,Minimalist Leather Wallet,Accessories,14.0,34.5,1,34.5,15.0
1939,2024-11-22,returned,web,183,Victoria,Blanco,victoria.blanco183@example.com,Barcelona,Spain,2024-11-17,6678,221,Organic Cotton Hoodie,Apparel,18.0,45.0,1,45.0,5.0
1939,2024-11-22,returned,web,183,Victoria,Blanco,victoria.blanco183@example.com,Barcelona,Spain,2024-11-17,6679,229,Stainless Steel Water Bottle,Accessories,6.5,19.99,1,19.99,0.0
1939,2024-11-22,returned,web,183,Victoria,Blanco,victoria.blanco183@example.com,Barcelona,Spain,2024-11-17,6680,215,Monitor Riser with Drawer,Furniture,22.0,49.99,2,49.99,0.0
1940,2024-10-14,returned,in_store,210,Gabriel,Vargas,gabriel.vargas210@example.com,Rosario,Argentina,2024-06-14,6681,225,Windbreaker Light Jacket,Apparel,28.0,65.0,1,65.0,20.0
1940,2024-10-14,returned,in_store,210,Gabriel,Vargas,gabriel.vargas210@example.com,Rosario,Argentina,2024-06-14,6682,219,Under-Desk Cable Tray,Furniture,10.0,24.5,1,24.5,0.0
1940,2024-10-14,returned,in_store,210,Gabriel,Vargas,gabriel.vargas210@example.com,Rosario,Argentina,2024-06-14,6683,213,Ergonomic Office Chair,Furniture,110.0,219.0,1,219.0,20.0
1941,2026-01-06,completed,web,284,Catalina,Rodriguez,catalina.rodriguez284@example.com,Santiago,Chile,2025-08-29,6684,206,Bluetooth Portable Speaker,Electronics,25.0,59.99,2,59.99,10.0
1941,2026-01-06,completed,web,284,Catalina,Rodriguez,catalina.rodriguez284@example.com,Santiago,Chile,2025-08-29,6685,220,Footrest with Massage Texture,Furniture,16.0,36.0,3,36.0,5.0
1942,2026-02-08,completed,mobile_app,144,Agustina,Contreras,agustina.contreras144@example.com,Bogota,Colombia,2025-10-16,6686,216,Compact Bookcase 4-Tier,Furniture,40.0,89.5,1,89.5,15.0
1942,2026-02-08,completed,mobile_app,144,Agustina,Contreras,agustina.contreras144@example.com,Bogota,Colombia,2025-10-16,6687,214,Adjustable Standing Desk,Furniture,180.0,349.99,1,349.99,0.0
1943,2024-03-26,completed,web,212,Catalina,Rodriguez,catalina.rodriguez212@example.com,Mexico City,Mexico,2024-03-18,6688,218,Memory Foam Lumbar Pillow,Furniture,14.0,32.0,1,32.0,15.0
1943,2024-03-26,completed,web,212,Catalina,Rodriguez,catalina.rodriguez212@example.com,Mexico City,Mexico,2024-03-18,6689,215,Monitor Riser with Drawer,Furniture,22.0,49.99,1,49.99,0.0
1943,2024-03-26,completed,web,212,Catalina,Rodriguez,catalina.rodriguez212@example.com,Mexico City,Mexico,2024-03-18,6690,217,Desk Lamp with Wireless Charger,Furniture,20.0,45.0,2,45.0,15.0
1944,2025-08-21,completed,in_store,286,Julian,Romero,julian.romero286@example.com,Guadalajara,Mexico,2025-04-17,6691,215,Monitor Riser with Drawer,Furniture,22.0,49.99,2,49.99,20.0
1945,2025-10-04,returned,web,254,Lucas,Herrera,lucas.herrera254@example.com,Arequipa,Peru,2025-09-17,6692,225,Windbreaker Light Jacket,Apparel,28.0,65.0,1,65.0,20.0
1946,2025-11-04,completed,web,244,Nicolas,Mendoza,nicolas.mendoza244@example.com,Santiago,Chile,2025-07-15,6693,219,Under-Desk Cable Tray,Furniture,10.0,24.5,1,24.5,0.0
1947,2024-12-30,processing,mobile_app,123,Valentina,Ortega,valentina.ortega123@example.com,Santiago,Chile,2024-10-03,6694,208,High-Speed External SSD 1TB,Electronics,55.0,119.99,2,119.99,5.0
1947,2024-12-30,processing,mobile_app,123,Valentina,Ortega,valentina.ortega123@example.com,Santiago,Chile,2024-10-03,6695,224,Performance Athletic T-Shirt,Apparel,10.0,28.0,1,28.0,0.0
1947,2024-12-30,processing,mobile_app,123,Valentina,Ortega,valentina.ortega123@example.com,Santiago,Chile,2024-10-03,6696,209,True Wireless Earbuds Pro,Electronics,38.0,84.99,1,84.99,0.0
1948,2025-01-03,completed,web,252,Tomas,Herrera,tomas.herrera252@example.com,Bogota,Colombia,2024-08-18,6697,221,Organic Cotton Hoodie,Apparel,18.0,45.0,1,45.0,10.0
1948,2025-01-03,completed,web,252,Tomas,Herrera,tomas.herrera252@example.com,Bogota,Colombia,2024-08-18,6698,224,Performance Athletic T-Shirt,Apparel,10.0,28.0,1,28.0,0.0
1948,2025-01-03,completed,web,252,Tomas,Herrera,tomas.herrera252@example.com,Bogota,Colombia,2024-08-18,6699,209,True Wireless Earbuds Pro,Electronics,38.0,84.99,1,84.99,10.0
1948,2025-01-03,completed,web,252,Tomas,Herrera,tomas.herrera252@example.com,Bogota,Colombia,2024-08-18,6700,234,Silicone Keyring Organizer,Accessories,4.0,12.0,2,12.0,0.0
1949,2024-08-20,completed,web,181,Felipe,Acosta,felipe.acosta181@example.com,Guadalajara,Mexico,2024-07-13,6701,230,Polarized Sport Sunglasses,Accessories,15.0,39.99,1,39.99,0.0
1949,2024-08-20,completed,web,181,Felipe,Acosta,felipe.acosta181@example.com,Guadalajara,Mexico,2024-07-13,6702,210,Ergonomic Vertical Mouse,Electronics,20.0,49.99,1,49.99,20.0
1950,2024-08-21,completed,web,280,Esteban,Herrera,esteban.herrera280@example.com,Arequipa,Peru,2024-08-12,6703,208,High-Speed External SSD 1TB,Electronics,55.0,119.99,1,119.99,20.0
1951,2024-06-25,completed,mobile_app,281,Sebastian,Romero,sebastian.romero281@example.com,Arequipa,Peru,2024-01-30,6704,232,Laptop Sleeve Protective Case,Accessories,12.0,27.99,1,27.99,0.0
1951,2024-06-25,completed,mobile_app,281,Sebastian,Romero,sebastian.romero281@example.com,Arequipa,Peru,2024-01-30,6705,219,Under-Desk Cable Tray,Furniture,10.0,24.5,2,24.5,0.0
1951,2024-06-25,completed,mobile_app,281,Sebastian,Romero,sebastian.romero281@example.com,Arequipa,Peru,2024-01-30,6706,225,Windbreaker Light Jacket,Apparel,28.0,65.0,1,65.0,15.0
1952,2024-10-01,cancelled,in_store,154,Martin,Cabrera,martin.cabrera154@example.com,Valparaiso,Chile,2024-08-04,6707,212,Streaming Microphone Kit,Electronics,45.0,99.0,2,99.0,15.0
1953,2024-03-26,returned,web,201,Renata,Contreras,renata.contreras201@example.com,Sao Paulo,Brazil,2024-01-09,6708,226,Thermal Winter Beanie,Apparel,6.0,18.0,3,18.0,0.0
1953,2024-03-26,returned,web,201,Renata,Contreras,renata.contreras201@example.com,Sao Paulo,Brazil,2024-01-09,6709,222,Water-Resistant Backpack,Apparel,24.0,59.99,2,59.99,5.0
1953,2024-03-26,returned,web,201,Renata,Contreras,renata.contreras201@example.com,Sao Paulo,Brazil,2024-01-09,6710,228,Lightweight Travel Duffel Bag,Apparel,22.0,52.0,1,52.0,15.0
1953,2024-03-26,returned,web,201,Renata,Contreras,renata.contreras201@example.com,Sao Paulo,Brazil,2024-01-09,6711,231,Minimalist Leather Wallet,Accessories,14.0,34.5,1,34.5,15.0
1954,2024-08-16,completed,web,150,Isabella,Bravo,isabella.bravo150@example.com,Valencia,Spain,2024-03-28,6712,204,Ultra HD 27-inch Monitor,Electronics,160.0,289.0,2,289.0,15.0
1955,2025-05-21,returned,web,178,Esteban,Silva,esteban.silva178@example.com,Monterrey,Mexico,2025-01-23,6713,229,Stainless Steel Water Bottle,Accessories,6.5,19.99,1,19.99,0.0
1955,2025-05-21,returned,web,178,Esteban,Silva,esteban.silva178@example.com,Monterrey,Mexico,2025-01-23,6714,231,Minimalist Leather Wallet,Accessories,14.0,34.5,1,34.5,0.0
1956,2025-12-19,processing,mobile_app,292,Isabella,Contreras,isabella.contreras292@example.com,Valencia,Spain,2025-10-29,6715,207,USB-C Multiport Adapter Hub,Electronics,18.0,42.0,1,42.0,20.0
1957,2025-10-25,completed,in_store,138,Daniel,Alvarez,daniel.alvarez138@example.com,Rosario,Argentina,2025-07-20,6716,204,Ultra HD 27-inch Monitor,Electronics,160.0,289.0,3,289.0,0.0
1957,2025-10-25,completed,in_store,138,Daniel,Alvarez,daniel.alvarez138@example.com,Rosario,Argentina,2025-07-20,6717,207,USB-C Multiport Adapter Hub,Electronics,18.0,42.0,2,42.0,0.0
1957,2025-10-25,completed,in_store,138,Daniel,Alvarez,daniel.alvarez138@example.com,Rosario,Argentina,2025-07-20,6718,223,Breathable Running Shoes,Apparel,35.0,85.0,3,85.0,15.0
1958,2025-06-09,completed,mobile_app,187,Valeria,Gonzalez,valeria.gonzalez187@example.com,Cordoba,Argentina,2025-02-17,6719,216,Compact Bookcase 4-Tier,Furniture,40.0,89.5,1,89.5,5.0
1958,2025-06-09,completed,mobile_app,187,Valeria,Gonzalez,valeria.gonzalez187@example.com,Cordoba,Argentina,2025-02-17,6720,203,Mechanical RGB Keyboard,Electronics,40.0,79.5,1,79.5,15.0
1959,2024-03-11,returned,in_store,253,Renata,Castro,renata.castro253@example.com,Guadalajara,Mexico,2024-01-26,6721,206,Bluetooth Portable Speaker,Electronics,25.0,59.99,2,59.99,20.0
1960,2025-09-23,completed,mobile_app,267,Andres,Herrera,andres.herrera267@example.com,Rosario,Argentina,2025-06-17,6722,224,Performance Athletic T-Shirt,Apparel,10.0,28.0,1,28.0,0.0
1960,2025-09-23,completed,mobile_app,267,Andres,Herrera,andres.herrera267@example.com,Rosario,Argentina,2025-06-17,6723,201,Wireless Noise-Canceling Headphones,Electronics,65.0,129.99,1,129.99,5.0
1961,2024-10-20,completed,web,265,Elena,Blanco,elena.blanco265@example.com,Lima,Peru,2024-06-11,6724,231,Minimalist Leather Wallet,Accessories,14.0,34.5,1,34.5,0.0
1961,2024-10-20,completed,web,265,Elena,Blanco,elena.blanco265@example.com,Lima,Peru,2024-06-11,6725,218,Memory Foam Lumbar Pillow,Furniture,14.0,32.0,2,32.0,0.0
1962,2025-07-26,returned,in_store,199,Mariana,Mendoza,mariana.mendoza199@example.com,Monterrey,Mexico,2025-03-24,6726,209,True Wireless Earbuds Pro,Electronics,38.0,84.99,1,84.99,0.0
1963,2026-02-14,completed,mobile_app,283,Tomas,Ortega,tomas.ortega283@example.com,Guadalajara,Mexico,2025-09-29,6727,202,Smart Fitness Watch v2,Electronics,45.0,89.99,2,89.99,10.0
1963,2026-02-14,completed,mobile_app,283,Tomas,Ortega,tomas.ortega283@example.com,Guadalajara,Mexico,2025-09-29,6728,226,Thermal Winter Beanie,Apparel,6.0,18.0,1,18.0,0.0
1963,2026-02-14,completed,mobile_app,283,Tomas,Ortega,tomas.ortega283@example.com,Guadalajara,Mexico,2025-09-29,6729,235,UV Sanitizer Travel Case,Accessories,15.0,35.0,1,35.0,10.0
1964,2025-11-01,shipped,in_store,238,Elena,Gonzalez,elena.gonzalez238@example.com,Medellin,Colombia,2025-09-30,6730,208,High-Speed External SSD 1TB,Electronics,55.0,119.99,1,119.99,10.0
1965,2025-08-21,completed,mobile_app,278,Andres,Navarro,andres.navarro278@example.com,Valparaiso,Chile,2025-07-05,6731,221,Organic Cotton Hoodie,Apparel,18.0,45.0,1,45.0,0.0
1966,2025-07-30,returned,web,248,Daniel,Delgado,daniel.delgado248@example.com,Buenos Aires,Argentina,2025-06-07,6732,217,Desk Lamp with Wireless Charger,Furniture,20.0,45.0,2,45.0,0.0
1967,2024-10-09,completed,web,122,Julian,Morales,julian.morales122@example.com,Rio de Janeiro,Brazil,2024-09-07,6733,235,UV Sanitizer Travel Case,Accessories,15.0,35.0,1,35.0,15.0
1968,2024-12-11,completed,web,101,Julian,Torres,julian.torres101@example.com,Madrid,Spain,2024-10-08,6734,234,Silicone Keyring Organizer,Accessories,4.0,12.0,1,12.0,0.0
1968,2024-12-11,completed,web,101,Julian,Torres,julian.torres101@example.com,Madrid,Spain,2024-10-08,6735,219,Under-Desk Cable Tray,Furniture,10.0,24.5,1,24.5,0.0
1968,2024-12-11,completed,web,101,Julian,Torres,julian.torres101@example.com,Madrid,Spain,2024-10-08,6736,235,UV Sanitizer Travel Case,Accessories,15.0,35.0,1,35.0,10.0
1969,2024-12-13,completed,web,191,Martin,Fernandez,martin.fernandez191@example.com,Rosario,Argentina,2024-07-28,6737,203,Mechanical RGB Keyboard,Electronics,40.0,79.5,1,79.5,0.0
1969,2024-12-13,completed,web,191,Martin,Fernandez,martin.fernandez191@example.com,Rosario,Argentina,2024-07-28,6738,216,Compact Bookcase 4-Tier,Furniture,40.0,89.5,1,89.5,20.0
1970,2025-04-28,completed,mobile_app,156,Joaquin,Delgado,joaquin.delgado156@example.com,Cali,Colombia,2025-03-24,6739,223,Breathable Running Shoes,Apparel,35.0,85.0,1,85.0,15.0
1971,2025-08-07,completed,mobile_app,260,Isabella,Morales,isabella.morales260@example.com,Sao Paulo,Brazil,2025-04-20,6740,225,Windbreaker Light Jacket,Apparel,28.0,65.0,1,65.0,0.0
1972,2024-08-23,completed,web,203,Camila,Vargas,camila.vargas203@example.com,Rosario,Argentina,2024-04-28,6741,210,Ergonomic Vertical Mouse,Electronics,20.0,49.99,1,49.99,15.0
1972,2024-08-23,completed,web,203,Camila,Vargas,camila.vargas203@example.com,Rosario,Argentina,2024-04-28,6742,235,UV Sanitizer Travel Case,Accessories,15.0,35.0,1,35.0,15.0
1973,2025-10-29,processing,web,279,Victoria,Flores,victoria.flores279@example.com,Rio de Janeiro,Brazil,2025-09-09,6743,233,Universal Travel Power Adapter,Accessories,9.0,22.5,1,22.5,0.0
1973,2025-10-29,processing,web,279,Victoria,Flores,victoria.flores279@example.com,Rio de Janeiro,Brazil,2025-09-09,6744,211,Smart Home Security Camera,Electronics,35.0,74.99,1,74.99,20.0
1974,2024-06-24,completed,mobile_app,212,Catalina,Rodriguez,catalina.rodriguez212@example.com,Mexico City,Mexico,2024-03-18,6745,218,Memory Foam Lumbar Pillow,Furniture,14.0,32.0,1,32.0,0.0
1975,2025-06-14,completed,web,276,Felipe,Rodriguez,felipe.rodriguez276@example.com,Montevideo,Uruguay,2025-01-24,6746,206,Bluetooth Portable Speaker,Electronics,25.0,59.99,1,59.99,0.0
1976,2026-02-02,completed,web,300,Clara,Mendoza,clara.mendoza300@example.com,Montevideo,Uruguay,2025-11-24,6747,207,USB-C Multiport Adapter Hub,Electronics,18.0,42.0,1,42.0,0.0
1977,2024-10-25,completed,web,197,Catalina,Castro,catalina.castro197@example.com,Sao Paulo,Brazil,2024-09-28,6748,220,Footrest with Massage Texture,Furniture,16.0,36.0,1,36.0,0.0
1977,2024-10-25,completed,web,197,Catalina,Castro,catalina.castro197@example.com,Sao Paulo,Brazil,2024-09-28,6749,232,Laptop Sleeve Protective Case,Accessories,12.0,27.99,1,27.99,0.0
1978,2024-08-07,completed,mobile_app,173,Sebastian,Ortega,sebastian.ortega173@example.com,Cordoba,Argentina,2024-03-18,6750,204,Ultra HD 27-inch Monitor,Electronics,160.0,289.0,1,289.0,20.0
1979,2025-11-04,completed,in_store,200,Tomas,Blanco,tomas.blanco200@example.com,Bogota,Colombia,2025-09-18,6751,235,UV Sanitizer Travel Case,Accessories,15.0,35.0,1,35.0,0.0
1979,2025-11-04,completed,in_store,200,Tomas,Blanco,tomas.blanco200@example.com,Bogota,Colombia,2025-09-18,6752,226,Thermal Winter Beanie,Apparel,6.0,18.0,1,18.0,0.0
1980,2025-06-05,processing,web,276,Felipe,Rodriguez,felipe.rodriguez276@example.com,Montevideo,Uruguay,2025-01-24,6753,210,Ergonomic Vertical Mouse,Electronics,20.0,49.99,1,49.99,0.0
1980,2025-06-05,processing,web,276,Felipe,Rodriguez,felipe.rodriguez276@example.com,Montevideo,Uruguay,2025-01-24,6754,225,Windbreaker Light Jacket,Apparel,28.0,65.0,1,65.0,15.0
1981,2025-09-03,processing,in_store,264,Andres,Ortega,andres.ortega264@example.com,San Jose,Costa Rica,2025-05-31,6755,227,Compression Sport Socks 3-Pack,Apparel,5.0,15.0,1,15.0,0.0
1982,2025-03-20,completed,mobile_app,147,Clara,Rodriguez,clara.rodriguez147@example.com,San Jose,Costa Rica,2024-11-27,6756,218,Memory Foam Lumbar Pillow,Furniture,14.0,32.0,1,32.0,15.0
1982,2025-03-20,completed,mobile_app,147,Clara,Rodriguez,clara.rodriguez147@example.com,San Jose,Costa Rica,2024-11-27,6757,228,Lightweight Travel Duffel Bag,Apparel,22.0,52.0,2,52.0,20.0
1983,2024-11-10,returned,web,159,Sofia,Bravo,sofia.bravo159@example.com,Rio de Janeiro,Brazil,2024-08-23,6758,227,Compression Sport Socks 3-Pack,Apparel,5.0,15.0,1,15.0,0.0
1983,2024-11-10,returned,web,159,Sofia,Bravo,sofia.bravo159@example.com,Rio de Janeiro,Brazil,2024-08-23,6759,221,Organic Cotton Hoodie,Apparel,18.0,45.0,1,45.0,0.0
1983,2024-11-10,returned,web,159,Sofia,Bravo,sofia.bravo159@example.com,Rio de Janeiro,Brazil,2024-08-23,6760,206,Bluetooth Portable Speaker,Electronics,25.0,59.99,2,59.99,0.0
1984,2025-06-22,completed,in_store,248,Daniel,Delgado,daniel.delgado248@example.com,Buenos Aires,Argentina,2025-06-07,6761,232,Laptop Sleeve Protective Case,Accessories,12.0,27.99,2,27.99,0.0
1985,2024-07-17,cancelled,mobile_app,103,Emilia,Flores,emilia.flores103@example.com,Rio de Janeiro,Brazil,2024-03-30,6762,209,True Wireless Earbuds Pro,Electronics,38.0,84.99,1,84.99,15.0
1985,2024-07-17,cancelled,mobile_app,103,Emilia,Flores,emilia.flores103@example.com,Rio de Janeiro,Brazil,2024-03-30,6763,231,Minimalist Leather Wallet,Accessories,14.0,34.5,2,34.5,15.0
1985,2024-07-17,cancelled,mobile_app,103,Emilia,Flores,emilia.flores103@example.com,Rio de Janeiro,Brazil,2024-03-30,6764,232,Laptop Sleeve Protective Case,Accessories,12.0,27.99,1,27.99,0.0
1986,2024-03-20,processing,web,104,Nicolas,Romero,nicolas.romero104@example.com,Barcelona,Spain,2024-01-31,6765,235,UV Sanitizer Travel Case,Accessories,15.0,35.0,1,35.0,15.0
1986,2024-03-20,processing,web,104,Nicolas,Romero,nicolas.romero104@example.com,Barcelona,Spain,2024-01-31,6766,223,Breathable Running Shoes,Apparel,35.0,85.0,1,85.0,20.0
1987,2024-01-13,completed,mobile_app,236,Lucas,Espinoza,lucas.espinoza236@example.com,Valparaiso,Chile,2024-01-02,6767,234,Silicone Keyring Organizer,Accessories,4.0,12.0,1,12.0,0.0
1987,2024-01-13,completed,mobile_app,236,Lucas,Espinoza,lucas.espinoza236@example.com,Valparaiso,Chile,2024-01-02,6768,215,Monitor Riser with Drawer,Furniture,22.0,49.99,1,49.99,0.0
1987,2024-01-13,completed,mobile_app,236,Lucas,Espinoza,lucas.espinoza236@example.com,Valparaiso,Chile,2024-01-02,6769,212,Streaming Microphone Kit,Electronics,45.0,99.0,3,99.0,5.0
1987,2024-01-13,completed,mobile_app,236,Lucas,Espinoza,lucas.espinoza236@example.com,Valparaiso,Chile,2024-01-02,6770,205,Fast Wireless Charging Pad,Electronics,12.0,29.99,1,29.99,0.0
1988,2026-01-20,completed,web,144,Agustina,Contreras,agustina.contreras144@example.com,Bogota,Colombia,2025-10-16,6771,216,Compact Bookcase 4-Tier,Furniture,40.0,89.5,1,89.5,5.0
1988,2026-01-20,completed,web,144,Agustina,Contreras,agustina.contreras144@example.com,Bogota,Colombia,2025-10-16,6772,235,UV Sanitizer Travel Case,Accessories,15.0,35.0,1,35.0,0.0
1988,2026-01-20,completed,web,144,Agustina,Contreras,agustina.contreras144@example.com,Bogota,Colombia,2025-10-16,6773,208,High-Speed External SSD 1TB,Electronics,55.0,119.99,1,119.99,15.0
1989,2025-12-23,completed,web,246,Diego,Romero,diego.romero246@example.com,Montevideo,Uruguay,2025-09-13,6774,233,Universal Travel Power Adapter,Accessories,9.0,22.5,2,22.5,0.0
1989,2025-12-23,completed,web,246,Diego,Romero,diego.romero246@example.com,Montevideo,Uruguay,2025-09-13,6775,203,Mechanical RGB Keyboard,Electronics,40.0,79.5,2,79.5,0.0
1989,2025-12-23,completed,web,246,Diego,Romero,diego.romero246@example.com,Montevideo,Uruguay,2025-09-13,6776,230,Polarized Sport Sunglasses,Accessories,15.0,39.99,1,39.99,10.0
1990,2025-05-16,completed,web,218,Camila,Perez,camila.perez218@example.com,Rio de Janeiro,Brazil,2025-02-20,6777,223,Breathable Running Shoes,Apparel,35.0,85.0,2,85.0,0.0
1991,2024-07-28,completed,web,203,Camila,Vargas,camila.vargas203@example.com,Rosario,Argentina,2024-04-28,6778,213,Ergonomic Office Chair,Furniture,110.0,219.0,1,219.0,10.0
1992,2026-02-01,completed,mobile_app,140,Esteban,Blanco,esteban.blanco140@example.com,Rosario,Argentina,2025-10-18,6779,217,Desk Lamp with Wireless Charger,Furniture,20.0,45.0,1,45.0,5.0
1993,2024-06-01,completed,mobile_app,196,Valeria,Bravo,valeria.bravo196@example.com,Mexico City,Mexico,2024-03-16,6780,235,UV Sanitizer Travel Case,Accessories,15.0,35.0,3,35.0,15.0
1993,2024-06-01,completed,mobile_app,196,Valeria,Bravo,valeria.bravo196@example.com,Mexico City,Mexico,2024-03-16,6781,218,Memory Foam Lumbar Pillow,Furniture,14.0,32.0,2,32.0,0.0
1993,2024-06-01,completed,mobile_app,196,Valeria,Bravo,valeria.bravo196@example.com,Mexico City,Mexico,2024-03-16,6782,207,USB-C Multiport Adapter Hub,Electronics,18.0,42.0,1,42.0,15.0
1994,2024-03-20,completed,in_store,212,Catalina,Rodriguez,catalina.rodriguez212@example.com,Mexico City,Mexico,2024-03-18,6783,213,Ergonomic Office Chair,Furniture,110.0,219.0,1,219.0,0.0
1995,2026-02-26,processing,web,202,Emilia,Blanco,emilia.blanco202@example.com,Bogota,Colombia,2025-11-10,6784,211,Smart Home Security Camera,Electronics,35.0,74.99,3,74.99,0.0
1995,2026-02-26,processing,web,202,Emilia,Blanco,emilia.blanco202@example.com,Bogota,Colombia,2025-11-10,6785,213,Ergonomic Office Chair,Furniture,110.0,219.0,1,219.0,5.0
1995,2026-02-26,processing,web,202,Emilia,Blanco,emilia.blanco202@example.com,Bogota,Colombia,2025-11-10,6786,231,Minimalist Leather Wallet,Accessories,14.0,34.5,1,34.5,20.0
1996,2025-09-23,completed,in_store,275,Diego,Romero,diego.romero275@example.com,Santiago,Chile,2025-08-21,6787,226,Thermal Winter Beanie,Apparel,6.0,18.0,1,18.0,0.0
1996,2025-09-23,completed,in_store,275,Diego,Romero,diego.romero275@example.com,Santiago,Chile,2025-08-21,6788,233,Universal Travel Power Adapter,Accessories,9.0,22.5,1,22.5,0.0
1997,2025-10-22,completed,web,200,Tomas,Blanco,tomas.blanco200@example.com,Bogota,Colombia,2025-09-18,6789,209,True Wireless Earbuds Pro,Electronics,38.0,84.99,1,84.99,0.0
1997,2025-10-22,completed,web,200,Tomas,Blanco,tomas.blanco200@example.com,Bogota,Colombia,2025-09-18,6790,210,Ergonomic Vertical Mouse,Electronics,20.0,49.99,2,49.99,0.0
1998,2024-06-17,completed,mobile_app,114,Catalina,Torres,catalina.torres114@example.com,Santiago,Chile,2024-03-21,6791,228,Lightweight Travel Duffel Bag,Apparel,22.0,52.0,1,52.0,5.0
1998,2024-06-17,completed,mobile_app,114,Catalina,Torres,catalina.torres114@example.com,Santiago,Chile,2024-03-21,6792,231,Minimalist Leather Wallet,Accessories,14.0,34.5,1,34.5,5.0
1999,2024-06-24,processing,mobile_app,164,Paula,Castro,paula.castro164@example.com,Rio de Janeiro,Brazil,2024-05-15,6793,218,Memory Foam Lumbar Pillow,Furniture,14.0,32.0,2,32.0,20.0
2000,2024-04-29,cancelled,mobile_app,168,Elena,Romero,elena.romero168@example.com,Lima,Peru,2024-02-25,6794,207,USB-C Multiport Adapter Hub,Electronics,18.0,42.0,1,42.0,10.0
